BaseTemp,MaskThreshold,SSP,Year,Region,ExposedPopulation,weighted_cdd,warming_level,RegionalPop
cdd_18p3,mask_50,pop_SSP1,2040,1,39505796.0,258.5084890239383,1.693643,41337404.0
cdd_18p3,mask_50,pop_SSP1,2040,2,365603330.0,957.8989449107795,1.693643,367037060.0
cdd_18p3,mask_50,pop_SSP1,2040,3,120391140.0,1184.4434187899565,1.693643,138872290.0
cdd_18p3,mask_50,pop_SSP1,2040,4,104956100.0,1626.8990495108237,1.693643,105208740.0
cdd_18p3,mask_50,pop_SSP1,2040,5,223861490.0,2178.4212278219284,1.693643,224225860.0
cdd_18p3,mask_50,pop_SSP1,2040,6,192231710.0,1253.815518879835,1.693643,242465470.0
cdd_18p3,mask_50,pop_SSP1,2040,7,258728100.0,1554.501774964426,1.693643,258731170.0
cdd_18p3,mask_50,pop_SSP1,2040,8,848873860.0,3115.601751674499,1.693643,848988800.0
cdd_18p3,mask_50,pop_SSP1,2040,9,484018270.0,1819.8296328263855,1.693643,504946800.0
cdd_18p3,mask_50,pop_SSP1,2040,10,67584720.0,893.3615103286159,1.693643,67584720.0
cdd_18p3,mask_50,pop_SSP1,2040,11,383349250.0,266.4350663007431,1.693643,431206400.0
cdd_18p3,mask_50,pop_SSP1,2040,12,111304960.0,344.40814465726305,1.693643,111707960.0
cdd_18p3,mask_50,pop_SSP1,2040,13,94727340.0,672.5166128505679,1.693643,94843990.0
cdd_18p3,mask_50,pop_SSP1,2040,14,48400084.0,398.06262966639946,1.693643,48440990.0
cdd_18p3,mask_50,pop_SSP1,2040,15,90948216.0,957.1684979199122,1.693643,92945240.0
cdd_18p3,mask_50,pop_SSP1,2040,16,154154670.0,374.0730658076767,1.693643,156855440.0
cdd_18p3,mask_50,pop_SSP1,2040,17,341798820.0,1874.2017360440839,1.693643,342136600.0
cdd_18p3,mask_50,pop_SSP1,2040,18,1559885400.0,2903.4402725320842,1.693643,1563959600.0
cdd_18p3,mask_50,pop_SSP1,2040,19,76079064.0,630.0734978589335,1.693643,76428100.0
cdd_18p3,mask_50,pop_SSP1,2040,20,1399632100.0,1135.4159263454742,1.693643,1414905100.0
cdd_18p3,mask_50,pop_SSP1,2040,21,443253820.0,2859.783027594782,1.693643,445849020.0
cdd_18p3,mask_50,pop_SSP1,2040,22,311212100.0,2578.974224402152,1.693643,312030500.0
cdd_18p3,mask_50,pop_SSP1,2040,23,113280030.0,791.6325455884988,1.693643,113431120.0
cdd_18p3,mask_50,pop_SSP1,2040,24,37170504.0,607.405220126244,1.693643,38909136.0
cdd_18p3,mask_50,pop_SSP1,2040,25,598365800.0,2450.084124758127,1.693643,606828100.0
cdd_18p3,mask_50,pop_SSP1,2040,26,279975040.0,1792.0081708577093,1.693643,281171600.0
cdd_18p3,mask_50,pop_SSP1,2050,1,41768350.0,294.0706002225668,1.980731,42730160.0
cdd_18p3,mask_50,pop_SSP1,2050,2,377716830.0,1014.9657130673824,1.980731,379067230.0
cdd_18p3,mask_50,pop_SSP1,2050,3,123911176.0,1248.4501021820015,1.980731,141275540.0
cdd_18p3,mask_50,pop_SSP1,2050,4,106474130.0,1696.747089556009,1.980731,106730440.0
cdd_18p3,mask_50,pop_SSP1,2050,5,221647170.0,2274.210675901001,1.980731,222007940.0
cdd_18p3,mask_50,pop_SSP1,2050,6,196035740.0,1313.7249264007335,1.980731,245458220.0
cdd_18p3,mask_50,pop_SSP1,2050,7,276051260.0,1625.1888030700961,1.980731,276054530.0
cdd_18p3,mask_50,pop_SSP1,2050,8,981647940.0,3212.206709713402,1.980731,981780860.0
cdd_18p3,mask_50,pop_SSP1,2050,9,546067300.0,1911.7740862230821,1.980731,567637300.0
cdd_18p3,mask_50,pop_SSP1,2050,10,69499650.0,968.1850550165505,1.980731,69499650.0
cdd_18p3,mask_50,pop_SSP1,2050,11,399087740.0,294.44184146446906,1.980731,436203360.0
cdd_18p3,mask_50,pop_SSP1,2050,12,106735510.0,383.2403942313741,1.980731,107122160.0
cdd_18p3,mask_50,pop_SSP1,2050,13,96877710.0,722.2950232772545,1.980731,96936720.0
cdd_18p3,mask_50,pop_SSP1,2050,14,46647932.0,438.62276189122326,1.980731,46647932.0
cdd_18p3,mask_50,pop_SSP1,2050,15,96415290.0,1015.8433686317347,1.980731,98202280.0
cdd_18p3,mask_50,pop_SSP1,2050,16,152977820.0,410.3835771802766,1.980731,155298020.0
cdd_18p3,mask_50,pop_SSP1,2050,17,365334800.0,1958.0241494338027,1.980731,365695940.0
cdd_18p3,mask_50,pop_SSP1,2050,18,1569357300.0,2997.2143530159615,1.980731,1573453300.0
cdd_18p3,mask_50,pop_SSP1,2050,19,73179530.0,672.8893109590899,1.980731,73376910.0
cdd_18p3,mask_50,pop_SSP1,2050,20,1338590800.0,1194.505859019213,1.980731,1352791300.0
cdd_18p3,mask_50,pop_SSP1,2050,21,447674000.0,2944.1197784442193,1.980731,450295300.0
cdd_18p3,mask_50,pop_SSP1,2050,22,313463700.0,2647.7173224240255,1.980731,314288030.0
cdd_18p3,mask_50,pop_SSP1,2050,23,107301490.0,833.1384801913014,1.980731,107435820.0
cdd_18p3,mask_50,pop_SSP1,2050,24,39754290.0,644.015990017217,1.980731,40958290.0
cdd_18p3,mask_50,pop_SSP1,2050,25,641313300.0,2539.2692083088828,1.980731,647567100.0
cdd_18p3,mask_50,pop_SSP1,2050,26,320812580.0,1889.0072414624417,1.980731,322151000.0
cdd_18p3,mask_50,pop_SSP1,2060,1,43199028.0,333.9878198000651,2.268381,43724424.0
cdd_18p3,mask_50,pop_SSP1,2060,2,385549980.0,1077.1593569986053,2.268381,386854980.0
cdd_18p3,mask_50,pop_SSP1,2060,3,123270104.0,1328.0411095718453,2.268381,140542530.0
cdd_18p3,mask_50,pop_SSP1,2060,4,105341540.0,1775.7369003227757,2.268381,105595120.0
cdd_18p3,mask_50,pop_SSP1,2060,5,214815650.0,2380.032317479414,2.268381,215165280.0
cdd_18p3,mask_50,pop_SSP1,2060,6,197511090.0,1378.4262457425746,2.268381,243065360.0
cdd_18p3,mask_50,pop_SSP1,2060,7,285473000.0,1705.4708425358392,2.268381,285476380.0
cdd_18p3,mask_50,pop_SSP1,2060,8,1090648600.0,3323.291846967526,2.268381,1090710100.0
cdd_18p3,mask_50,pop_SSP1,2060,9,595846700.0,2013.876947277,2.268381,614193150.0
cdd_18p3,mask_50,pop_SSP1,2060,10,69521660.0,1044.6144870661842,2.268381,69521660.0
cdd_18p3,mask_50,pop_SSP1,2060,11,402970080.0,324.5679599387131,2.268381,437019330.0
cdd_18p3,mask_50,pop_SSP1,2060,12,102306910.0,428.9034780186867,2.268381,102368690.0
cdd_18p3,mask_50,pop_SSP1,2060,13,96691990.0,782.436191875285,2.268381,96692240.0
cdd_18p3,mask_50,pop_SSP1,2060,14,44486428.0,490.9258342128305,2.268381,44486428.0
cdd_18p3,mask_50,pop_SSP1,2060,15,98563610.0,1082.4065069003693,2.268381,100182490.0
cdd_18p3,mask_50,pop_SSP1,2060,16,150852540.0,455.4041536217947,2.268381,152653250.0
cdd_18p3,mask_50,pop_SSP1,2060,17,378872700.0,2050.3815068486892,2.268381,379247300.0
cdd_18p3,mask_50,pop_SSP1,2060,18,1541960200.0,3109.4077451698704,2.268381,1545084400.0
cdd_18p3,mask_50,pop_SSP1,2060,19,68524136.0,719.6198582086049,2.268381,68708940.0
cdd_18p3,mask_50,pop_SSP1,2060,20,1245579000.0,1259.423816783191,2.268381,1258049700.0
cdd_18p3,mask_50,pop_SSP1,2060,21,441429700.0,3036.95719253654,2.268381,444014660.0
cdd_18p3,mask_50,pop_SSP1,2060,22,308284100.0,2723.793872489056,2.268381,309094800.0
cdd_18p3,mask_50,pop_SSP1,2060,23,101667576.0,879.9808048769817,2.268381,101781510.0
cdd_18p3,mask_50,pop_SSP1,2060,24,41507850.0,688.0781207425299,2.268381,42555550.0
cdd_18p3,mask_50,pop_SSP1,2060,25,665824960.0,2642.528316032549,2.268381,671092740.0
cdd_18p3,mask_50,pop_SSP1,2060,26,352851970.0,1994.7927379729335,2.268381,354106900.0
cdd_18p3,mask_50,pop_SSP1,2070,1,43932188.0,374.18796534469556,2.554702,44364012.0
cdd_18p3,mask_50,pop_SSP1,2070,2,390864320.0,1138.9718140219704,2.554702,392172800.0
cdd_18p3,mask_50,pop_SSP1,2070,3,131461400.0,1408.7913568607732,2.554702,137426370.0
cdd_18p3,mask_50,pop_SSP1,2070,4,102305450.0,1854.3463409923904,2.554702,102546620.0
cdd_18p3,mask_50,pop_SSP1,2070,5,204026980.0,2485.5444580761327,2.554702,204359040.0
cdd_18p3,mask_50,pop_SSP1,2070,6,194134980.0,1443.6142195476723,2.554702,236221260.0
cdd_18p3,mask_50,pop_SSP1,2070,7,287184900.0,1785.6492265353963,2.554702,287188320.0
cdd_18p3,mask_50,pop_SSP1,2070,8,1171648000.0,3434.0280262514666,2.554702,1171714300.0
cdd_18p3,mask_50,pop_SSP1,2070,9,626907650.0,2115.11483814041,2.554702,642925440.0
cdd_18p3,mask_50,pop_SSP1,2070,10,67755464.0,1122.3870764045937,2.554702,67755464.0
cdd_18p3,mask_50,pop_SSP1,2070,11,406018370.0,355.16972989916644,2.554702,433117380.0
cdd_18p3,mask_50,pop_SSP1,2070,12,96875944.0,475.4072918546668,2.554702,96934740.0
cdd_18p3,mask_50,pop_SSP1,2070,13,94465840.0,843.1717077968257,2.554702,94466090.0
cdd_18p3,mask_50,pop_SSP1,2070,14,42106644.0,543.1594516219823,2.554702,42106644.0
cdd_18p3,mask_50,pop_SSP1,2070,15,98455970.0,1148.7364136479177,2.554702,99628890.0
cdd_18p3,mask_50,pop_SSP1,2070,16,147021660.0,499.66394835839,2.554702,148472910.0
cdd_18p3,mask_50,pop_SSP1,2070,17,381678240.0,2142.7247820955654,2.554702,382055680.0
cdd_18p3,mask_50,pop_SSP1,2070,18,1481813100.0,3220.9629587375157,2.554702,1484759600.0
cdd_18p3,mask_50,pop_SSP1,2070,19,62699076.0,765.6945987768187,2.554702,62868164.0
cdd_18p3,mask_50,pop_SSP1,2070,20,1136991500.0,1323.1384360327459,2.554702,1147859800.0
cdd_18p3,mask_50,pop_SSP1,2070,21,426393800.0,3128.6870831502783,2.554702,428890880.0
cdd_18p3,mask_50,pop_SSP1,2070,22,296577760.0,2799.288754885504,2.554702,297357660.0
cdd_18p3,mask_50,pop_SSP1,2070,23,95356136.0,926.8276389998156,2.554702,95463000.0
cdd_18p3,mask_50,pop_SSP1,2070,24,42800420.0,733.2535598481569,2.554702,43537636.0
cdd_18p3,mask_50,pop_SSP1,2070,25,672718200.0,2745.181550000652,2.554702,677983000.0
cdd_18p3,mask_50,pop_SSP1,2070,26,374533500.0,2100.42865701021,2.554702,375558880.0
cdd_18p3,mask_50,pop_SSP1,2080,1,44285744.0,415.7695424282354,2.845921,44620250.0
cdd_18p3,mask_50,pop_SSP1,2080,2,393914500.0,1199.8939997424982,2.845921,395203330.0
cdd_18p3,mask_50,pop_SSP1,2080,3,132714260.0,1492.7411435948204,2.845921,132715140.0
cdd_18p3,mask_50,pop_SSP1,2080,4,97869500.0,1931.4625853027032,2.845921,98098780.0
cdd_18p3,mask_50,pop_SSP1,2080,5,190463550.0,2590.6042903751522,2.845921,190773550.0
cdd_18p3,mask_50,pop_SSP1,2080,6,199555650.0,1511.8618396323936,2.845921,226005010.0
cdd_18p3,mask_50,pop_SSP1,2080,7,283654700.0,1865.4396822136616,2.845921,283658080.0
cdd_18p3,mask_50,pop_SSP1,2080,8,1224136200.0,3542.967578203882,2.845921,1224136200.0
cdd_18p3,mask_50,pop_SSP1,2080,9,644640260.0,2213.319946036242,2.845921,654119700.0
cdd_18p3,mask_50,pop_SSP1,2080,10,64471650.0,1208.346158160633,2.845921,64471650.0
cdd_18p3,mask_50,pop_SSP1,2080,11,402213630.0,388.3074753436685,2.845921,426984860.0
cdd_18p3,mask_50,pop_SSP1,2080,12,91119360.0,525.1569586681112,2.845921,91174940.0
cdd_18p3,mask_50,pop_SSP1,2080,13,90920860.0,905.5430883474844,2.845921,90921100.0
cdd_18p3,mask_50,pop_SSP1,2080,14,39598330.0,593.4384461476401,2.845921,39598330.0
cdd_18p3,mask_50,pop_SSP1,2080,15,96607740.0,1214.128539337107,2.845921,97576300.0
cdd_18p3,mask_50,pop_SSP1,2080,16,142255900.0,539.6414066874127,2.845921,143305800.0
cdd_18p3,mask_50,pop_SSP1,2080,17,375913150.0,2235.8484337704376,2.845921,376284930.0
cdd_18p3,mask_50,pop_SSP1,2080,18,1394297600.0,3328.2979683209883,2.845921,1396979000.0
cdd_18p3,mask_50,pop_SSP1,2080,19,57025340.0,809.4839669105992,2.845921,57179110.0
cdd_18p3,mask_50,pop_SSP1,2080,20,1030573100.0,1382.2942510442972,2.845921,1038973760.0
cdd_18p3,mask_50,pop_SSP1,2080,21,405191500.0,3216.498223522069,2.845921,407564600.0
cdd_18p3,mask_50,pop_SSP1,2080,22,280793100.0,2872.8681706797033,2.845921,281531460.0
cdd_18p3,mask_50,pop_SSP1,2080,23,87765530.0,973.8099296791903,2.845921,87863890.0
cdd_18p3,mask_50,pop_SSP1,2080,24,43202110.0,782.6018455483834,2.845921,43898824.0
cdd_18p3,mask_50,pop_SSP1,2080,25,665402900.0,2844.758259057025,2.845921,669882750.0
cdd_18p3,mask_50,pop_SSP1,2080,26,385977380.0,2206.6865424896814,2.845921,386785280.0
cdd_18p3,mask_50,pop_SSP1,2090,1,43530816.0,467.0434202938572,3.137292,43763460.0
cdd_18p3,mask_50,pop_SSP1,2090,2,391947140.0,1261.9409878046088,3.137292,392706430.0
cdd_18p3,mask_50,pop_SSP1,2090,3,126606000.0,1562.1367763710412,3.137292,126606850.0
cdd_18p3,mask_50,pop_SSP1,2090,4,92193940.0,1998.3028234135109,3.137292,92409900.0
cdd_18p3,mask_50,pop_SSP1,2090,5,175490240.0,2682.5839220568623,3.137292,175775840.0
cdd_18p3,mask_50,pop_SSP1,2090,6,189210200.0,1571.7701080481456,3.137292,212886300.0
cdd_18p3,mask_50,pop_SSP1,2090,7,276510560.0,1936.3277522243718,3.137292,276513900.0
cdd_18p3,mask_50,pop_SSP1,2090,8,1243985900.0,3631.5807881597243,3.137292,1243985900.0
cdd_18p3,mask_50,pop_SSP1,2090,9,641760400.0,2299.5532690097566,3.137292,648780400.0
cdd_18p3,mask_50,pop_SSP1,2090,10,60033336.0,1282.475079027884,3.137292,60033336.0
cdd_18p3,mask_50,pop_SSP1,2090,11,393520450.0,424.5447791964287,3.137292,413250300.0
cdd_18p3,mask_50,pop_SSP1,2090,12,85501380.0,578.5698779242218,3.137292,85553730.0
cdd_18p3,mask_50,pop_SSP1,2090,13,86464890.0,955.5131514479469,3.137292,86465120.0
cdd_18p3,mask_50,pop_SSP1,2090,14,37064172.0,649.1641598664379,3.137292,37064172.0
cdd_18p3,mask_50,pop_SSP1,2090,15,93554040.0,1278.9319288004338,3.137292,94346904.0
cdd_18p3,mask_50,pop_SSP1,2090,16,136812930.0,585.363252282964,3.137292,137513820.0
cdd_18p3,mask_50,pop_SSP1,2090,17,363947780.0,2318.6999230707534,3.137292,364307700.0
cdd_18p3,mask_50,pop_SSP1,2090,18,1285979600.0,3432.1169660597525,3.137292,1287154300.0
cdd_18p3,mask_50,pop_SSP1,2090,19,51639748.0,855.1710780292958,3.137292,51643520.0
cdd_18p3,mask_50,pop_SSP1,2090,20,923277800.0,1450.3271707767462,3.137292,929867260.0
cdd_18p3,mask_50,pop_SSP1,2090,21,379109200.0,3300.786004385968,3.137292,381329660.0
cdd_18p3,mask_50,pop_SSP1,2090,22,262458750.0,2938.1669864189853,3.137292,263148960.0
cdd_18p3,mask_50,pop_SSP1,2090,23,79935180.0,1020.8469186939402,3.137292,80022490.0
cdd_18p3,mask_50,pop_SSP1,2090,24,42506340.0,825.2588497067293,3.137292,43116236.0
cdd_18p3,mask_50,pop_SSP1,2090,25,645605100.0,2942.7864415234644,3.137292,648921200.0
cdd_18p3,mask_50,pop_SSP1,2090,26,386386780.0,2292.485904714181,3.137292,387177100.0
cdd_18p3,mask_50,pop_SSP1,2100,1,41160910.0,527.8174430418753,3.422318,41334500.0
cdd_18p3,mask_50,pop_SSP1,2100,2,381834880.0,1323.836754798021,3.422318,382343550.0
cdd_18p3,mask_50,pop_SSP1,2100,3,118473900.0,1613.9950870821115,3.422318,118474700.0
cdd_18p3,mask_50,pop_SSP1,2100,4,85404100.0,2052.361995107159,3.422318,85604180.0
cdd_18p3,mask_50,pop_SSP1,2100,5,159189730.0,2758.140493113648,3.422318,159448770.0
cdd_18p3,mask_50,pop_SSP1,2100,6,175919000.0,1621.1794686098533,3.422318,196914220.0
cdd_18p3,mask_50,pop_SSP1,2100,7,266229020.0,1995.85308269576,3.422318,266232200.0
cdd_18p3,mask_50,pop_SSP1,2100,8,1230346500.0,3695.8869679848567,3.422318,1230346500.0
cdd_18p3,mask_50,pop_SSP1,2100,9,624537700.0,2370.7094484426852,3.422318,629134000.0
cdd_18p3,mask_50,pop_SSP1,2100,10,55014532.0,1341.9529428156213,3.422318,55014532.0
cdd_18p3,mask_50,pop_SSP1,2100,11,377258980.0,463.37677650023056,3.422318,389888200.0
cdd_18p3,mask_50,pop_SSP1,2100,12,80111870.0,634.8127915240947,3.422318,80128870.0
cdd_18p3,mask_50,pop_SSP1,2100,13,81468990.0,990.7447307444464,3.422318,81469210.0
cdd_18p3,mask_50,pop_SSP1,2100,14,34660790.0,709.6271494409966,3.422318,34660790.0
cdd_18p3,mask_50,pop_SSP1,2100,15,89874910.0,1341.6403319110238,3.422318,90474380.0
cdd_18p3,mask_50,pop_SSP1,2100,16,131166120.0,636.3729143350796,3.422318,131682300.0
cdd_18p3,mask_50,pop_SSP1,2100,17,347037400.0,2388.4167266877753,3.422318,347380600.0
cdd_18p3,mask_50,pop_SSP1,2100,18,1163626000.0,3529.7536654477904,3.422318,1164688100.0
cdd_18p3,mask_50,pop_SSP1,2100,19,45885940.0,901.9216038175684,3.422318,45889290.0
cdd_18p3,mask_50,pop_SSP1,2100,20,825490000.0,1526.590264954868,3.422318,831249700.0
cdd_18p3,mask_50,pop_SSP1,2100,21,349473470.0,3379.3199265364815,3.422318,351520450.0
cdd_18p3,mask_50,pop_SSP1,2100,22,241789950.0,2992.9109521169976,3.422318,242425780.0
cdd_18p3,mask_50,pop_SSP1,2100,23,71897550.0,1066.892741717217,3.422318,71976080.0
cdd_18p3,mask_50,pop_SSP1,2100,24,40554720.0,859.6127513780025,3.422318,41043690.0
cdd_18p3,mask_50,pop_SSP1,2100,25,615777540.0,3036.922844781856,3.422318,618490500.0
cdd_18p3,mask_50,pop_SSP1,2100,26,377543360.0,2353.895935807865,3.422318,378042140.0
cdd_18p3,mask_50,pop_SSP2,2040,1,39408684.0,258.5195229454601,1.693643,41235690.0
cdd_18p3,mask_50,pop_SSP2,2040,2,365944740.0,958.5406143207512,1.693643,367379520.0
cdd_18p3,mask_50,pop_SSP2,2040,3,123554370.0,1184.771574637537,1.693643,142523300.0
cdd_18p3,mask_50,pop_SSP2,2040,4,108290320.0,1626.9683296283713,1.693643,108550970.0
cdd_18p3,mask_50,pop_SSP2,2040,5,227477220.0,2178.735698906791,1.693643,227847470.0
cdd_18p3,mask_50,pop_SSP2,2040,6,196697470.0,1254.184418742892,1.693643,248099980.0
cdd_18p3,mask_50,pop_SSP2,2040,7,267325980.0,1555.1033920846592,1.693643,267329170.0
cdd_18p3,mask_50,pop_SSP2,2040,8,912408800.0,3115.903828887777,1.693643,912532350.0
cdd_18p3,mask_50,pop_SSP2,2040,9,514484740.0,1819.485075300834,1.693643,536728770.0
cdd_18p3,mask_50,pop_SSP2,2040,10,67723840.0,894.0141234075305,1.693643,67723840.0
cdd_18p3,mask_50,pop_SSP2,2040,11,381951680.0,266.4293623561792,1.693643,429634530.0
cdd_18p3,mask_50,pop_SSP2,2040,12,110702340.0,344.3995361900569,1.693643,111103150.0
cdd_18p3,mask_50,pop_SSP2,2040,13,95361600.0,673.5257748050616,1.693643,95478960.0
cdd_18p3,mask_50,pop_SSP2,2040,14,48056596.0,398.0598050440644,1.693643,48097216.0
cdd_18p3,mask_50,pop_SSP2,2040,15,93790504.0,958.0085383537433,1.693643,95847944.0
cdd_18p3,mask_50,pop_SSP2,2040,16,153585310.0,374.23314745955673,1.693643,156275730.0
cdd_18p3,mask_50,pop_SSP2,2040,17,351711600.0,1875.1862816031826,1.693643,352059260.0
cdd_18p3,mask_50,pop_SSP2,2040,18,1600710900.0,2903.0384120293993,1.693643,1604890600.0
cdd_18p3,mask_50,pop_SSP2,2040,19,75661624.0,630.0456547191011,1.693643,76008750.0
cdd_18p3,mask_50,pop_SSP2,2040,20,1395027200.0,1135.3528395180922,1.693643,1410251500.0
cdd_18p3,mask_50,pop_SSP2,2040,21,454088320.0,2859.5774739796384,1.693643,456747040.0
cdd_18p3,mask_50,pop_SSP2,2040,22,317946340.0,2578.590055762145,1.693643,318782430.0
cdd_18p3,mask_50,pop_SSP2,2040,23,112248700.0,791.6146258593818,1.693643,112398424.0
cdd_18p3,mask_50,pop_SSP2,2040,24,37332524.0,607.4933491331182,1.693643,39078732.0
cdd_18p3,mask_50,pop_SSP2,2040,25,622130400.0,2449.677901239439,1.693643,630920060.0
cdd_18p3,mask_50,pop_SSP2,2040,26,296723740.0,1791.6169259793865,1.693643,297976000.0
cdd_18p3,mask_50,pop_SSP2,2050,1,41600324.0,294.08226971380327,1.980731,42558132.0
cdd_18p3,mask_50,pop_SSP2,2050,2,378796350.0,1015.6192012675851,1.980731,380150100.0
cdd_18p3,mask_50,pop_SSP2,2050,3,129614720.0,1248.8010606550592,1.980731,147781920.0
cdd_18p3,mask_50,pop_SSP2,2050,4,112321580.0,1696.8612603244233,1.980731,112591950.0
cdd_18p3,mask_50,pop_SSP2,2050,5,227657460.0,2274.5300804936874,1.980731,228028000.0
cdd_18p3,mask_50,pop_SSP2,2050,6,204071790.0,1314.097399535885,1.980731,255523500.0
cdd_18p3,mask_50,pop_SSP2,2050,7,292863870.0,1625.803324227978,1.980731,292867360.0
cdd_18p3,mask_50,pop_SSP2,2050,8,1111724700.0,3212.5076521330357,1.980731,1111875200.0
cdd_18p3,mask_50,pop_SSP2,2050,9,604474750.0,1911.4364114077441,1.980731,628347100.0
cdd_18p3,mask_50,pop_SSP2,2050,10,69606420.0,968.8740354710901,1.980731,69606420.0
cdd_18p3,mask_50,pop_SSP2,2050,11,396756350.0,294.43552011550287,1.980731,433655460.0
cdd_18p3,mask_50,pop_SSP2,2050,12,105754520.0,383.23080888468394,1.980731,106137620.0
cdd_18p3,mask_50,pop_SSP2,2050,13,97777550.0,723.3370418411819,1.980731,97837060.0
cdd_18p3,mask_50,pop_SSP2,2050,14,46139016.0,438.6196984139682,1.980731,46139016.0
cdd_18p3,mask_50,pop_SSP2,2050,15,102212110.0,1016.7172361404382,1.980731,104102540.0
cdd_18p3,mask_50,pop_SSP2,2050,16,152285420.0,410.5489572903345,1.980731,154594640.0
cdd_18p3,mask_50,pop_SSP2,2050,17,383634850.0,1959.0217841253655,1.980731,384014180.0
cdd_18p3,mask_50,pop_SSP2,2050,18,1639993700.0,2996.8145553424506,1.980731,1644272400.0
cdd_18p3,mask_50,pop_SSP2,2050,19,72149490.0,672.8598712829245,1.980731,72344100.0
cdd_18p3,mask_50,pop_SSP2,2050,20,1325268000.0,1194.442572743991,1.980731,1339330600.0
cdd_18p3,mask_50,pop_SSP2,2050,21,467017800.0,2943.890779184463,1.980731,469752540.0
cdd_18p3,mask_50,pop_SSP2,2050,22,325433950.0,2647.3359417721917,1.980731,326289730.0
cdd_18p3,mask_50,pop_SSP2,2050,23,105598024.0,833.1199621152864,1.980731,105730216.0
cdd_18p3,mask_50,pop_SSP2,2050,24,40087684.0,644.1063211455892,1.980731,41301784.0
cdd_18p3,mask_50,pop_SSP2,2050,25,687927300.0,2538.8764621899713,1.980731,694634560.0
cdd_18p3,mask_50,pop_SSP2,2050,26,353904900.0,1888.5579474567414,1.980731,355352580.0
cdd_18p3,mask_50,pop_SSP2,2060,1,43147476.0,334.000151905557,2.268381,43672144.0
cdd_18p3,mask_50,pop_SSP2,2060,2,389211940.0,1077.8266968667451,2.268381,390528700.0
cdd_18p3,mask_50,pop_SSP2,2060,3,131924000.0,1328.4176407823763,2.268381,150414260.0
cdd_18p3,mask_50,pop_SSP2,2060,4,113921500.0,1775.9122644775348,2.268381,114195710.0
cdd_18p3,mask_50,pop_SSP2,2060,5,223385620.0,2380.356191113587,2.268381,223749180.0
cdd_18p3,mask_50,pop_SSP2,2060,6,209780780.0,1378.8029604933308,2.268381,258169620.0
cdd_18p3,mask_50,pop_SSP2,2060,7,311798400.0,1706.1021502058736,2.268381,311802100.0
cdd_18p3,mask_50,pop_SSP2,2060,8,1305455500.0,3323.5923037055236,2.268381,1305529200.0
cdd_18p3,mask_50,pop_SSP2,2060,9,688712450.0,2013.540621833371,2.268381,709911600.0
cdd_18p3,mask_50,pop_SSP2,2060,10,69768220.0,1045.3416267428968,2.268381,69768220.0
cdd_18p3,mask_50,pop_SSP2,2060,11,401020220.0,324.5608289164906,2.268381,434905060.0
cdd_18p3,mask_50,pop_SSP2,2060,12,101309490.0,428.89270262633823,2.268381,101370700.0
cdd_18p3,mask_50,pop_SSP2,2060,13,97813870.0,783.5138147516419,2.268381,97814136.0
cdd_18p3,mask_50,pop_SSP2,2060,14,43993936.0,490.92246831878856,2.268381,43993936.0
cdd_18p3,mask_50,pop_SSP2,2060,15,107783970.0,1083.3198165106508,2.268381,109548380.0
cdd_18p3,mask_50,pop_SSP2,2060,16,150515980.0,455.5767530787592,2.268381,152312130.0
cdd_18p3,mask_50,pop_SSP2,2060,17,406214660.0,2051.391440417066,2.268381,406616400.0
cdd_18p3,mask_50,pop_SSP2,2060,18,1645477200.0,3109.0138247699565,2.268381,1648807700.0
cdd_18p3,mask_50,pop_SSP2,2060,19,66930504.0,719.58862149086,2.268381,67111020.0
cdd_18p3,mask_50,pop_SSP2,2060,20,1222640000.0,1259.3608834471686,2.268381,1234886400.0
cdd_18p3,mask_50,pop_SSP2,2060,21,470261000.0,3036.696327506796,2.268381,473015070.0
cdd_18p3,mask_50,pop_SSP2,2060,22,326448500.0,2723.413971873893,2.268381,327306980.0
cdd_18p3,mask_50,pop_SSP2,2060,23,99385630.0,879.9614820609047,2.268381,99497010.0
cdd_18p3,mask_50,pop_SSP2,2060,24,42150612.0,688.1706210437444,2.268381,43214544.0
cdd_18p3,mask_50,pop_SSP2,2060,25,740346700.0,2642.125400932022,2.268381,746201660.0
cdd_18p3,mask_50,pop_SSP2,2060,26,405944500.0,1994.2857092993224,2.268381,407346560.0
cdd_18p3,mask_50,pop_SSP2,2070,1,44199550.0,374.2010191655689,2.554702,44633880.0
cdd_18p3,mask_50,pop_SSP2,2070,2,398845820.0,1139.6535466796433,2.554702,400180160.0
cdd_18p3,mask_50,pop_SSP2,2070,3,144386610.0,1409.1922732962805,2.554702,150940340.0
cdd_18p3,mask_50,pop_SSP2,2070,4,113774820.0,1854.582989013878,2.554702,114043016.0
cdd_18p3,mask_50,pop_SSP2,2070,5,215537010.0,2485.8726118180393,2.554702,215887780.0
cdd_18p3,mask_50,pop_SSP2,2070,6,211031870.0,1443.9953851672449,2.554702,256786940.0
cdd_18p3,mask_50,pop_SSP2,2070,7,323478140.0,1786.2969842060847,2.554702,323482020.0
cdd_18p3,mask_50,pop_SSP2,2070,8,1482176800.0,3434.3279874063946,2.554702,1482260500.0
cdd_18p3,mask_50,pop_SSP2,2070,9,756358500.0,2114.778496589101,2.554702,775675140.0
cdd_18p3,mask_50,pop_SSP2,2070,10,68638130.0,1123.1532119777444,2.554702,68638130.0
cdd_18p3,mask_50,pop_SSP2,2070,11,406812200.0,355.16178182652686,2.554702,433964700.0
cdd_18p3,mask_50,pop_SSP2,2070,12,96215330.0,475.39530103754237,2.554702,96273770.0
cdd_18p3,mask_50,pop_SSP2,2070,13,95941300.0,844.2852222078714,2.554702,95941550.0
cdd_18p3,mask_50,pop_SSP2,2070,14,41861824.0,543.1557753545312,2.554702,41861824.0
cdd_18p3,mask_50,pop_SSP2,2070,15,111262960.0,1149.6893284376881,2.554702,112581130.0
cdd_18p3,mask_50,pop_SSP2,2070,16,147572270.0,499.8438293585515,2.554702,149028450.0
cdd_18p3,mask_50,pop_SSP2,2070,17,418327780.0,2143.7473851560617,2.554702,418741570.0
cdd_18p3,mask_50,pop_SSP2,2070,18,1619470800.0,3220.5755261606273,2.554702,1622686700.0
cdd_18p3,mask_50,pop_SSP2,2070,19,61033200.0,765.6616684009846,2.554702,61197800.0
cdd_18p3,mask_50,pop_SSP2,2070,20,1110895400.0,1323.075900694124,2.554702,1121519900.0
cdd_18p3,mask_50,pop_SSP2,2070,21,465715900.0,3128.3952275799356,2.554702,468443650.0
cdd_18p3,mask_50,pop_SSP2,2070,22,322414300.0,2798.909953168933,2.554702,323262140.0
cdd_18p3,mask_50,pop_SSP2,2070,23,92630380.0,926.8075157942251,2.554702,92734200.0
cdd_18p3,mask_50,pop_SSP2,2070,24,43907720.0,733.3481900003756,2.554702,44664010.0
cdd_18p3,mask_50,pop_SSP2,2070,25,776514300.0,2744.7649411819416,2.554702,782588300.0
cdd_18p3,mask_50,pop_SSP2,2070,26,449535600.0,2099.862420246618,2.554702,450714980.0
cdd_18p3,mask_50,pop_SSP2,2080,1,44926576.0,415.78359008091564,2.845921,45265812.0
cdd_18p3,mask_50,pop_SSP2,2080,2,406071800.0,1200.5923588771302,2.845921,407399500.0
cdd_18p3,mask_50,pop_SSP2,2080,3,149713400.0,1493.161418228997,2.845921,149714400.0
cdd_18p3,mask_50,pop_SSP2,2080,4,112135120.0,1931.758182281461,2.845921,112397820.0
cdd_18p3,mask_50,pop_SSP2,2080,5,205007300.0,2590.9362186219014,2.845921,205340940.0
cdd_18p3,mask_50,pop_SSP2,2080,6,222487020.0,1512.2483142870694,2.845921,251980200.0
cdd_18p3,mask_50,pop_SSP2,2080,7,330352580.0,1866.101868913867,2.845921,330356480.0
cdd_18p3,mask_50,pop_SSP2,2080,8,1632995200.0,3543.2667825280096,2.845921,1632995200.0
cdd_18p3,mask_50,pop_SSP2,2080,9,809932800.0,2212.9794415089145,2.845921,821835840.0
cdd_18p3,mask_50,pop_SSP2,2080,10,66502090.0,1209.1557896636984,2.845921,66502090.0
cdd_18p3,mask_50,pop_SSP2,2080,11,408044220.0,388.2987071660539,2.845921,433175170.0
cdd_18p3,mask_50,pop_SSP2,2080,12,91279450.0,525.1436636756853,2.845921,91335220.0
cdd_18p3,mask_50,pop_SSP2,2080,13,93042220.0,906.6942277948673,2.845921,93042460.0
cdd_18p3,mask_50,pop_SSP2,2080,14,39881184.0,593.434433332629,2.845921,39881184.0
cdd_18p3,mask_50,pop_SSP2,2080,15,113150660.0,1215.1215161481714,2.845921,114282900.0
cdd_18p3,mask_50,pop_SSP2,2080,16,144515230.0,539.8285172871966,2.845921,145581340.0
cdd_18p3,mask_50,pop_SSP2,2080,17,422117280.0,2236.8860149825787,2.845921,422534880.0
cdd_18p3,mask_50,pop_SSP2,2080,18,1565653800.0,3327.91870815632,2.845921,1568660100.0
cdd_18p3,mask_50,pop_SSP2,2080,19,55604744.0,809.4497841302267,2.845921,55754692.0
cdd_18p3,mask_50,pop_SSP2,2080,20,1006509700.0,1382.2321514518237,2.845921,1014721300.0
cdd_18p3,mask_50,pop_SSP2,2080,21,455225860.0,3216.180559886349,2.845921,457892400.0
cdd_18p3,mask_50,pop_SSP2,2080,22,314518600.0,2872.4892789237165,2.845921,315345660.0
cdd_18p3,mask_50,pop_SSP2,2080,23,85847690.0,973.7890582781893,2.845921,85943896.0
cdd_18p3,mask_50,pop_SSP2,2080,24,44908452.0,782.698527270327,2.845921,45632690.0
cdd_18p3,mask_50,pop_SSP2,2080,25,797127700.0,2844.3196260870227,2.845921,802491800.0
cdd_18p3,mask_50,pop_SSP2,2080,26,482253280.0,2206.052458768412,2.845921,483205730.0
cdd_18p3,mask_50,pop_SSP2,2090,1,45024110.0,467.05866856432453,3.137292,45264700.0
cdd_18p3,mask_50,pop_SSP2,2090,2,408929470.0,1262.647830236326,3.137292,409720960.0
cdd_18p3,mask_50,pop_SSP2,2090,3,147300290.0,1562.572188045674,3.137292,147301260.0
cdd_18p3,mask_50,pop_SSP2,2090,4,109291336.0,1998.6466037796738,3.137292,109547370.0
cdd_18p3,mask_50,pop_SSP2,2090,5,193335730.0,2682.9197490065853,3.137292,193650340.0
cdd_18p3,mask_50,pop_SSP2,2090,6,217318640.0,1572.158755175632,3.137292,244516750.0
cdd_18p3,mask_50,pop_SSP2,2090,7,333704320.0,1937.0040854255149,3.137292,333708300.0
cdd_18p3,mask_50,pop_SSP2,2090,8,1748499300.0,3631.880878498472,3.137292,1748499300.0
cdd_18p3,mask_50,pop_SSP2,2090,9,841317900.0,2299.209983348474,3.137292,850514400.0
cdd_18p3,mask_50,pop_SSP2,2090,10,63799784.0,1283.3176131602402,3.137292,63799784.0
cdd_18p3,mask_50,pop_SSP2,2090,11,410018940.0,424.5350539457968,3.137292,430576960.0
cdd_18p3,mask_50,pop_SSP2,2090,12,87129330.0,578.5553129097484,3.137292,87182820.0
cdd_18p3,mask_50,pop_SSP2,2090,13,89494080.0,956.6958584915441,3.137292,89494320.0
cdd_18p3,mask_50,pop_SSP2,2090,14,38088804.0,649.1599588941513,3.137292,38088804.0
cdd_18p3,mask_50,pop_SSP2,2090,15,113904640.0,1279.95892943108,3.137292,114867560.0
cdd_18p3,mask_50,pop_SSP2,2090,16,141509200.0,585.5548825712121,3.137292,142233840.0
cdd_18p3,mask_50,pop_SSP2,2090,17,420896600.0,2319.753047871148,3.137292,421313020.0
cdd_18p3,mask_50,pop_SSP2,2090,18,1496681700.0,3431.7514631424474,3.137292,1498046700.0
cdd_18p3,mask_50,pop_SSP2,2090,19,50691356.0,855.1351920780904,3.137292,50695056.0
cdd_18p3,mask_50,pop_SSP2,2090,20,907430340.0,1450.2664567043141,3.137292,913915000.0
cdd_18p3,mask_50,pop_SSP2,2090,21,440236030.0,3300.436636346857,3.137292,442814980.0
cdd_18p3,mask_50,pop_SSP2,2090,22,303268860.0,2937.79052335869,3.137292,304066370.0
cdd_18p3,mask_50,pop_SSP2,2090,23,80133860.0,1020.8255342803661,3.137292,80221390.0
cdd_18p3,mask_50,pop_SSP2,2090,24,45320700.0,825.3570095097684,3.137292,45970976.0
cdd_18p3,mask_50,pop_SSP2,2090,25,804709200.0,2942.322106343635,3.137292,808838660.0
cdd_18p3,mask_50,pop_SSP2,2090,26,501598430.0,2291.8019946944223,3.137292,502567100.0
cdd_18p3,mask_50,pop_SSP2,2100,1,44531428.0,527.8340922320922,3.422318,44719280.0
cdd_18p3,mask_50,pop_SSP2,2100,2,407956830.0,1324.5429464109086,3.422318,408499700.0
cdd_18p3,mask_50,pop_SSP2,2100,3,144188020.0,1614.4406609473917,3.422318,144189000.0
cdd_18p3,mask_50,pop_SSP2,2100,4,105793520.0,2052.741057023351,3.422318,106041360.0
cdd_18p3,mask_50,pop_SSP2,2100,5,181933470.0,2758.4802680528037,3.422318,182229540.0
cdd_18p3,mask_50,pop_SSP2,2100,6,210499710.0,1621.566794437167,3.422318,235626800.0
cdd_18p3,mask_50,pop_SSP2,2100,7,333028220.0,1996.542935901327,3.422318,333032160.0
cdd_18p3,mask_50,pop_SSP2,2100,8,1823155500.0,3696.189729048026,3.422318,1823155500.0
cdd_18p3,mask_50,pop_SSP2,2100,9,857869950.0,2370.364961627978,3.422318,864178800.0
cdd_18p3,mask_50,pop_SSP2,2100,10,60728110.0,1342.8160084767896,3.422318,60728110.0
cdd_18p3,mask_50,pop_SSP2,2100,11,411272130.0,463.36596512000636,3.422318,425041180.0
cdd_18p3,mask_50,pop_SSP2,2100,12,83676240.0,634.7970223859096,3.422318,83693990.0
cdd_18p3,mask_50,pop_SSP2,2100,13,85637410.0,991.951646338401,3.422318,85637630.0
cdd_18p3,mask_50,pop_SSP2,2100,14,36338800.0,709.6229275094431,3.422318,36338800.0
cdd_18p3,mask_50,pop_SSP2,2100,15,113740750.0,1342.693963551946,3.422318,114497230.0
cdd_18p3,mask_50,pop_SSP2,2100,16,137927790.0,636.5659867162854,3.422318,138470290.0
cdd_18p3,mask_50,pop_SSP2,2100,17,415984320.0,2389.4856687661504,3.422318,416395870.0
cdd_18p3,mask_50,pop_SSP2,2100,18,1420352800.0,3529.4077467298266,3.422318,1421647000.0
cdd_18p3,mask_50,pop_SSP2,2100,19,45834384.0,901.8835576358115,3.422318,45837730.0
cdd_18p3,mask_50,pop_SSP2,2100,20,819607000.0,1526.5319486745507,3.422318,825335200.0
cdd_18p3,mask_50,pop_SSP2,2100,21,422987620.0,3378.933086092906,3.422318,425465700.0
cdd_18p3,mask_50,pop_SSP2,2100,22,289645660.0,2992.5396300669336,3.422318,290407300.0
cdd_18p3,mask_50,pop_SSP2,2100,23,74781210.0,1066.8711140828702,3.422318,74862880.0
cdd_18p3,mask_50,pop_SSP2,2100,24,45221150.0,859.7117263044689,3.422318,45766380.0
cdd_18p3,mask_50,pop_SSP2,2100,25,803060030.0,3036.4293418179013,3.422318,806595840.0
cdd_18p3,mask_50,pop_SSP2,2100,26,510896830.0,2353.183107080399,3.422318,511516400.0
cdd_18p3,mask_50,pop_SSP3,2040,1,38690628.0,258.6647589492387,1.693643,40483924.0
cdd_18p3,mask_50,pop_SSP3,2040,2,363937500.0,959.6239727931455,1.693643,365363970.0
cdd_18p3,mask_50,pop_SSP3,2040,3,127560824.0,1185.254373475761,1.693643,147148340.0
cdd_18p3,mask_50,pop_SSP3,2040,4,112471304.0,1627.0681921532837,1.693643,112742000.0
cdd_18p3,mask_50,pop_SSP3,2040,5,231497540.0,2179.2009009801795,1.693643,231874340.0
cdd_18p3,mask_50,pop_SSP3,2040,6,202085440.0,1254.7081744974296,1.693643,254898480.0
cdd_18p3,mask_50,pop_SSP3,2040,7,276615970.0,1555.838224808997,1.693643,276619230.0
cdd_18p3,mask_50,pop_SSP3,2040,8,960357500.0,3115.90289107589,1.693643,960487400.0
cdd_18p3,mask_50,pop_SSP3,2040,9,539347900.0,1819.3607352649167,1.693643,562667500.0
cdd_18p3,mask_50,pop_SSP3,2040,10,67615390.0,894.6097675976164,1.693643,67615390.0
cdd_18p3,mask_50,pop_SSP3,2040,11,378036800.0,266.4299807484839,1.693643,425228200.0
cdd_18p3,mask_50,pop_SSP3,2040,12,111670510.0,344.37968888218836,1.693643,112074770.0
cdd_18p3,mask_50,pop_SSP3,2040,13,97561860.0,674.4304330596758,1.693643,97681940.0
cdd_18p3,mask_50,pop_SSP3,2040,14,47852684.0,398.0433140689081,1.693643,47893124.0
cdd_18p3,mask_50,pop_SSP3,2040,15,97617170.0,958.995998697967,1.693643,99756710.0
cdd_18p3,mask_50,pop_SSP3,2040,16,152988560.0,374.48464955731896,1.693643,155668030.0
cdd_18p3,mask_50,pop_SSP3,2040,17,360488580.0,1876.385513028969,1.693643,360844930.0
cdd_18p3,mask_50,pop_SSP3,2040,18,1642582500.0,2902.5168985854243,1.693643,1646870800.0
cdd_18p3,mask_50,pop_SSP3,2040,19,75904380.0,629.9922880298922,1.693643,76252620.0
cdd_18p3,mask_50,pop_SSP3,2040,20,1408578000.0,1135.6830171974327,1.693643,1423951500.0
cdd_18p3,mask_50,pop_SSP3,2040,21,464928320.0,2859.218815799017,1.693643,467650600.0
cdd_18p3,mask_50,pop_SSP3,2040,22,324796740.0,2578.114568182928,1.693643,325650850.0
cdd_18p3,mask_50,pop_SSP3,2040,23,111569320.0,791.6262475113407,1.693643,111718130.0
cdd_18p3,mask_50,pop_SSP3,2040,24,37152068.0,607.557264590915,1.693643,38889836.0
cdd_18p3,mask_50,pop_SSP3,2040,25,649798900.0,2449.195947536806,1.693643,658968450.0
cdd_18p3,mask_50,pop_SSP3,2040,26,308439580.0,1791.219444313202,1.693643,309730000.0
cdd_18p3,mask_50,pop_SSP3,2050,1,40289100.0,294.2376699502931,1.980731,41216212.0
cdd_18p3,mask_50,pop_SSP3,2050,2,376314660.0,1016.7230161621833,1.980731,377658750.0
cdd_18p3,mask_50,pop_SSP3,2050,3,137342020.0,1249.3178629058198,1.980731,156598080.0
cdd_18p3,mask_50,pop_SSP3,2050,4,120175970.0,1697.0242055836302,1.980731,120465210.0
cdd_18p3,mask_50,pop_SSP3,2050,5,234946110.0,2275.002514009826,1.980731,235328510.0
cdd_18p3,mask_50,pop_SSP3,2050,6,214392370.0,1314.6263244969962,1.980731,268450700.0
cdd_18p3,mask_50,pop_SSP3,2050,7,312442560.0,1626.553902021138,1.980731,312446270.0
cdd_18p3,mask_50,pop_SSP3,2050,8,1222576800.0,3212.508031986505,1.980731,1222742300.0
cdd_18p3,mask_50,pop_SSP3,2050,9,661068000.0,1911.3145525251336,1.980731,687176300.0
cdd_18p3,mask_50,pop_SSP3,2050,10,69993380.0,969.506201287029,1.980731,69993380.0
cdd_18p3,mask_50,pop_SSP3,2050,11,390085200.0,294.4364282807826,1.980731,426360400.0
cdd_18p3,mask_50,pop_SSP3,2050,12,107507144.0,383.2078384641504,1.980731,107896490.0
cdd_18p3,mask_50,pop_SSP3,2050,13,101893340.0,724.2674768891608,1.980731,101955340.0
cdd_18p3,mask_50,pop_SSP3,2050,14,45861864.0,438.60266598402626,1.980731,45861864.0
cdd_18p3,mask_50,pop_SSP3,2050,15,110119940.0,1017.744140472853,1.980731,112153120.0
cdd_18p3,mask_50,pop_SSP3,2050,16,151804590.0,410.8092388118057,1.980731,154105740.0
cdd_18p3,mask_50,pop_SSP3,2050,17,402177150.0,1960.2366815623081,1.980731,402574850.0
cdd_18p3,mask_50,pop_SSP3,2050,18,1720314600.0,2996.295741765497,1.980731,1724801000.0
cdd_18p3,mask_50,pop_SSP3,2050,19,72336160.0,672.8046656676003,1.980731,72531310.0
cdd_18p3,mask_50,pop_SSP3,2050,20,1347162000.0,1194.7771092306675,1.980731,1361459700.0
cdd_18p3,mask_50,pop_SSP3,2050,21,488405500.0,2943.501679015055,1.980731,491265600.0
cdd_18p3,mask_50,pop_SSP3,2050,22,338480160.0,2646.863919944648,1.980731,339370240.0
cdd_18p3,mask_50,pop_SSP3,2050,23,104624240.0,833.1319679237288,1.980731,104755220.0
cdd_18p3,mask_50,pop_SSP3,2050,24,39853676.0,644.171845788127,1.980731,41060684.0
cdd_18p3,mask_50,pop_SSP3,2050,25,745053200.0,2538.4106922408437,1.980731,752317300.0
cdd_18p3,mask_50,pop_SSP3,2050,26,382811840.0,1888.1059628097878,1.980731,384356320.0
cdd_18p3,mask_50,pop_SSP3,2060,1,41423708.0,334.1647017632242,2.268381,41926972.0
cdd_18p3,mask_50,pop_SSP3,2060,2,389049920.0,1078.95427614338,2.268381,390365020.0
cdd_18p3,mask_50,pop_SSP3,2060,3,144635550.0,1328.9727366293366,2.268381,164916400.0
cdd_18p3,mask_50,pop_SSP3,2060,4,126348320.0,1776.1611883213343,2.268381,126652400.0
cdd_18p3,mask_50,pop_SSP3,2060,5,234901310.0,2380.8351596061107,2.268381,235283580.0
cdd_18p3,mask_50,pop_SSP3,2060,6,226740860.0,1379.3380072051107,2.268381,279048260.0
cdd_18p3,mask_50,pop_SSP3,2060,7,345181400.0,1706.8732572990434,2.268381,345185540.0
cdd_18p3,mask_50,pop_SSP3,2060,8,1508980000.0,3323.5934927167323,2.268381,1509065200.0
cdd_18p3,mask_50,pop_SSP3,2060,9,791651260.0,2013.414797875528,2.268381,816020200.0
cdd_18p3,mask_50,pop_SSP3,2060,10,71220456.0,1046.011936833471,2.268381,71220456.0
cdd_18p3,mask_50,pop_SSP3,2060,11,393444600.0,324.56217046820217,2.268381,426685060.0
cdd_18p3,mask_50,pop_SSP3,2060,12,104282710.0,428.8651384031177,2.268381,104345420.0
cdd_18p3,mask_50,pop_SSP3,2060,13,104348990.0,784.4730039499817,2.268381,104349270.0
cdd_18p3,mask_50,pop_SSP3,2060,14,43786800.0,490.90457888692237,2.268381,43786800.0
cdd_18p3,mask_50,pop_SSP3,2060,15,120894670.0,1084.3932329442396,2.268381,122868824.0
cdd_18p3,mask_50,pop_SSP3,2060,16,150846660.0,455.84848401018525,2.268381,152645900.0
cdd_18p3,mask_50,pop_SSP3,2060,17,437791330.0,2052.621517098505,2.268381,438224400.0
cdd_18p3,mask_50,pop_SSP3,2060,18,1778357200.0,3108.5026785799737,2.268381,1781953500.0
cdd_18p3,mask_50,pop_SSP3,2060,19,67219400.0,719.5313028424538,2.268381,67400760.0
cdd_18p3,mask_50,pop_SSP3,2060,20,1255824500.0,1259.6988497235998,2.268381,1268408000.0
cdd_18p3,mask_50,pop_SSP3,2060,21,505353570.0,3036.266350461586,2.268381,508313340.0
cdd_18p3,mask_50,pop_SSP3,2060,22,348124450.0,2722.9437994518557,2.268381,349039870.0
cdd_18p3,mask_50,pop_SSP3,2060,23,98208740.0,879.9740068528423,2.268381,98318810.0
cdd_18p3,mask_50,pop_SSP3,2060,24,42073656.0,688.2377353080482,2.268381,43135644.0
cdd_18p3,mask_50,pop_SSP3,2060,25,838393860.0,2641.6478986965512,2.268381,845022850.0
cdd_18p3,mask_50,pop_SSP3,2060,26,460424640.0,1993.7791934110292,2.268381,461982820.0
cdd_18p3,mask_50,pop_SSP3,2070,1,42490900.0,374.37413217874916,2.554702,42907930.0
cdd_18p3,mask_50,pop_SSP3,2070,2,405875200.0,1140.8057497046748,2.554702,407231700.0
cdd_18p3,mask_50,pop_SSP3,2070,3,164984560.0,1409.7839336628613,2.554702,172477180.0
cdd_18p3,mask_50,pop_SSP3,2070,4,131592530.0,1854.9180174699902,2.554702,131902680.0
cdd_18p3,mask_50,pop_SSP3,2070,5,232478060.0,2486.35783419574,2.554702,232856380.0
cdd_18p3,mask_50,pop_SSP3,2070,6,236160900.0,1444.5368500850473,2.554702,287372580.0
cdd_18p3,mask_50,pop_SSP3,2070,7,373490080.0,1787.0882076076782,2.554702,373494530.0
cdd_18p3,mask_50,pop_SSP3,2070,8,1803110400.0,3434.329580089478,2.554702,1803212200.0
cdd_18p3,mask_50,pop_SSP3,2070,9,915830900.0,2114.6479725746926,2.554702,939222000.0
cdd_18p3,mask_50,pop_SSP3,2070,10,71749976.0,1123.8626587143453,2.554702,71749976.0
cdd_18p3,mask_50,pop_SSP3,2070,11,403394620.0,355.1635660164218,2.554702,430315070.0
cdd_18p3,mask_50,pop_SSP3,2070,12,101102220.0,475.36314363100223,2.554702,101163260.0
cdd_18p3,mask_50,pop_SSP3,2070,13,105734880.0,845.2730218928136,2.554702,105735150.0
cdd_18p3,mask_50,pop_SSP3,2070,14,42083730.0,543.1371250265724,2.554702,42083730.0
cdd_18p3,mask_50,pop_SSP3,2070,15,130224136.0,1150.8095576907585,2.554702,131761620.0
cdd_18p3,mask_50,pop_SSP3,2070,16,150037220.0,500.12716317519346,2.554702,151516780.0
cdd_18p3,mask_50,pop_SSP3,2070,17,466586530.0,2144.99316404088,2.554702,467048130.0
cdd_18p3,mask_50,pop_SSP3,2070,18,1818049700.0,3220.072800952706,2.554702,1821655300.0
cdd_18p3,mask_50,pop_SSP3,2070,19,61975790.0,765.6021311093684,2.554702,62143024.0
cdd_18p3,mask_50,pop_SSP3,2070,20,1166627600.0,1323.417213759461,2.554702,1177790500.0
cdd_18p3,mask_50,pop_SSP3,2070,21,518098050.0,3127.925545470034,2.554702,521132830.0
cdd_18p3,mask_50,pop_SSP3,2070,22,355221000.0,2798.441158778637,2.554702,356155140.0
cdd_18p3,mask_50,pop_SSP3,2070,23,91999390.0,926.8205566976363,2.554702,92102504.0
cdd_18p3,mask_50,pop_SSP3,2070,24,44379876.0,733.4168661462273,2.554702,45144300.0
cdd_18p3,mask_50,pop_SSP3,2070,25,922749760.0,2744.2715289998087,2.554702,929965500.0
cdd_18p3,mask_50,pop_SSP3,2070,26,535870240.0,2099.300127270648,2.554702,537235700.0
cdd_18p3,mask_50,pop_SSP3,2080,1,43647996.0,415.96338749722656,2.845921,43977050.0
cdd_18p3,mask_50,pop_SSP3,2080,2,424595360.0,1201.772774921296,2.845921,425981920.0
cdd_18p3,mask_50,pop_SSP3,2080,3,179384320.0,1493.78228414144,2.845921,179385540.0
cdd_18p3,mask_50,pop_SSP3,2080,4,135900720.0,1932.1760330560146,2.845921,136219100.0
cdd_18p3,mask_50,pop_SSP3,2080,5,228770740.0,2591.4269400539647,2.845921,229142990.0
cdd_18p3,mask_50,pop_SSP3,2080,6,259498110.0,1512.7974156806795,2.845921,293904060.0
cdd_18p3,mask_50,pop_SSP3,2080,7,400219800.0,1866.9107196450611,2.845921,400224580.0
cdd_18p3,mask_50,pop_SSP3,2080,8,2086932400.0,3543.267212911324,2.845921,2086932400.0
cdd_18p3,mask_50,pop_SSP3,2080,9,1031601800.0,2212.84287833313,2.845921,1046764160.0
cdd_18p3,mask_50,pop_SSP3,2080,10,71751544.0,1209.9095978877508,2.845921,71751544.0
cdd_18p3,mask_50,pop_SSP3,2080,11,413647970.0,388.30094600727966,2.845921,439119700.0
cdd_18p3,mask_50,pop_SSP3,2080,12,99285430.0,525.1071965343704,2.845921,99345624.0
cdd_18p3,mask_50,pop_SSP3,2080,13,106874344.0,907.7101799988853,2.845921,106874620.0
cdd_18p3,mask_50,pop_SSP3,2080,14,41169890.0,593.4155027235599,2.845921,41169890.0
cdd_18p3,mask_50,pop_SSP3,2080,15,138780100.0,1216.2894279627699,2.845921,140167870.0
cdd_18p3,mask_50,pop_SSP3,2080,16,151391840.0,540.1237247851326,2.845921,152507900.0
cdd_18p3,mask_50,pop_SSP3,2080,17,491483940.0,2238.1504781554427,2.845921,491970240.0
cdd_18p3,mask_50,pop_SSP3,2080,18,1838444800.0,3327.426418748679,2.845921,1841970200.0
cdd_18p3,mask_50,pop_SSP3,2080,19,57758012.0,809.387576629497,2.845921,57913860.0
cdd_18p3,mask_50,pop_SSP3,2080,20,1090867800.0,1382.5768679035834,2.845921,1099774300.0
cdd_18p3,mask_50,pop_SSP3,2080,21,528879740.0,3215.677919958191,2.845921,531978050.0
cdd_18p3,mask_50,pop_SSP3,2080,22,360548700.0,2872.0203924646617,2.845921,361496830.0
cdd_18p3,mask_50,pop_SSP3,2080,23,87063020.0,973.8025808147931,2.845921,87160590.0
cdd_18p3,mask_50,pop_SSP3,2080,24,46297124.0,782.7687111694945,2.845921,47043750.0
cdd_18p3,mask_50,pop_SSP3,2080,25,995524350.0,2843.800408332331,2.845921,1002221500.0
cdd_18p3,mask_50,pop_SSP3,2080,26,603510000.0,2205.4269599718104,2.845921,604655900.0
cdd_18p3,mask_50,pop_SSP3,2090,1,44740750.0,467.24579491424595,3.137292,44979364.0
cdd_18p3,mask_50,pop_SSP3,2090,2,443985400.0,1263.8427679929334,3.137292,444843650.0
cdd_18p3,mask_50,pop_SSP3,2090,3,186357520.0,1563.2158677064833,3.137292,186358780.0
cdd_18p3,mask_50,pop_SSP3,2090,4,139784600.0,1999.132156532012,3.137292,140112080.0
cdd_18p3,mask_50,pop_SSP3,2090,5,225726660.0,2683.4161729929924,3.137292,226093950.0
cdd_18p3,mask_50,pop_SSP3,2090,6,266488130.0,1572.711040060974,3.137292,299846850.0
cdd_18p3,mask_50,pop_SSP3,2090,7,426190430.0,1937.8302159535895,3.137292,426195500.0
cdd_18p3,mask_50,pop_SSP3,2090,8,2344929300.0,3631.8820475392677,3.137292,2344929300.0
cdd_18p3,mask_50,pop_SSP3,2090,9,1131035000.0,2299.06791952362,3.137292,1143401300.0
cdd_18p3,mask_50,pop_SSP3,2090,10,71592950.0,1284.1046911487147,3.137292,71592950.0
cdd_18p3,mask_50,pop_SSP3,2090,11,429176700.0,424.53773780603217,3.137292,450691100.0
cdd_18p3,mask_50,pop_SSP3,2090,12,99246660.0,578.5178748241772,3.137292,99307016.0
cdd_18p3,mask_50,pop_SSP3,2090,13,108132560.0,957.7328134352846,3.137292,108132840.0
cdd_18p3,mask_50,pop_SSP3,2090,14,40975320.0,649.1407059622542,3.137292,40975320.0
cdd_18p3,mask_50,pop_SSP3,2090,15,146744930.0,1281.167026432326,3.137292,147985220.0
cdd_18p3,mask_50,pop_SSP3,2090,16,154558820.0,585.8572621689051,3.137292,155349680.0
cdd_18p3,mask_50,pop_SSP3,2090,17,516227040.0,2321.0365332277875,3.137292,516737860.0
cdd_18p3,mask_50,pop_SSP3,2090,18,1860347400.0,3431.276819074241,3.137292,1862041900.0
cdd_18p3,mask_50,pop_SSP3,2090,19,54591036.0,855.0713369643179,3.137292,54595016.0
cdd_18p3,mask_50,pop_SSP3,2090,20,1029306600.0,1450.609558802503,3.137292,1036669800.0
cdd_18p3,mask_50,pop_SSP3,2090,21,539450500.0,3299.8936015266763,3.137292,542610940.0
cdd_18p3,mask_50,pop_SSP3,2090,22,364967600.0,2937.324670524564,3.137292,365927360.0
cdd_18p3,mask_50,pop_SSP3,2090,23,83485220.0,1020.8393832337216,3.137292,83576390.0
cdd_18p3,mask_50,pop_SSP3,2090,24,48140090.0,825.428283702433,3.137292,48830816.0
cdd_18p3,mask_50,pop_SSP3,2090,25,1061565250.0,2941.7728892189343,3.137292,1067009540.0
cdd_18p3,mask_50,pop_SSP3,2090,26,658568450.0,2291.130011394741,3.137292,659791700.0
cdd_18p3,mask_50,pop_SSP3,2100,1,45936012.0,528.0290916748912,3.422318,46129350.0
cdd_18p3,mask_50,pop_SSP3,2100,2,465473340.0,1325.7370427121614,3.422318,466091900.0
cdd_18p3,mask_50,pop_SSP3,2100,3,194025630.0,1615.0996236934516,3.422318,194026940.0
cdd_18p3,mask_50,pop_SSP3,2100,4,143947260.0,2053.2761903805235,3.422318,144284480.0
cdd_18p3,mask_50,pop_SSP3,2100,5,224798770.0,2758.982490670719,3.422318,225164530.0
cdd_18p3,mask_50,pop_SSP3,2100,6,273990720.0,1622.1173004797195,3.422318,306703700.0
cdd_18p3,mask_50,pop_SSP3,2100,7,449402700.0,1997.385578301633,3.422318,449408030.0
cdd_18p3,mask_50,pop_SSP3,2100,8,2563487200.0,3696.1937082610802,3.422318,2563487200.0
cdd_18p3,mask_50,pop_SSP3,2100,9,1221183900.0,2370.2181115953704,3.422318,1230168000.0
cdd_18p3,mask_50,pop_SSP3,2100,10,71287580.0,1343.6234294536885,3.422318,71287580.0
cdd_18p3,mask_50,pop_SSP3,2100,11,449576900.0,463.3690734731558,3.422318,464625340.0
cdd_18p3,mask_50,pop_SSP3,2100,12,100287370.0,634.7623024044133,3.422318,100308620.0
cdd_18p3,mask_50,pop_SSP3,2100,13,109952264.0,993.0012812616479,3.422318,109952550.0
cdd_18p3,mask_50,pop_SSP3,2100,14,41067064.0,709.6033132795458,3.422318,41067064.0
cdd_18p3,mask_50,pop_SSP3,2100,15,153785630.0,1343.9331124629593,3.422318,154809780.0
cdd_18p3,mask_50,pop_SSP3,2100,16,157910430.0,636.8702138753398,3.422318,158531020.0
cdd_18p3,mask_50,pop_SSP3,2100,17,540023230.0,2390.7881223195523,3.422318,540557630.0
cdd_18p3,mask_50,pop_SSP3,2100,18,1891543900.0,3528.9582726416684,3.422318,1893265500.0
cdd_18p3,mask_50,pop_SSP3,2100,19,51907464.0,901.8192149580119,3.422318,51911252.0
cdd_18p3,mask_50,pop_SSP3,2100,20,984239700.0,1526.8679609820306,3.422318,991126700.0
cdd_18p3,mask_50,pop_SSP3,2100,21,551562750.0,3378.3423902527798,3.422318,554794400.0
cdd_18p3,mask_50,pop_SSP3,2100,22,369201400.0,2992.0801763395903,3.422318,370172320.0
cdd_18p3,mask_50,pop_SSP3,2100,23,80741710.0,1066.8851116670626,3.422318,80829896.0
cdd_18p3,mask_50,pop_SSP3,2100,24,50155160.0,859.7836078827908,3.422318,50759870.0
cdd_18p3,mask_50,pop_SSP3,2100,25,1124536600.0,3035.846189296871,3.422318,1129486200.0
cdd_18p3,mask_50,pop_SSP3,2100,26,705607740.0,2352.484044976444,3.422318,706413600.0
cdd_18p3,mask_50,pop_SSP5,2040,1,41412056.0,258.38006257978435,1.693643,43332450.0
cdd_18p3,mask_50,pop_SSP5,2040,2,378651840.0,958.0430567553046,1.693643,380137380.0
cdd_18p3,mask_50,pop_SSP5,2040,3,118866980.0,1184.6882738926522,1.693643,137109700.0
cdd_18p3,mask_50,pop_SSP5,2040,4,102792270.0,1626.8707899878566,1.693643,103039730.0
cdd_18p3,mask_50,pop_SSP5,2040,5,223771900.0,2178.409632255299,1.693643,224136160.0
cdd_18p3,mask_50,pop_SSP5,2040,6,190618050.0,1253.7443309645707,1.693643,240428000.0
cdd_18p3,mask_50,pop_SSP5,2040,7,257343950.0,1554.4382937126595,1.693643,257347000.0
cdd_18p3,mask_50,pop_SSP5,2040,8,844430200.0,3115.691935224468,1.693643,844544500.0
cdd_18p3,mask_50,pop_SSP5,2040,9,478941980.0,1819.7895396006095,1.693643,499649440.0
cdd_18p3,mask_50,pop_SSP5,2040,10,67583850.0,893.2643747469402,1.693643,67583850.0
cdd_18p3,mask_50,pop_SSP5,2040,11,395594530.0,266.39509080095706,1.693643,444985760.0
cdd_18p3,mask_50,pop_SSP5,2040,12,110578700.0,344.34379684572434,1.693643,110979220.0
cdd_18p3,mask_50,pop_SSP5,2040,13,94282920.0,672.7615366479898,1.693643,94398980.0
cdd_18p3,mask_50,pop_SSP5,2040,14,48995496.0,397.95468553279886,1.693643,49036920.0
cdd_18p3,mask_50,pop_SSP5,2040,15,89212750.0,956.844910503954,1.693643,91172590.0
cdd_18p3,mask_50,pop_SSP5,2040,16,157513630.0,374.21522205541845,1.693643,160273680.0
cdd_18p3,mask_50,pop_SSP5,2040,17,344673570.0,1874.345035325427,1.693643,345014200.0
cdd_18p3,mask_50,pop_SSP5,2040,18,1557459200.0,2903.6469993752607,1.693643,1561527600.0
cdd_18p3,mask_50,pop_SSP5,2040,19,76036660.0,630.1191576171981,1.693643,76385490.0
cdd_18p3,mask_50,pop_SSP5,2040,20,1396263600.0,1135.3738754262456,1.693643,1411498900.0
cdd_18p3,mask_50,pop_SSP5,2040,21,442757120.0,2859.8136338938943,1.693643,445349380.0
cdd_18p3,mask_50,pop_SSP5,2040,22,311087170.0,2578.977165551063,1.693643,311905200.0
cdd_18p3,mask_50,pop_SSP5,2040,23,114507496.0,791.6916939588799,1.693643,114660220.0
cdd_18p3,mask_50,pop_SSP5,2040,24,38527880.0,607.6405504742019,1.693643,40330000.0
cdd_18p3,mask_50,pop_SSP5,2040,25,586408640.0,2450.328336547876,1.693643,594712060.0
cdd_18p3,mask_50,pop_SSP5,2040,26,277904450.0,1792.0555115388056,1.693643,279094100.0
cdd_18p3,mask_50,pop_SSP5,2050,1,45288480.0,293.9322948015098,1.980731,46331800.0
cdd_18p3,mask_50,pop_SSP5,2050,2,401142500.0,1015.1074963807097,1.980731,402577570.0
cdd_18p3,mask_50,pop_SSP5,2050,3,121336780.0,1248.6907626008115,1.980731,138332980.0
cdd_18p3,mask_50,pop_SSP5,2050,4,103025780.0,1696.6992445062808,1.980731,103273816.0
cdd_18p3,mask_50,pop_SSP5,2050,5,221525780.0,2274.198637014711,1.980731,221886370.0
cdd_18p3,mask_50,pop_SSP5,2050,6,193340740.0,1313.6540570013992,1.980731,242080480.0
cdd_18p3,mask_50,pop_SSP5,2050,7,273580380.0,1625.12414640338,1.980731,273583650.0
cdd_18p3,mask_50,pop_SSP5,2050,8,972396900.0,3212.2958667045045,1.980731,972528600.0
cdd_18p3,mask_50,pop_SSP5,2050,9,536521730.0,1911.7349358932377,1.980731,557712000.0
cdd_18p3,mask_50,pop_SSP5,2050,10,69496184.0,968.0831102606513,1.980731,69496184.0
cdd_18p3,mask_50,pop_SSP5,2050,11,422062720.0,294.39763790489434,1.980731,461321340.0
cdd_18p3,mask_50,pop_SSP5,2050,12,106132640.0,383.16914418236047,1.980731,106517320.0
cdd_18p3,mask_50,pop_SSP5,2050,13,96147820.0,722.547824856835,1.980731,96206350.0
cdd_18p3,mask_50,pop_SSP5,2050,14,47891656.0,438.50736915884187,1.980731,47891656.0
cdd_18p3,mask_50,pop_SSP5,2050,15,93393750.0,1015.5061034620738,1.980731,95126180.0
cdd_18p3,mask_50,pop_SSP5,2050,16,159247360.0,410.5302790921089,1.980731,161663440.0
cdd_18p3,mask_50,pop_SSP5,2050,17,369761280.0,1958.1679880362053,1.980731,370126800.0
cdd_18p3,mask_50,pop_SSP5,2050,18,1565292300.0,2997.420351920628,1.980731,1569378600.0
cdd_18p3,mask_50,pop_SSP5,2050,19,73234550.0,672.9371308838568,1.980731,73432060.0
cdd_18p3,mask_50,pop_SSP5,2050,20,1333371300.0,1194.4632044230016,1.980731,1347515400.0
cdd_18p3,mask_50,pop_SSP5,2050,21,446987780.0,2944.151129078382,1.980731,449605060.0
cdd_18p3,mask_50,pop_SSP5,2050,22,313269440.0,2647.720230629192,1.980731,314093250.0
cdd_18p3,mask_50,pop_SSP5,2050,23,109530696.0,833.1996287256251,1.980731,109667816.0
cdd_18p3,mask_50,pop_SSP5,2050,24,42217144.0,644.2572200295808,1.980731,43495732.0
cdd_18p3,mask_50,pop_SSP5,2050,25,619907300.0,2539.5099246959994,1.980731,625951600.0
cdd_18p3,mask_50,pop_SSP5,2050,26,316752160.0,1889.0613207513468,1.980731,318077120.0
cdd_18p3,mask_50,pop_SSP5,2060,1,48362736.0,333.84120307533914,2.268381,48951268.0
cdd_18p3,mask_50,pop_SSP5,2060,2,419690300.0,1077.3011781538257,2.268381,421112130.0
cdd_18p3,mask_50,pop_SSP5,2060,3,119741704.0,1328.275114232051,2.268381,136508750.0
cdd_18p3,mask_50,pop_SSP5,2060,4,100824696.0,1775.6623569552687,2.268381,101067450.0
cdd_18p3,mask_50,pop_SSP5,2060,5,214693250.0,2380.0199264326848,2.268381,215042690.0
cdd_18p3,mask_50,pop_SSP5,2060,6,193788110.0,1378.3555812622699,2.268381,238479630.0
cdd_18p3,mask_50,pop_SSP5,2060,7,281905630.0,1705.404497620987,2.268381,281909000.0
cdd_18p3,mask_50,pop_SSP5,2060,8,1075567600.0,3323.380410507638,2.268381,1075628300.0
cdd_18p3,mask_50,pop_SSP5,2060,9,581344000.0,2013.840109616903,2.268381,599240960.0
cdd_18p3,mask_50,pop_SSP5,2060,10,69534510.0,1044.5074640674193,2.268381,69534510.0
cdd_18p3,mask_50,pop_SSP5,2060,11,437128770.0,324.51819619406984,2.268381,474071840.0
cdd_18p3,mask_50,pop_SSP5,2060,12,102154080.0,428.824241053309,2.268381,102216340.0
cdd_18p3,mask_50,pop_SSP5,2060,13,95719736.0,782.6973474723953,2.268381,95719980.0
cdd_18p3,mask_50,pop_SSP5,2060,14,46516504.0,490.8002666891315,2.268381,46516504.0
cdd_18p3,mask_50,pop_SSP5,2060,15,94316970.0,1082.0529381836407,2.268381,95867900.0
cdd_18p3,mask_50,pop_SSP5,2060,16,160271340.0,455.55925385150806,2.268381,162185360.0
cdd_18p3,mask_50,pop_SSP5,2060,17,384689150.0,2050.5264991987547,2.268381,385069500.0
cdd_18p3,mask_50,pop_SSP5,2060,18,1536399600.0,3109.6112314775814,2.268381,1539514600.0
cdd_18p3,mask_50,pop_SSP5,2060,19,68781680.0,719.670129937512,2.268381,68967150.0
cdd_18p3,mask_50,pop_SSP5,2060,20,1238995300.0,1259.3805766914395,2.268381,1251398500.0
cdd_18p3,mask_50,pop_SSP5,2060,21,440733060.0,3036.9893347042803,2.268381,443314000.0
cdd_18p3,mask_50,pop_SSP5,2060,22,308051460.0,2723.7967581257076,2.268381,308861500.0
cdd_18p3,mask_50,pop_SSP5,2060,23,104967980.0,880.0446284989513,2.268381,105085610.0
cdd_18p3,mask_50,pop_SSP5,2060,24,45073376.0,688.3251693625778,2.268381,46211076.0
cdd_18p3,mask_50,pop_SSP5,2060,25,634496000.0,2642.778075329904,2.268381,639516160.0
cdd_18p3,mask_50,pop_SSP5,2060,26,346484400.0,1994.8535485227726,2.268381,347721730.0
cdd_18p3,mask_50,pop_SSP5,2070,1,50460880.0,374.0342255084976,2.554702,50957204.0
cdd_18p3,mask_50,pop_SSP5,2070,2,434280740.0,1139.1141883582836,2.554702,435736060.0
cdd_18p3,mask_50,pop_SSP5,2070,3,126843700.0,1409.019189096217,2.554702,132594584.0
cdd_18p3,mask_50,pop_SSP5,2070,4,97099624.0,1854.2450578164578,2.554702,97328590.0
cdd_18p3,mask_50,pop_SSP5,2070,5,203934940.0,2485.5317042172564,2.554702,204266880.0
cdd_18p3,mask_50,pop_SSP5,2070,6,189681260.0,1443.5437104769446,2.554702,230797540.0
cdd_18p3,mask_50,pop_SSP5,2070,7,282726800.0,1785.581229637531,2.554702,282730140.0
cdd_18p3,mask_50,pop_SSP5,2070,8,1150940700.0,3434.1161932817427,2.554702,1151005600.0
cdd_18p3,mask_50,pop_SSP5,2070,9,607920830.0,2115.0802470567282,2.554702,623450400.0
cdd_18p3,mask_50,pop_SSP5,2070,10,67827340.0,1122.2748920310555,2.554702,67827340.0
cdd_18p3,mask_50,pop_SSP5,2070,11,450628740.0,355.11435903179205,2.554702,480712100.0
cdd_18p3,mask_50,pop_SSP5,2070,12,97349740.0,475.31986676004965,2.554702,97409496.0
cdd_18p3,mask_50,pop_SSP5,2070,13,93346690.0,843.4412991536195,2.554702,93346936.0
cdd_18p3,mask_50,pop_SSP5,2070,14,44880170.0,543.0236945441476,2.554702,44880170.0
cdd_18p3,mask_50,pop_SSP5,2070,15,93327980.0,1148.3664166534418,2.554702,94441750.0
cdd_18p3,mask_50,pop_SSP5,2070,16,159234200.0,499.8274309212789,2.554702,160806910.0
cdd_18p3,mask_50,pop_SSP5,2070,17,388632000.0,2142.870943464126,2.554702,389016320.0
cdd_18p3,mask_50,pop_SSP5,2070,18,1475197600.0,3221.1633187517004,2.554702,1478133200.0
cdd_18p3,mask_50,pop_SSP5,2070,19,63198424.0,765.7472551074522,2.554702,63368810.0
cdd_18p3,mask_50,pop_SSP5,2070,20,1129699200.0,1323.0946339628326,2.554702,1140496000.0
cdd_18p3,mask_50,pop_SSP5,2070,21,425916030.0,3128.719998316917,2.554702,428410430.0
cdd_18p3,mask_50,pop_SSP5,2070,22,296336640.0,2799.291621344015,2.554702,297115900.0
cdd_18p3,mask_50,pop_SSP5,2070,23,99599180.0,926.8941236797197,2.554702,99710800.0
cdd_18p3,mask_50,pop_SSP5,2070,24,47336390.0,733.5063233203914,2.554702,48151736.0
cdd_18p3,mask_50,pop_SSP5,2070,25,633175700.0,2745.4421372708343,2.554702,638131300.0
cdd_18p3,mask_50,pop_SSP5,2070,26,366057440.0,2100.4963576019995,2.554702,367066000.0
cdd_18p3,mask_50,pop_SSP5,2080,1,51870750.0,415.6130209139298,2.845921,52262844.0
cdd_18p3,mask_50,pop_SSP5,2080,2,444556160.0,1200.038427136745,2.845921,446012320.0
cdd_18p3,mask_50,pop_SSP5,2080,3,127440856.0,1492.9654018533022,2.845921,127441710.0
cdd_18p3,mask_50,pop_SSP5,2080,4,92369500.0,1931.3355723159812,2.845921,92585890.0
cdd_18p3,mask_50,pop_SSP5,2080,5,190425780.0,2590.591086293907,2.845921,190735710.0
cdd_18p3,mask_50,pop_SSP5,2080,6,194424960.0,1511.7913146425121,2.845921,220191060.0
cdd_18p3,mask_50,pop_SSP5,2080,7,278586560.0,1865.370284790587,2.845921,278589900.0
cdd_18p3,mask_50,pop_SSP5,2080,8,1198967000.0,3543.0560443673144,2.845921,1198967000.0
cdd_18p3,mask_50,pop_SSP5,2080,9,622178560.0,2213.2869803228373,2.845921,631325600.0
cdd_18p3,mask_50,pop_SSP5,2080,10,64640944.0,1208.2283449709882,2.845921,64640944.0
cdd_18p3,mask_50,pop_SSP5,2080,11,454943520.0,388.2464961053766,2.845921,482969020.0
cdd_18p3,mask_50,pop_SSP5,2080,12,92231704.0,525.0605095825929,2.845921,92288720.0
cdd_18p3,mask_50,pop_SSP5,2080,13,89766180.0,905.8216362016648,2.845921,89766420.0
cdd_18p3,mask_50,pop_SSP5,2080,14,42962130.0,593.2928937424678,2.845921,42962130.0
cdd_18p3,mask_50,pop_SSP5,2080,15,91012110.0,1213.7417713768325,2.845921,91924680.0
cdd_18p3,mask_50,pop_SSP5,2080,16,156588750.0,539.8123302296932,2.845921,157745150.0
cdd_18p3,mask_50,pop_SSP5,2080,17,383775200.0,2235.9956840976206,2.845921,384154720.0
cdd_18p3,mask_50,pop_SSP5,2080,18,1387215000.0,3328.493004438398,2.845921,1389885600.0
cdd_18p3,mask_50,pop_SSP5,2080,19,57768800.0,809.5387195470553,2.845921,57924530.0
cdd_18p3,mask_50,pop_SSP5,2080,20,1023138300.0,1382.2499610538675,2.845921,1031476350.0
cdd_18p3,mask_50,pop_SSP5,2080,21,405153250.0,3216.531846760483,2.845921,407526200.0
cdd_18p3,mask_50,pop_SSP5,2080,22,280563550.0,2872.8710285709612,2.845921,281301340.0
cdd_18p3,mask_50,pop_SSP5,2080,23,92735064.0,973.8789072258909,2.845921,92839010.0
cdd_18p3,mask_50,pop_SSP5,2080,24,48503104.0,782.8601190758895,2.845921,49285304.0
cdd_18p3,mask_50,pop_SSP5,2080,25,620458300.0,2845.0338659758922,2.845921,624636300.0
cdd_18p3,mask_50,pop_SSP5,2080,26,375915970.0,2206.7620750563997,2.845921,376710100.0
cdd_18p3,mask_50,pop_SSP5,2090,1,51818730.0,466.88456376805794,3.137292,52095904.0
cdd_18p3,mask_50,pop_SSP5,2090,2,447466660.0,1262.0804089162373,3.137292,448334460.0
cdd_18p3,mask_50,pop_SSP5,2090,3,121236130.0,1562.3589585143777,3.137292,121236936.0
cdd_18p3,mask_50,pop_SSP5,2090,4,86764620.0,1998.1547809398257,3.137292,86967870.0
cdd_18p3,mask_50,pop_SSP5,2090,5,175516770.0,2682.570443982608,3.137292,175802430.0
cdd_18p3,mask_50,pop_SSP5,2090,6,184085280.0,1571.7000933971556,3.137292,207117020.0
cdd_18p3,mask_50,pop_SSP5,2090,7,271135070.0,1936.257065000503,3.137292,271138300.0
cdd_18p3,mask_50,pop_SSP5,2090,8,1216166100.0,3631.669127013622,3.137292,1216166100.0
cdd_18p3,mask_50,pop_SSP5,2090,9,617472800.0,2299.5221084368623,3.137292,624225340.0
cdd_18p3,mask_50,pop_SSP5,2090,10,60318396.0,1282.3529564053642,3.137292,60318396.0
cdd_18p3,mask_50,pop_SSP5,2090,11,452095300.0,424.4773732148296,3.137292,474767650.0
cdd_18p3,mask_50,pop_SSP5,2090,12,87102840.0,578.4645859696014,3.137292,87156970.0
cdd_18p3,mask_50,pop_SSP5,2090,13,85383390.0,955.7997543704465,3.137292,85383620.0
cdd_18p3,mask_50,pop_SSP5,2090,14,40788630.0,649.0118428314111,3.137292,40788630.0
cdd_18p3,mask_50,pop_SSP5,2090,15,87861430.0,1278.5305675242287,3.137292,88606020.0
cdd_18p3,mask_50,pop_SSP5,2090,16,152390200.0,585.5392853993708,3.137292,153171410.0
cdd_18p3,mask_50,pop_SSP5,2090,17,372351550.0,2318.8486009315493,3.137292,372719740.0
cdd_18p3,mask_50,pop_SSP5,2090,18,1278975500.0,3432.303535427094,3.137292,1280144800.0
cdd_18p3,mask_50,pop_SSP5,2090,19,52599188.0,855.2280232290258,3.137292,52603030.0
cdd_18p3,mask_50,pop_SSP5,2090,20,916203500.0,1450.2828281387224,3.137292,922740200.0
cdd_18p3,mask_50,pop_SSP5,2090,21,379655740.0,3300.8203308976417,3.137292,381879500.0
cdd_18p3,mask_50,pop_SSP5,2090,22,262249380.0,2938.1698157365004,3.137292,262939000.0
cdd_18p3,mask_50,pop_SSP5,2090,23,85319310.0,1020.9176302795427,3.137292,85412500.0
cdd_18p3,mask_50,pop_SSP5,2090,24,48372740.0,825.5210994452942,3.137292,49066810.0
cdd_18p3,mask_50,pop_SSP5,2090,25,598373900.0,2943.080090488097,3.137292,601448960.0
cdd_18p3,mask_50,pop_SSP5,2090,26,375479600.0,2292.5671992885805,3.137292,376255400.0
cdd_18p3,mask_50,pop_SSP5,2100,1,49663936.0,527.6567943120103,3.422318,49873596.0
cdd_18p3,mask_50,pop_SSP5,2100,2,439295360.0,1323.9635274905734,3.422318,439881250.0
cdd_18p3,mask_50,pop_SSP5,2100,3,113431540.0,1614.216884770926,3.422318,113432290.0
cdd_18p3,mask_50,pop_SSP5,2100,4,80377870.0,2052.1985560072753,3.422318,80566170.0
cdd_18p3,mask_50,pop_SSP5,2100,5,159278430.0,2758.1269407413865,3.422318,159537630.0
cdd_18p3,mask_50,pop_SSP5,2100,6,171188420.0,1621.110530937125,3.422318,191616370.0
cdd_18p3,mask_50,pop_SSP5,2100,7,260874130.0,1995.7812561177188,3.422318,260877220.0
cdd_18p3,mask_50,pop_SSP5,2100,8,1201983700.0,3695.9747139671986,3.422318,1201983700.0
cdd_18p3,mask_50,pop_SSP5,2100,9,600024600.0,2370.680250127296,3.422318,604439230.0
cdd_18p3,mask_50,pop_SSP5,2100,10,55405904.0,1341.828056292102,3.422318,55405904.0
cdd_18p3,mask_50,pop_SSP5,2100,11,438330240.0,463.3021885036375,3.422318,453007740.0
cdd_18p3,mask_50,pop_SSP5,2100,12,81915360.0,634.6990532782229,3.422318,81932770.0
cdd_18p3,mask_50,pop_SSP5,2100,13,80546310.0,991.038218574265,3.422318,80546520.0
cdd_18p3,mask_50,pop_SSP5,2100,14,38433052.0,709.4715478983436,3.422318,38433052.0
cdd_18p3,mask_50,pop_SSP5,2100,15,84404890.0,1341.2270954144801,3.422318,84967690.0
cdd_18p3,mask_50,pop_SSP5,2100,16,146913390.0,636.551381999769,3.422318,147491890.0
cdd_18p3,mask_50,pop_SSP5,2100,17,355404260.0,2388.567172070592,3.422318,355755700.0
cdd_18p3,mask_50,pop_SSP5,2100,18,1157116200.0,3529.9285051619113,3.422318,1158173400.0
cdd_18p3,mask_50,pop_SSP5,2100,19,47002264.0,901.9807983079543,3.422318,47005696.0
cdd_18p3,mask_50,pop_SSP5,2100,20,819035970.0,1526.54634895238,3.422318,824748540.0
cdd_18p3,mask_50,pop_SSP5,2100,21,350616320.0,3379.354935332985,3.422318,352670080.0
cdd_18p3,mask_50,pop_SSP5,2100,22,241608450.0,2992.9137315241273,3.422318,242243790.0
cdd_18p3,mask_50,pop_SSP5,2100,23,77296460.0,1066.964315085751,3.422318,77380890.0
cdd_18p3,mask_50,pop_SSP5,2100,24,46710070.0,859.8772036777697,3.422318,47273250.0
cdd_18p3,mask_50,pop_SSP5,2100,25,569440260.0,3037.2374523837425,3.422318,571949250.0
cdd_18p3,mask_50,pop_SSP5,2100,26,366627360.0,2353.980589947777,3.422318,367119550.0
cdd_18p3,mask_100,pop_SSP1,2040,1,35927316.0,258.5084890239383,1.693643,41337404.0
cdd_18p3,mask_100,pop_SSP1,2040,2,364578560.0,957.8989449107795,1.693643,367037060.0
cdd_18p3,mask_100,pop_SSP1,2040,3,118083260.0,1184.4434187899565,1.693643,138872290.0
cdd_18p3,mask_100,pop_SSP1,2040,4,103094610.0,1626.8990495108237,1.693643,105208740.0
cdd_18p3,mask_100,pop_SSP1,2040,5,223861490.0,2178.4212278219284,1.693643,224225860.0
cdd_18p3,mask_100,pop_SSP1,2040,6,188958580.0,1253.815518879835,1.693643,242465470.0
cdd_18p3,mask_100,pop_SSP1,2040,7,258728100.0,1554.501774964426,1.693643,258731170.0
cdd_18p3,mask_100,pop_SSP1,2040,8,848873860.0,3115.601751674499,1.693643,848988800.0
cdd_18p3,mask_100,pop_SSP1,2040,9,472482700.0,1819.8296328263855,1.693643,504946800.0
cdd_18p3,mask_100,pop_SSP1,2040,10,67519660.0,893.3615103286159,1.693643,67584720.0
cdd_18p3,mask_100,pop_SSP1,2040,11,316895600.0,266.4350663007431,1.693643,431206400.0
cdd_18p3,mask_100,pop_SSP1,2040,12,108985300.0,344.40814465726305,1.693643,111707960.0
cdd_18p3,mask_100,pop_SSP1,2040,13,94586530.0,672.5166128505679,1.693643,94843990.0
cdd_18p3,mask_100,pop_SSP1,2040,14,48208576.0,398.06262966639946,1.693643,48440990.0
cdd_18p3,mask_100,pop_SSP1,2040,15,89739460.0,957.1684979199122,1.693643,92945240.0
cdd_18p3,mask_100,pop_SSP1,2040,16,150318780.0,374.0730658076767,1.693643,156855440.0
cdd_18p3,mask_100,pop_SSP1,2040,17,341798820.0,1874.2017360440839,1.693643,342136600.0
cdd_18p3,mask_100,pop_SSP1,2040,18,1559424800.0,2903.4402725320842,1.693643,1563959600.0
cdd_18p3,mask_100,pop_SSP1,2040,19,75626120.0,630.0734978589335,1.693643,76428100.0
cdd_18p3,mask_100,pop_SSP1,2040,20,1393199600.0,1135.4159263454742,1.693643,1414905100.0
cdd_18p3,mask_100,pop_SSP1,2040,21,443253800.0,2859.783027594782,1.693643,445849020.0
cdd_18p3,mask_100,pop_SSP1,2040,22,311212100.0,2578.974224402152,1.693643,312030500.0
cdd_18p3,mask_100,pop_SSP1,2040,23,113080560.0,791.6325455884988,1.693643,113431120.0
cdd_18p3,mask_100,pop_SSP1,2040,24,35553868.0,607.405220126244,1.693643,38909136.0
cdd_18p3,mask_100,pop_SSP1,2040,25,596661000.0,2450.084124758127,1.693643,606828100.0
cdd_18p3,mask_100,pop_SSP1,2040,26,279857100.0,1792.0081708577093,1.693643,281171600.0
cdd_18p3,mask_100,pop_SSP1,2050,1,38408092.0,294.0706002225668,1.980731,42730160.0
cdd_18p3,mask_100,pop_SSP1,2050,2,376982850.0,1014.9657130673824,1.980731,379067230.0
cdd_18p3,mask_100,pop_SSP1,2050,3,120863656.0,1248.4501021820015,1.980731,141275540.0
cdd_18p3,mask_100,pop_SSP1,2050,4,106474130.0,1696.747089556009,1.980731,106730440.0
cdd_18p3,mask_100,pop_SSP1,2050,5,221647170.0,2274.210675901001,1.980731,222007940.0
cdd_18p3,mask_100,pop_SSP1,2050,6,191950240.0,1313.7249264007335,1.980731,245458220.0
cdd_18p3,mask_100,pop_SSP1,2050,7,276051260.0,1625.1888030700961,1.980731,276054530.0
cdd_18p3,mask_100,pop_SSP1,2050,8,981647940.0,3212.206709713402,1.980731,981780860.0
cdd_18p3,mask_100,pop_SSP1,2050,9,534555230.0,1911.7740862230821,1.980731,567637300.0
cdd_18p3,mask_100,pop_SSP1,2050,10,69469700.0,968.1850550165505,1.980731,69499650.0
cdd_18p3,mask_100,pop_SSP1,2050,11,343662270.0,294.44184146446906,1.980731,436203360.0
cdd_18p3,mask_100,pop_SSP1,2050,12,106031550.0,383.2403942313741,1.980731,107122160.0
cdd_18p3,mask_100,pop_SSP1,2050,13,96738080.0,722.2950232772545,1.980731,96936720.0
cdd_18p3,mask_100,pop_SSP1,2050,14,46496684.0,438.62276189122326,1.980731,46647932.0
cdd_18p3,mask_100,pop_SSP1,2050,15,95091080.0,1015.8433686317347,1.980731,98202280.0
cdd_18p3,mask_100,pop_SSP1,2050,16,150554560.0,410.3835771802766,1.980731,155298020.0
cdd_18p3,mask_100,pop_SSP1,2050,17,365334800.0,1958.0241494338027,1.980731,365695940.0
cdd_18p3,mask_100,pop_SSP1,2050,18,1568961400.0,2997.2143530159615,1.980731,1573453300.0
cdd_18p3,mask_100,pop_SSP1,2050,19,72607650.0,672.8893109590899,1.980731,73376910.0
cdd_18p3,mask_100,pop_SSP1,2050,20,1333317500.0,1194.505859019213,1.980731,1352791300.0
cdd_18p3,mask_100,pop_SSP1,2050,21,447674000.0,2944.1197784442193,1.980731,450295300.0
cdd_18p3,mask_100,pop_SSP1,2050,22,313463700.0,2647.7173224240255,1.980731,314288030.0
cdd_18p3,mask_100,pop_SSP1,2050,23,107137580.0,833.1384801913014,1.980731,107435820.0
cdd_18p3,mask_100,pop_SSP1,2050,24,37593644.0,644.015990017217,1.980731,40958290.0
cdd_18p3,mask_100,pop_SSP1,2050,25,637634700.0,2539.2692083088828,1.980731,647567100.0
cdd_18p3,mask_100,pop_SSP1,2050,26,320812580.0,1889.0072414624417,1.980731,322151000.0
cdd_18p3,mask_100,pop_SSP1,2060,1,40316404.0,333.9878198000651,2.268381,43724424.0
cdd_18p3,mask_100,pop_SSP1,2060,2,385050500.0,1077.1593569986053,2.268381,386854980.0
cdd_18p3,mask_100,pop_SSP1,2060,3,121842296.0,1328.0411095718453,2.268381,140542530.0
cdd_18p3,mask_100,pop_SSP1,2060,4,105341540.0,1775.7369003227757,2.268381,105595120.0
cdd_18p3,mask_100,pop_SSP1,2060,5,214815650.0,2380.032317479414,2.268381,215165280.0
cdd_18p3,mask_100,pop_SSP1,2060,6,191439740.0,1378.4262457425746,2.268381,243065360.0
cdd_18p3,mask_100,pop_SSP1,2060,7,285473000.0,1705.4708425358392,2.268381,285476380.0
cdd_18p3,mask_100,pop_SSP1,2060,8,1090562400.0,3323.291846967526,2.268381,1090710100.0
cdd_18p3,mask_100,pop_SSP1,2060,9,589560640.0,2013.876947277,2.268381,614193150.0
cdd_18p3,mask_100,pop_SSP1,2060,10,69521660.0,1044.6144870661842,2.268381,69521660.0
cdd_18p3,mask_100,pop_SSP1,2060,11,364806850.0,324.5679599387131,2.268381,437019330.0
cdd_18p3,mask_100,pop_SSP1,2060,12,101612540.0,428.9034780186867,2.268381,102368690.0
cdd_18p3,mask_100,pop_SSP1,2060,13,96552610.0,782.436191875285,2.268381,96692240.0
cdd_18p3,mask_100,pop_SSP1,2060,14,44407224.0,490.9258342128305,2.268381,44486428.0
cdd_18p3,mask_100,pop_SSP1,2060,15,97500780.0,1082.4065069003693,2.268381,100182490.0
cdd_18p3,mask_100,pop_SSP1,2060,16,149303200.0,455.4041536217947,2.268381,152653250.0
cdd_18p3,mask_100,pop_SSP1,2060,17,378872700.0,2050.3815068486892,2.268381,379247300.0
cdd_18p3,mask_100,pop_SSP1,2060,18,1541064700.0,3109.4077451698704,2.268381,1545084400.0
cdd_18p3,mask_100,pop_SSP1,2060,19,68395176.0,719.6198582086049,2.268381,68708940.0
cdd_18p3,mask_100,pop_SSP1,2060,20,1241946400.0,1259.423816783191,2.268381,1258049700.0
cdd_18p3,mask_100,pop_SSP1,2060,21,441429700.0,3036.95719253654,2.268381,444014660.0
cdd_18p3,mask_100,pop_SSP1,2060,22,308284100.0,2723.793872489056,2.268381,309094800.0
cdd_18p3,mask_100,pop_SSP1,2060,23,101613410.0,879.9808048769817,2.268381,101781510.0
cdd_18p3,mask_100,pop_SSP1,2060,24,39669084.0,688.0781207425299,2.268381,42555550.0
cdd_18p3,mask_100,pop_SSP1,2060,25,661165250.0,2642.528316032549,2.268381,671092740.0
cdd_18p3,mask_100,pop_SSP1,2060,26,352663900.0,1994.7927379729335,2.268381,354106900.0
cdd_18p3,mask_100,pop_SSP1,2070,1,42396264.0,374.18796534469556,2.554702,44364012.0
cdd_18p3,mask_100,pop_SSP1,2070,2,390625920.0,1138.9718140219704,2.554702,392172800.0
cdd_18p3,mask_100,pop_SSP1,2070,3,120539700.0,1408.7913568607732,2.554702,137426370.0
cdd_18p3,mask_100,pop_SSP1,2070,4,102300370.0,1854.3463409923904,2.554702,102546620.0
cdd_18p3,mask_100,pop_SSP1,2070,5,204026980.0,2485.5444580761327,2.554702,204359040.0
cdd_18p3,mask_100,pop_SSP1,2070,6,189392220.0,1443.6142195476723,2.554702,236221260.0
cdd_18p3,mask_100,pop_SSP1,2070,7,287184900.0,1785.6492265353963,2.554702,287188320.0
cdd_18p3,mask_100,pop_SSP1,2070,8,1171648000.0,3434.0280262514666,2.554702,1171714300.0
cdd_18p3,mask_100,pop_SSP1,2070,9,618512500.0,2115.11483814041,2.554702,642925440.0
cdd_18p3,mask_100,pop_SSP1,2070,10,67755464.0,1122.3870764045937,2.554702,67755464.0
cdd_18p3,mask_100,pop_SSP1,2070,11,375552400.0,355.16972989916644,2.554702,433117380.0
cdd_18p3,mask_100,pop_SSP1,2070,12,96584536.0,475.4072918546668,2.554702,96934740.0
cdd_18p3,mask_100,pop_SSP1,2070,13,94408670.0,843.1717077968257,2.554702,94466090.0
cdd_18p3,mask_100,pop_SSP1,2070,14,42071104.0,543.1594516219823,2.554702,42106644.0
cdd_18p3,mask_100,pop_SSP1,2070,15,97545096.0,1148.7364136479177,2.554702,99628890.0
cdd_18p3,mask_100,pop_SSP1,2070,16,145756300.0,499.66394835839,2.554702,148472910.0
cdd_18p3,mask_100,pop_SSP1,2070,17,381678240.0,2142.7247820955654,2.554702,382055680.0
cdd_18p3,mask_100,pop_SSP1,2070,18,1481426000.0,3220.9629587375157,2.554702,1484759600.0
cdd_18p3,mask_100,pop_SSP1,2070,19,62581070.0,765.6945987768187,2.554702,62868164.0
cdd_18p3,mask_100,pop_SSP1,2070,20,1135491000.0,1323.1384360327459,2.554702,1147859800.0
cdd_18p3,mask_100,pop_SSP1,2070,21,426393800.0,3128.6870831502783,2.554702,428890880.0
cdd_18p3,mask_100,pop_SSP1,2070,22,296577760.0,2799.288754885504,2.554702,297357660.0
cdd_18p3,mask_100,pop_SSP1,2070,23,95307650.0,926.8276389998156,2.554702,95463000.0
cdd_18p3,mask_100,pop_SSP1,2070,24,41574750.0,733.2535598481569,2.554702,43537636.0
cdd_18p3,mask_100,pop_SSP1,2070,25,670469100.0,2745.181550000652,2.554702,677983000.0
cdd_18p3,mask_100,pop_SSP1,2070,26,374053020.0,2100.42865701021,2.554702,375558880.0
cdd_18p3,mask_100,pop_SSP1,2080,1,43594068.0,415.7695424282354,2.845921,44620250.0
cdd_18p3,mask_100,pop_SSP1,2080,2,393800320.0,1199.8939997424982,2.845921,395203330.0
cdd_18p3,mask_100,pop_SSP1,2080,3,116674180.0,1492.7411435948204,2.845921,132715140.0
cdd_18p3,mask_100,pop_SSP1,2080,4,97863180.0,1931.4625853027032,2.845921,98098780.0
cdd_18p3,mask_100,pop_SSP1,2080,5,190463550.0,2590.6042903751522,2.845921,190773550.0
cdd_18p3,mask_100,pop_SSP1,2080,6,182757980.0,1511.8618396323936,2.845921,226005010.0
cdd_18p3,mask_100,pop_SSP1,2080,7,283654700.0,1865.4396822136616,2.845921,283658080.0
cdd_18p3,mask_100,pop_SSP1,2080,8,1224067100.0,3542.967578203882,2.845921,1224136200.0
cdd_18p3,mask_100,pop_SSP1,2080,9,637829000.0,2213.319946036242,2.845921,654119700.0
cdd_18p3,mask_100,pop_SSP1,2080,10,64471650.0,1208.346158160633,2.845921,64471650.0
cdd_18p3,mask_100,pop_SSP1,2080,11,378434800.0,388.3074753436685,2.845921,426984860.0
cdd_18p3,mask_100,pop_SSP1,2080,12,90885810.0,525.1569586681112,2.845921,91174940.0
cdd_18p3,mask_100,pop_SSP1,2080,13,90865870.0,905.5430883474844,2.845921,90921100.0
cdd_18p3,mask_100,pop_SSP1,2080,14,39598330.0,593.4384461476401,2.845921,39598330.0
cdd_18p3,mask_100,pop_SSP1,2080,15,95844580.0,1214.128539337107,2.845921,97576300.0
cdd_18p3,mask_100,pop_SSP1,2080,16,140953740.0,539.6414066874127,2.845921,143305800.0
cdd_18p3,mask_100,pop_SSP1,2080,17,375913150.0,2235.8484337704376,2.845921,376284930.0
cdd_18p3,mask_100,pop_SSP1,2080,18,1393871100.0,3328.2979683209883,2.845921,1396979000.0
cdd_18p3,mask_100,pop_SSP1,2080,19,57025340.0,809.4839669105992,2.845921,57179110.0
cdd_18p3,mask_100,pop_SSP1,2080,20,1028212200.0,1382.2942510442972,2.845921,1038973760.0
cdd_18p3,mask_100,pop_SSP1,2080,21,405191500.0,3216.498223522069,2.845921,407564600.0
cdd_18p3,mask_100,pop_SSP1,2080,22,280793100.0,2872.8681706797033,2.845921,281531460.0
cdd_18p3,mask_100,pop_SSP1,2080,23,87754040.0,973.8099296791903,2.845921,87863890.0
cdd_18p3,mask_100,pop_SSP1,2080,24,42619530.0,782.6018455483834,2.845921,43898824.0
cdd_18p3,mask_100,pop_SSP1,2080,25,664471940.0,2844.758259057025,2.845921,669882750.0
cdd_18p3,mask_100,pop_SSP1,2080,26,385461730.0,2206.6865424896814,2.845921,386785280.0
cdd_18p3,mask_100,pop_SSP1,2090,1,43244240.0,467.0434202938572,3.137292,43763460.0
cdd_18p3,mask_100,pop_SSP1,2090,2,391382080.0,1261.9409878046088,3.137292,392706430.0
cdd_18p3,mask_100,pop_SSP1,2090,3,121113540.0,1562.1367763710412,3.137292,126606850.0
cdd_18p3,mask_100,pop_SSP1,2090,4,92187960.0,1998.3028234135109,3.137292,92409900.0
cdd_18p3,mask_100,pop_SSP1,2090,5,175490240.0,2682.5839220568623,3.137292,175775840.0
cdd_18p3,mask_100,pop_SSP1,2090,6,186712750.0,1571.7701080481456,3.137292,212886300.0
cdd_18p3,mask_100,pop_SSP1,2090,7,276510560.0,1936.3277522243718,3.137292,276513900.0
cdd_18p3,mask_100,pop_SSP1,2090,8,1243915800.0,3631.5807881597243,3.137292,1243985900.0
cdd_18p3,mask_100,pop_SSP1,2090,9,632627900.0,2299.5532690097566,3.137292,648780400.0
cdd_18p3,mask_100,pop_SSP1,2090,10,60033336.0,1282.475079027884,3.137292,60033336.0
cdd_18p3,mask_100,pop_SSP1,2090,11,379243780.0,424.5447791964287,3.137292,413250300.0
cdd_18p3,mask_100,pop_SSP1,2090,12,85501380.0,578.5698779242218,3.137292,85553730.0
cdd_18p3,mask_100,pop_SSP1,2090,13,86464890.0,955.5131514479469,3.137292,86465120.0
cdd_18p3,mask_100,pop_SSP1,2090,14,37064172.0,649.1641598664379,3.137292,37064172.0
cdd_18p3,mask_100,pop_SSP1,2090,15,92873610.0,1278.9319288004338,3.137292,94346904.0
cdd_18p3,mask_100,pop_SSP1,2090,16,135724500.0,585.363252282964,3.137292,137513820.0
cdd_18p3,mask_100,pop_SSP1,2090,17,363947780.0,2318.6999230707534,3.137292,364307700.0
cdd_18p3,mask_100,pop_SSP1,2090,18,1284559900.0,3432.1169660597525,3.137292,1287154300.0
cdd_18p3,mask_100,pop_SSP1,2090,19,51504650.0,855.1710780292958,3.137292,51643520.0
cdd_18p3,mask_100,pop_SSP1,2090,20,920681100.0,1450.3271707767462,3.137292,929867260.0
cdd_18p3,mask_100,pop_SSP1,2090,21,379109200.0,3300.786004385968,3.137292,381329660.0
cdd_18p3,mask_100,pop_SSP1,2090,22,262458750.0,2938.1669864189853,3.137292,263148960.0
cdd_18p3,mask_100,pop_SSP1,2090,23,79932904.0,1020.8469186939402,3.137292,80022490.0
cdd_18p3,mask_100,pop_SSP1,2090,24,41970180.0,825.2588497067293,3.137292,43116236.0
cdd_18p3,mask_100,pop_SSP1,2090,25,643883800.0,2942.7864415234644,3.137292,648921200.0
cdd_18p3,mask_100,pop_SSP1,2090,26,386160100.0,2292.485904714181,3.137292,387177100.0
cdd_18p3,mask_100,pop_SSP1,2100,1,40971090.0,527.8174430418753,3.422318,41334500.0
cdd_18p3,mask_100,pop_SSP1,2100,2,381075100.0,1323.836754798021,3.422318,382343550.0
cdd_18p3,mask_100,pop_SSP1,2100,3,113335230.0,1613.9950870821115,3.422318,118474700.0
cdd_18p3,mask_100,pop_SSP1,2100,4,85404100.0,2052.361995107159,3.422318,85604180.0
cdd_18p3,mask_100,pop_SSP1,2100,5,159189730.0,2758.140493113648,3.422318,159448770.0
cdd_18p3,mask_100,pop_SSP1,2100,6,173445860.0,1621.1794686098533,3.422318,196914220.0
cdd_18p3,mask_100,pop_SSP1,2100,7,266229020.0,1995.85308269576,3.422318,266232200.0
cdd_18p3,mask_100,pop_SSP1,2100,8,1230346500.0,3695.8869679848567,3.422318,1230346500.0
cdd_18p3,mask_100,pop_SSP1,2100,9,613474940.0,2370.7094484426852,3.422318,629134000.0
cdd_18p3,mask_100,pop_SSP1,2100,10,55014532.0,1341.9529428156213,3.422318,55014532.0
cdd_18p3,mask_100,pop_SSP1,2100,11,360893200.0,463.37677650023056,3.422318,389888200.0
cdd_18p3,mask_100,pop_SSP1,2100,12,80079790.0,634.8127915240947,3.422318,80128870.0
cdd_18p3,mask_100,pop_SSP1,2100,13,81468990.0,990.7447307444464,3.422318,81469210.0
cdd_18p3,mask_100,pop_SSP1,2100,14,34660790.0,709.6271494409966,3.422318,34660790.0
cdd_18p3,mask_100,pop_SSP1,2100,15,89345780.0,1341.6403319110238,3.422318,90474380.0
cdd_18p3,mask_100,pop_SSP1,2100,16,130356340.0,636.3729143350796,3.422318,131682300.0
cdd_18p3,mask_100,pop_SSP1,2100,17,347037400.0,2388.4167266877753,3.422318,347380600.0
cdd_18p3,mask_100,pop_SSP1,2100,18,1162395600.0,3529.7536654477904,3.422318,1164688100.0
cdd_18p3,mask_100,pop_SSP1,2100,19,45765880.0,901.9216038175684,3.422318,45889290.0
cdd_18p3,mask_100,pop_SSP1,2100,20,823767600.0,1526.590264954868,3.422318,831249700.0
cdd_18p3,mask_100,pop_SSP1,2100,21,349473470.0,3379.3199265364815,3.422318,351520450.0
cdd_18p3,mask_100,pop_SSP1,2100,22,241789950.0,2992.9109521169976,3.422318,242425780.0
cdd_18p3,mask_100,pop_SSP1,2100,23,71895500.0,1066.892741717217,3.422318,71976080.0
cdd_18p3,mask_100,pop_SSP1,2100,24,40000436.0,859.6127513780025,3.422318,41043690.0
cdd_18p3,mask_100,pop_SSP1,2100,25,613810560.0,3036.922844781856,3.422318,618490500.0
cdd_18p3,mask_100,pop_SSP1,2100,26,377063870.0,2353.895935807865,3.422318,378042140.0
cdd_18p3,mask_100,pop_SSP2,2040,1,35839250.0,258.5195229454601,1.693643,41235690.0
cdd_18p3,mask_100,pop_SSP2,2040,2,364919230.0,958.5406143207512,1.693643,367379520.0
cdd_18p3,mask_100,pop_SSP2,2040,3,121185570.0,1184.771574637537,1.693643,142523300.0
cdd_18p3,mask_100,pop_SSP2,2040,4,106369680.0,1626.9683296283713,1.693643,108550970.0
cdd_18p3,mask_100,pop_SSP2,2040,5,227477220.0,2178.735698906791,1.693643,227847470.0
cdd_18p3,mask_100,pop_SSP2,2040,6,193348180.0,1254.184418742892,1.693643,248099980.0
cdd_18p3,mask_100,pop_SSP2,2040,7,267325980.0,1555.1033920846592,1.693643,267329170.0
cdd_18p3,mask_100,pop_SSP2,2040,8,912408800.0,3115.903828887777,1.693643,912532350.0
cdd_18p3,mask_100,pop_SSP2,2040,9,502218800.0,1819.485075300834,1.693643,536728770.0
cdd_18p3,mask_100,pop_SSP2,2040,10,67657464.0,894.0141234075305,1.693643,67723840.0
cdd_18p3,mask_100,pop_SSP2,2040,11,315740030.0,266.4293623561792,1.693643,429634530.0
cdd_18p3,mask_100,pop_SSP2,2040,12,108395280.0,344.3995361900569,1.693643,111103150.0
cdd_18p3,mask_100,pop_SSP2,2040,13,95219890.0,673.5257748050616,1.693643,95478960.0
cdd_18p3,mask_100,pop_SSP2,2040,14,47866460.0,398.0598050440644,1.693643,48097216.0
cdd_18p3,mask_100,pop_SSP2,2040,15,92544380.0,958.0085383537433,1.693643,95847944.0
cdd_18p3,mask_100,pop_SSP2,2040,16,149763890.0,374.23314745955673,1.693643,156275730.0
cdd_18p3,mask_100,pop_SSP2,2040,17,351711600.0,1875.1862816031826,1.693643,352059260.0
cdd_18p3,mask_100,pop_SSP2,2040,18,1600238100.0,2903.0384120293993,1.693643,1604890600.0
cdd_18p3,mask_100,pop_SSP2,2040,19,75210810.0,630.0456547191011,1.693643,76008750.0
cdd_18p3,mask_100,pop_SSP2,2040,20,1388616000.0,1135.3528395180922,1.693643,1410251500.0
cdd_18p3,mask_100,pop_SSP2,2040,21,454088260.0,2859.5774739796384,1.693643,456747040.0
cdd_18p3,mask_100,pop_SSP2,2040,22,317946340.0,2578.590055762145,1.693643,318782430.0
cdd_18p3,mask_100,pop_SSP2,2040,23,112051050.0,791.6146258593818,1.693643,112398424.0
cdd_18p3,mask_100,pop_SSP2,2040,24,35708840.0,607.4933491331182,1.693643,39078732.0
cdd_18p3,mask_100,pop_SSP2,2040,25,620358400.0,2449.677901239439,1.693643,630920060.0
cdd_18p3,mask_100,pop_SSP2,2040,26,296600260.0,1791.6169259793865,1.693643,297976000.0
cdd_18p3,mask_100,pop_SSP2,2050,1,38254016.0,294.08226971380327,1.980731,42558132.0
cdd_18p3,mask_100,pop_SSP2,2050,2,378060540.0,1015.6192012675851,1.980731,380150100.0
cdd_18p3,mask_100,pop_SSP2,2050,3,126426290.0,1248.8010606550592,1.980731,147781920.0
cdd_18p3,mask_100,pop_SSP2,2050,4,112321580.0,1696.8612603244233,1.980731,112591950.0
cdd_18p3,mask_100,pop_SSP2,2050,5,227657460.0,2274.5300804936874,1.980731,228028000.0
cdd_18p3,mask_100,pop_SSP2,2050,6,199818540.0,1314.097399535885,1.980731,255523500.0
cdd_18p3,mask_100,pop_SSP2,2050,7,292863870.0,1625.803324227978,1.980731,292867360.0
cdd_18p3,mask_100,pop_SSP2,2050,8,1111724700.0,3212.5076521330357,1.980731,1111875200.0
cdd_18p3,mask_100,pop_SSP2,2050,9,591733760.0,1911.4364114077441,1.980731,628347100.0
cdd_18p3,mask_100,pop_SSP2,2050,10,69574770.0,968.8740354710901,1.980731,69606420.0
cdd_18p3,mask_100,pop_SSP2,2050,11,341654270.0,294.43552011550287,1.980731,433655460.0
cdd_18p3,mask_100,pop_SSP2,2050,12,105057070.0,383.23080888468394,1.980731,106137620.0
cdd_18p3,mask_100,pop_SSP2,2050,13,97636720.0,723.3370418411819,1.980731,97837060.0
cdd_18p3,mask_100,pop_SSP2,2050,14,45989430.0,438.6196984139682,1.980731,46139016.0
cdd_18p3,mask_100,pop_SSP2,2050,15,100809040.0,1016.7172361404382,1.980731,104102540.0
cdd_18p3,mask_100,pop_SSP2,2050,16,149873400.0,410.5489572903345,1.980731,154594640.0
cdd_18p3,mask_100,pop_SSP2,2050,17,383634850.0,1959.0217841253655,1.980731,384014180.0
cdd_18p3,mask_100,pop_SSP2,2050,18,1639580300.0,2996.8145553424506,1.980731,1644272400.0
cdd_18p3,mask_100,pop_SSP2,2050,19,71584990.0,672.8598712829245,1.980731,72344100.0
cdd_18p3,mask_100,pop_SSP2,2050,20,1320047200.0,1194.442572743991,1.980731,1339330600.0
cdd_18p3,mask_100,pop_SSP2,2050,21,467017730.0,2943.890779184463,1.980731,469752540.0
cdd_18p3,mask_100,pop_SSP2,2050,22,325433950.0,2647.3359417721917,1.980731,326289730.0
cdd_18p3,mask_100,pop_SSP2,2050,23,105436720.0,833.1199621152864,1.980731,105730216.0
cdd_18p3,mask_100,pop_SSP2,2050,24,37908916.0,644.1063211455892,1.980731,41301784.0
cdd_18p3,mask_100,pop_SSP2,2050,25,683996800.0,2538.8764621899713,1.980731,694634560.0
cdd_18p3,mask_100,pop_SSP2,2050,26,353904900.0,1888.5579474567414,1.980731,355352580.0
cdd_18p3,mask_100,pop_SSP2,2060,1,40268856.0,334.000151905557,2.268381,43672144.0
cdd_18p3,mask_100,pop_SSP2,2060,2,388708000.0,1077.8266968667451,2.268381,390528700.0
cdd_18p3,mask_100,pop_SSP2,2060,3,130395500.0,1328.4176407823763,2.268381,150414260.0
cdd_18p3,mask_100,pop_SSP2,2060,4,113921500.0,1775.9122644775348,2.268381,114195710.0
cdd_18p3,mask_100,pop_SSP2,2060,5,223385620.0,2380.356191113587,2.268381,223749180.0
cdd_18p3,mask_100,pop_SSP2,2060,6,203331740.0,1378.8029604933308,2.268381,258169620.0
cdd_18p3,mask_100,pop_SSP2,2060,7,311798400.0,1706.1021502058736,2.268381,311802100.0
cdd_18p3,mask_100,pop_SSP2,2060,8,1305352400.0,3323.5923037055236,2.268381,1305529200.0
cdd_18p3,mask_100,pop_SSP2,2060,9,681448960.0,2013.540621833371,2.268381,709911600.0
cdd_18p3,mask_100,pop_SSP2,2060,10,69768220.0,1045.3416267428968,2.268381,69768220.0
cdd_18p3,mask_100,pop_SSP2,2060,11,363041250.0,324.5608289164906,2.268381,434905060.0
cdd_18p3,mask_100,pop_SSP2,2060,12,100621940.0,428.89270262633823,2.268381,101370700.0
cdd_18p3,mask_100,pop_SSP2,2060,13,97673030.0,783.5138147516419,2.268381,97814136.0
cdd_18p3,mask_100,pop_SSP2,2060,14,43915616.0,490.92246831878856,2.268381,43993936.0
cdd_18p3,mask_100,pop_SSP2,2060,15,106622860.0,1083.3198165106508,2.268381,109548380.0
cdd_18p3,mask_100,pop_SSP2,2060,16,148970340.0,455.5767530787592,2.268381,152312130.0
cdd_18p3,mask_100,pop_SSP2,2060,17,406214660.0,2051.391440417066,2.268381,406616400.0
cdd_18p3,mask_100,pop_SSP2,2060,18,1644521200.0,3109.0138247699565,2.268381,1648807700.0
cdd_18p3,mask_100,pop_SSP2,2060,19,66804548.0,719.58862149086,2.268381,67111020.0
cdd_18p3,mask_100,pop_SSP2,2060,20,1219074400.0,1259.3608834471686,2.268381,1234886400.0
cdd_18p3,mask_100,pop_SSP2,2060,21,470261000.0,3036.696327506796,2.268381,473015070.0
cdd_18p3,mask_100,pop_SSP2,2060,22,326448500.0,2723.413971873893,2.268381,327306980.0
cdd_18p3,mask_100,pop_SSP2,2060,23,99332664.0,879.9614820609047,2.268381,99497010.0
cdd_18p3,mask_100,pop_SSP2,2060,24,40283376.0,688.1706210437444,2.268381,43214544.0
cdd_18p3,mask_100,pop_SSP2,2060,25,735189440.0,2642.125400932022,2.268381,746201660.0
cdd_18p3,mask_100,pop_SSP2,2060,26,405728130.0,1994.2857092993224,2.268381,407346560.0
cdd_18p3,mask_100,pop_SSP2,2070,1,42654628.0,374.2010191655689,2.554702,44633880.0
cdd_18p3,mask_100,pop_SSP2,2070,2,398602700.0,1139.6535466796433,2.554702,400180160.0
cdd_18p3,mask_100,pop_SSP2,2070,3,132386930.0,1409.1922732962805,2.554702,150940340.0
cdd_18p3,mask_100,pop_SSP2,2070,4,113769160.0,1854.582989013878,2.554702,114043016.0
cdd_18p3,mask_100,pop_SSP2,2070,5,215537010.0,2485.8726118180393,2.554702,215887780.0
cdd_18p3,mask_100,pop_SSP2,2070,6,205875740.0,1443.9953851672449,2.554702,256786940.0
cdd_18p3,mask_100,pop_SSP2,2070,7,323478140.0,1786.2969842060847,2.554702,323482020.0
cdd_18p3,mask_100,pop_SSP2,2070,8,1482176800.0,3434.3279874063946,2.554702,1482260500.0
cdd_18p3,mask_100,pop_SSP2,2070,9,746234400.0,2114.778496589101,2.554702,775675140.0
cdd_18p3,mask_100,pop_SSP2,2070,10,68638130.0,1123.1532119777444,2.554702,68638130.0
cdd_18p3,mask_100,pop_SSP2,2070,11,376286080.0,355.16178182652686,2.554702,433964700.0
cdd_18p3,mask_100,pop_SSP2,2070,12,95925920.0,475.39530103754237,2.554702,96273770.0
cdd_18p3,mask_100,pop_SSP2,2070,13,95883330.0,844.2852222078714,2.554702,95941550.0
cdd_18p3,mask_100,pop_SSP2,2070,14,41826496.0,543.1557753545312,2.554702,41861824.0
cdd_18p3,mask_100,pop_SSP2,2070,15,110233460.0,1149.6893284376881,2.554702,112581130.0
cdd_18p3,mask_100,pop_SSP2,2070,16,146302620.0,499.8438293585515,2.554702,149028450.0
cdd_18p3,mask_100,pop_SSP2,2070,17,418327780.0,2143.7473851560617,2.554702,418741570.0
cdd_18p3,mask_100,pop_SSP2,2070,18,1619048600.0,3220.5755261606273,2.554702,1622686700.0
cdd_18p3,mask_100,pop_SSP2,2070,19,60918336.0,765.6616684009846,2.554702,61197800.0
cdd_18p3,mask_100,pop_SSP2,2070,20,1109427600.0,1323.075900694124,2.554702,1121519900.0
cdd_18p3,mask_100,pop_SSP2,2070,21,465715900.0,3128.3952275799356,2.554702,468443650.0
cdd_18p3,mask_100,pop_SSP2,2070,22,322414300.0,2798.909953168933,2.554702,323262140.0
cdd_18p3,mask_100,pop_SSP2,2070,23,92583290.0,926.8075157942251,2.554702,92734200.0
cdd_18p3,mask_100,pop_SSP2,2070,24,42650344.0,733.3481900003756,2.554702,44664010.0
cdd_18p3,mask_100,pop_SSP2,2070,25,773952900.0,2744.7649411819416,2.554702,782588300.0
cdd_18p3,mask_100,pop_SSP2,2070,26,448959360.0,2099.862420246618,2.554702,450714980.0
cdd_18p3,mask_100,pop_SSP2,2080,1,44225120.0,415.78359008091564,2.845921,45265812.0
cdd_18p3,mask_100,pop_SSP2,2080,2,405954240.0,1200.5923588771302,2.845921,407399500.0
cdd_18p3,mask_100,pop_SSP2,2080,3,131611130.0,1493.161418228997,2.845921,149714400.0
cdd_18p3,mask_100,pop_SSP2,2080,4,112127900.0,1931.758182281461,2.845921,112397820.0
cdd_18p3,mask_100,pop_SSP2,2080,5,205007300.0,2590.9362186219014,2.845921,205340940.0
cdd_18p3,mask_100,pop_SSP2,2080,6,203756830.0,1512.2483142870694,2.845921,251980200.0
cdd_18p3,mask_100,pop_SSP2,2080,7,330352580.0,1866.101868913867,2.845921,330356480.0
cdd_18p3,mask_100,pop_SSP2,2080,8,1632902900.0,3543.2667825280096,2.845921,1632995200.0
cdd_18p3,mask_100,pop_SSP2,2080,9,801380160.0,2212.9794415089145,2.845921,821835840.0
cdd_18p3,mask_100,pop_SSP2,2080,10,66502090.0,1209.1557896636984,2.845921,66502090.0
cdd_18p3,mask_100,pop_SSP2,2080,11,383920000.0,388.2987071660539,2.845921,433175170.0
cdd_18p3,mask_100,pop_SSP2,2080,12,91045520.0,525.1436636756853,2.845921,91335220.0
cdd_18p3,mask_100,pop_SSP2,2080,13,92986040.0,906.6942277948673,2.845921,93042460.0
cdd_18p3,mask_100,pop_SSP2,2080,14,39881184.0,593.434433332629,2.845921,39881184.0
cdd_18p3,mask_100,pop_SSP2,2080,15,112262900.0,1215.1215161481714,2.845921,114282900.0
cdd_18p3,mask_100,pop_SSP2,2080,16,143192910.0,539.8285172871966,2.845921,145581340.0
cdd_18p3,mask_100,pop_SSP2,2080,17,422117280.0,2236.8860149825787,2.845921,422534880.0
cdd_18p3,mask_100,pop_SSP2,2080,18,1565176000.0,3327.91870815632,2.845921,1568660100.0
cdd_18p3,mask_100,pop_SSP2,2080,19,55604744.0,809.4497841302267,2.845921,55754692.0
cdd_18p3,mask_100,pop_SSP2,2080,20,1004202100.0,1382.2321514518237,2.845921,1014721300.0
cdd_18p3,mask_100,pop_SSP2,2080,21,455225860.0,3216.180559886349,2.845921,457892400.0
cdd_18p3,mask_100,pop_SSP2,2080,22,314518600.0,2872.4892789237165,2.845921,315345660.0
cdd_18p3,mask_100,pop_SSP2,2080,23,85836440.0,973.7890582781893,2.845921,85943896.0
cdd_18p3,mask_100,pop_SSP2,2080,24,44302860.0,782.698527270327,2.845921,45632690.0
cdd_18p3,mask_100,pop_SSP2,2080,25,796013500.0,2844.3196260870227,2.845921,802491800.0
cdd_18p3,mask_100,pop_SSP2,2080,26,481609500.0,2206.052458768412,2.845921,483205730.0
cdd_18p3,mask_100,pop_SSP2,2090,1,44727756.0,467.05866856432453,3.137292,45264700.0
cdd_18p3,mask_100,pop_SSP2,2090,2,408340480.0,1262.647830236326,3.137292,409720960.0
cdd_18p3,mask_100,pop_SSP2,2090,3,140906660.0,1562.572188045674,3.137292,147301260.0
cdd_18p3,mask_100,pop_SSP2,2090,4,109284300.0,1998.6466037796738,3.137292,109547370.0
cdd_18p3,mask_100,pop_SSP2,2090,5,193335730.0,2682.9197490065853,3.137292,193650340.0
cdd_18p3,mask_100,pop_SSP2,2090,6,214449780.0,1572.158755175632,3.137292,244516750.0
cdd_18p3,mask_100,pop_SSP2,2090,7,333704320.0,1937.0040854255149,3.137292,333708300.0
cdd_18p3,mask_100,pop_SSP2,2090,8,1748400500.0,3631.880878498472,3.137292,1748499300.0
cdd_18p3,mask_100,pop_SSP2,2090,9,829353800.0,2299.209983348474,3.137292,850514400.0
cdd_18p3,mask_100,pop_SSP2,2090,10,63799784.0,1283.3176131602402,3.137292,63799784.0
cdd_18p3,mask_100,pop_SSP2,2090,11,395143040.0,424.5350539457968,3.137292,430576960.0
cdd_18p3,mask_100,pop_SSP2,2090,12,87129330.0,578.5553129097484,3.137292,87182820.0
cdd_18p3,mask_100,pop_SSP2,2090,13,89494080.0,956.6958584915441,3.137292,89494320.0
cdd_18p3,mask_100,pop_SSP2,2090,14,38088804.0,649.1599588941513,3.137292,38088804.0
cdd_18p3,mask_100,pop_SSP2,2090,15,113082776.0,1279.95892943108,3.137292,114867560.0
cdd_18p3,mask_100,pop_SSP2,2090,16,140383890.0,585.5548825712121,3.137292,142233840.0
cdd_18p3,mask_100,pop_SSP2,2090,17,420896600.0,2319.753047871148,3.137292,421313020.0
cdd_18p3,mask_100,pop_SSP2,2090,18,1495032700.0,3431.7514631424474,3.137292,1498046700.0
cdd_18p3,mask_100,pop_SSP2,2090,19,50558740.0,855.1351920780904,3.137292,50695056.0
cdd_18p3,mask_100,pop_SSP2,2090,20,904878460.0,1450.2664567043141,3.137292,913915000.0
cdd_18p3,mask_100,pop_SSP2,2090,21,440236030.0,3300.436636346857,3.137292,442814980.0
cdd_18p3,mask_100,pop_SSP2,2090,22,303268860.0,2937.79052335869,3.137292,304066370.0
cdd_18p3,mask_100,pop_SSP2,2090,23,80131576.0,1020.8255342803661,3.137292,80221390.0
cdd_18p3,mask_100,pop_SSP2,2090,24,44749036.0,825.3570095097684,3.137292,45970976.0
cdd_18p3,mask_100,pop_SSP2,2090,25,802563300.0,2942.322106343635,3.137292,808838660.0
cdd_18p3,mask_100,pop_SSP2,2090,26,501304200.0,2291.8019946944223,3.137292,502567100.0
cdd_18p3,mask_100,pop_SSP2,2100,1,44325990.0,527.8340922320922,3.422318,44719280.0
cdd_18p3,mask_100,pop_SSP2,2100,2,407145920.0,1324.5429464109086,3.422318,408499700.0
cdd_18p3,mask_100,pop_SSP2,2100,3,137929760.0,1614.4406609473917,3.422318,144189000.0
cdd_18p3,mask_100,pop_SSP2,2100,4,105793520.0,2052.741057023351,3.422318,106041360.0
cdd_18p3,mask_100,pop_SSP2,2100,5,181933470.0,2758.4802680528037,3.422318,182229540.0
cdd_18p3,mask_100,pop_SSP2,2100,6,207539950.0,1621.566794437167,3.422318,235626800.0
cdd_18p3,mask_100,pop_SSP2,2100,7,333028220.0,1996.542935901327,3.422318,333032160.0
cdd_18p3,mask_100,pop_SSP2,2100,8,1823155500.0,3696.189729048026,3.422318,1823155500.0
cdd_18p3,mask_100,pop_SSP2,2100,9,842684860.0,2370.364961627978,3.422318,864178800.0
cdd_18p3,mask_100,pop_SSP2,2100,10,60728110.0,1342.8160084767896,3.422318,60728110.0
cdd_18p3,mask_100,pop_SSP2,2100,11,393429200.0,463.36596512000636,3.422318,425041180.0
cdd_18p3,mask_100,pop_SSP2,2100,12,83642460.0,634.7970223859096,3.422318,83693990.0
cdd_18p3,mask_100,pop_SSP2,2100,13,85637410.0,991.951646338401,3.422318,85637630.0
cdd_18p3,mask_100,pop_SSP2,2100,14,36338800.0,709.6229275094431,3.422318,36338800.0
cdd_18p3,mask_100,pop_SSP2,2100,15,113078024.0,1342.693963551946,3.422318,114497230.0
cdd_18p3,mask_100,pop_SSP2,2100,16,137076690.0,636.5659867162854,3.422318,138470290.0
cdd_18p3,mask_100,pop_SSP2,2100,17,415984320.0,2389.4856687661504,3.422318,416395870.0
cdd_18p3,mask_100,pop_SSP2,2100,18,1418854300.0,3529.4077467298266,3.422318,1421647000.0
cdd_18p3,mask_100,pop_SSP2,2100,19,45714470.0,901.8835576358115,3.422318,45837730.0
cdd_18p3,mask_100,pop_SSP2,2100,20,817897340.0,1526.5319486745507,3.422318,825335200.0
cdd_18p3,mask_100,pop_SSP2,2100,21,422987620.0,3378.933086092906,3.422318,425465700.0
cdd_18p3,mask_100,pop_SSP2,2100,22,289645660.0,2992.5396300669336,3.422318,290407300.0
cdd_18p3,mask_100,pop_SSP2,2100,23,74779070.0,1066.8711140828702,3.422318,74862880.0
cdd_18p3,mask_100,pop_SSP2,2100,24,44603084.0,859.7117263044689,3.422318,45766380.0
cdd_18p3,mask_100,pop_SSP2,2100,25,800497100.0,3036.4293418179013,3.422318,806595840.0
cdd_18p3,mask_100,pop_SSP2,2100,26,510248160.0,2353.183107080399,3.422318,511516400.0
cdd_18p3,mask_100,pop_SSP3,2040,1,35187200.0,258.6647589492387,1.693643,40483924.0
cdd_18p3,mask_100,pop_SSP3,2040,2,362918080.0,959.6239727931455,1.693643,365363970.0
cdd_18p3,mask_100,pop_SSP3,2040,3,125114780.0,1185.254373475761,1.693643,147148340.0
cdd_18p3,mask_100,pop_SSP3,2040,4,110476500.0,1627.0681921532837,1.693643,112742000.0
cdd_18p3,mask_100,pop_SSP3,2040,5,231497540.0,2179.2009009801795,1.693643,231874340.0
cdd_18p3,mask_100,pop_SSP3,2040,6,198644290.0,1254.7081744974296,1.693643,254898480.0
cdd_18p3,mask_100,pop_SSP3,2040,7,276615970.0,1555.838224808997,1.693643,276619230.0
cdd_18p3,mask_100,pop_SSP3,2040,8,960357500.0,3115.90289107589,1.693643,960487400.0
cdd_18p3,mask_100,pop_SSP3,2040,9,526486800.0,1819.3607352649167,1.693643,562667500.0
cdd_18p3,mask_100,pop_SSP3,2040,10,67548220.0,894.6097675976164,1.693643,67615390.0
cdd_18p3,mask_100,pop_SSP3,2040,11,312507600.0,266.4299807484839,1.693643,425228200.0
cdd_18p3,mask_100,pop_SSP3,2040,12,109343020.0,344.37968888218836,1.693643,112074770.0
cdd_18p3,mask_100,pop_SSP3,2040,13,97416890.0,674.4304330596758,1.693643,97681940.0
cdd_18p3,mask_100,pop_SSP3,2040,14,47663388.0,398.0433140689081,1.693643,47893124.0
cdd_18p3,mask_100,pop_SSP3,2040,15,96320480.0,958.995998697967,1.693643,99756710.0
cdd_18p3,mask_100,pop_SSP3,2040,16,149182260.0,374.48464955731896,1.693643,155668030.0
cdd_18p3,mask_100,pop_SSP3,2040,17,360488580.0,1876.385513028969,1.693643,360844930.0
cdd_18p3,mask_100,pop_SSP3,2040,18,1642097700.0,2902.5168985854243,1.693643,1646870800.0
cdd_18p3,mask_100,pop_SSP3,2040,19,75451010.0,629.9922880298922,1.693643,76252620.0
cdd_18p3,mask_100,pop_SSP3,2040,20,1402104300.0,1135.6830171974327,1.693643,1423951500.0
cdd_18p3,mask_100,pop_SSP3,2040,21,464928220.0,2859.218815799017,1.693643,467650600.0
cdd_18p3,mask_100,pop_SSP3,2040,22,324796740.0,2578.114568182928,1.693643,325650850.0
cdd_18p3,mask_100,pop_SSP3,2040,23,111372860.0,791.6262475113407,1.693643,111718130.0
cdd_18p3,mask_100,pop_SSP3,2040,24,35536236.0,607.557264590915,1.693643,38889836.0
cdd_18p3,mask_100,pop_SSP3,2040,25,647948800.0,2449.195947536806,1.693643,658968450.0
cdd_18p3,mask_100,pop_SSP3,2040,26,308312320.0,1791.219444313202,1.693643,309730000.0
cdd_18p3,mask_100,pop_SSP3,2050,1,37049860.0,294.2376699502931,1.980731,41216212.0
cdd_18p3,mask_100,pop_SSP3,2050,2,375584060.0,1016.7230161621833,1.980731,377658750.0
cdd_18p3,mask_100,pop_SSP3,2050,3,133962500.0,1249.3178629058198,1.980731,156598080.0
cdd_18p3,mask_100,pop_SSP3,2050,4,120175970.0,1697.0242055836302,1.980731,120465210.0
cdd_18p3,mask_100,pop_SSP3,2050,5,234946110.0,2275.002514009826,1.980731,235328510.0
cdd_18p3,mask_100,pop_SSP3,2050,6,209923680.0,1314.6263244969962,1.980731,268450700.0
cdd_18p3,mask_100,pop_SSP3,2050,7,312442560.0,1626.553902021138,1.980731,312446270.0
cdd_18p3,mask_100,pop_SSP3,2050,8,1222576800.0,3212.508031986505,1.980731,1222742300.0
cdd_18p3,mask_100,pop_SSP3,2050,9,647133700.0,1911.3145525251336,1.980731,687176300.0
cdd_18p3,mask_100,pop_SSP3,2050,10,69960180.0,969.506201287029,1.980731,69993380.0
cdd_18p3,mask_100,pop_SSP3,2050,11,335914750.0,294.4364282807826,1.980731,426360400.0
cdd_18p3,mask_100,pop_SSP3,2050,12,106798344.0,383.2078384641504,1.980731,107896490.0
cdd_18p3,mask_100,pop_SSP3,2050,13,101746616.0,724.2674768891608,1.980731,101955340.0
cdd_18p3,mask_100,pop_SSP3,2050,14,45713224.0,438.60266598402626,1.980731,45861864.0
cdd_18p3,mask_100,pop_SSP3,2050,15,108608790.0,1017.744140472853,1.980731,112153120.0
cdd_18p3,mask_100,pop_SSP3,2050,16,149400200.0,410.8092388118057,1.980731,154105740.0
cdd_18p3,mask_100,pop_SSP3,2050,17,402177150.0,1960.2366815623081,1.980731,402574850.0
cdd_18p3,mask_100,pop_SSP3,2050,18,1719881200.0,2996.295741765497,1.980731,1724801000.0
cdd_18p3,mask_100,pop_SSP3,2050,19,71767990.0,672.8046656676003,1.980731,72531310.0
cdd_18p3,mask_100,pop_SSP3,2050,20,1341855000.0,1194.7771092306675,1.980731,1361459700.0
cdd_18p3,mask_100,pop_SSP3,2050,21,488405440.0,2943.501679015055,1.980731,491265600.0
cdd_18p3,mask_100,pop_SSP3,2050,22,338480160.0,2646.863919944648,1.980731,339370240.0
cdd_18p3,mask_100,pop_SSP3,2050,23,104464410.0,833.1319679237288,1.980731,104755220.0
cdd_18p3,mask_100,pop_SSP3,2050,24,37687628.0,644.171845788127,1.980731,41060684.0
cdd_18p3,mask_100,pop_SSP3,2050,25,740816000.0,2538.4106922408437,1.980731,752317300.0
cdd_18p3,mask_100,pop_SSP3,2050,26,382811840.0,1888.1059628097878,1.980731,384356320.0
cdd_18p3,mask_100,pop_SSP3,2060,1,38662200.0,334.1647017632242,2.268381,41926972.0
cdd_18p3,mask_100,pop_SSP3,2060,2,388546560.0,1078.95427614338,2.268381,390365020.0
cdd_18p3,mask_100,pop_SSP3,2060,3,142959040.0,1328.9727366293366,2.268381,164916400.0
cdd_18p3,mask_100,pop_SSP3,2060,4,126348320.0,1776.1611883213343,2.268381,126652400.0
cdd_18p3,mask_100,pop_SSP3,2060,5,234901310.0,2380.8351596061107,2.268381,235283580.0
cdd_18p3,mask_100,pop_SSP3,2060,6,219769700.0,1379.3380072051107,2.268381,279048260.0
cdd_18p3,mask_100,pop_SSP3,2060,7,345181400.0,1706.8732572990434,2.268381,345185540.0
cdd_18p3,mask_100,pop_SSP3,2060,8,1508860800.0,3323.5934927167323,2.268381,1509065200.0
cdd_18p3,mask_100,pop_SSP3,2060,9,783301700.0,2013.414797875528,2.268381,816020200.0
cdd_18p3,mask_100,pop_SSP3,2060,10,71220456.0,1046.011936833471,2.268381,71220456.0
cdd_18p3,mask_100,pop_SSP3,2060,11,356187940.0,324.56217046820217,2.268381,426685060.0
cdd_18p3,mask_100,pop_SSP3,2060,12,103574590.0,428.8651384031177,2.268381,104345420.0
cdd_18p3,mask_100,pop_SSP3,2060,13,104198760.0,784.4730039499817,2.268381,104349270.0
cdd_18p3,mask_100,pop_SSP3,2060,14,43708890.0,490.90457888692237,2.268381,43786800.0
cdd_18p3,mask_100,pop_SSP3,2060,15,119593120.0,1084.3932329442396,2.268381,122868824.0
cdd_18p3,mask_100,pop_SSP3,2060,16,149297580.0,455.84848401018525,2.268381,152645900.0
cdd_18p3,mask_100,pop_SSP3,2060,17,437791330.0,2052.621517098505,2.268381,438224400.0
cdd_18p3,mask_100,pop_SSP3,2060,18,1777323400.0,3108.5026785799737,2.268381,1781953500.0
cdd_18p3,mask_100,pop_SSP3,2060,19,67092940.0,719.5313028424538,2.268381,67400760.0
cdd_18p3,mask_100,pop_SSP3,2060,20,1252162300.0,1259.6988497235998,2.268381,1268408000.0
cdd_18p3,mask_100,pop_SSP3,2060,21,505353570.0,3036.266350461586,2.268381,508313340.0
cdd_18p3,mask_100,pop_SSP3,2060,22,348124450.0,2722.9437994518557,2.268381,349039870.0
cdd_18p3,mask_100,pop_SSP3,2060,23,98156400.0,879.9740068528423,2.268381,98318810.0
cdd_18p3,mask_100,pop_SSP3,2060,24,40209828.0,688.2377353080482,2.268381,43135644.0
cdd_18p3,mask_100,pop_SSP3,2060,25,832583040.0,2641.6478986965512,2.268381,845022850.0
cdd_18p3,mask_100,pop_SSP3,2060,26,460179200.0,1993.7791934110292,2.268381,461982820.0
cdd_18p3,mask_100,pop_SSP3,2070,1,41007136.0,374.37413217874916,2.554702,42907930.0
cdd_18p3,mask_100,pop_SSP3,2070,2,405628030.0,1140.8057497046748,2.554702,407231700.0
cdd_18p3,mask_100,pop_SSP3,2070,3,151265840.0,1409.7839336628613,2.554702,172477180.0
cdd_18p3,mask_100,pop_SSP3,2070,4,131585990.0,1854.9180174699902,2.554702,131902680.0
cdd_18p3,mask_100,pop_SSP3,2070,5,232478060.0,2486.35783419574,2.554702,232856380.0
cdd_18p3,mask_100,pop_SSP3,2070,6,230390020.0,1444.5368500850473,2.554702,287372580.0
cdd_18p3,mask_100,pop_SSP3,2070,7,373490080.0,1787.0882076076782,2.554702,373494530.0
cdd_18p3,mask_100,pop_SSP3,2070,8,1803110400.0,3434.329580089478,2.554702,1803212200.0
cdd_18p3,mask_100,pop_SSP3,2070,9,903571260.0,2114.6479725746926,2.554702,939222000.0
cdd_18p3,mask_100,pop_SSP3,2070,10,71749976.0,1123.8626587143453,2.554702,71749976.0
cdd_18p3,mask_100,pop_SSP3,2070,11,373129470.0,355.1635660164218,2.554702,430315070.0
cdd_18p3,mask_100,pop_SSP3,2070,12,100797950.0,475.36314363100223,2.554702,101163260.0
cdd_18p3,mask_100,pop_SSP3,2070,13,105671000.0,845.2730218928136,2.554702,105735150.0
cdd_18p3,mask_100,pop_SSP3,2070,14,42048230.0,543.1371250265724,2.554702,42083730.0
cdd_18p3,mask_100,pop_SSP3,2070,15,129018980.0,1150.8095576907585,2.554702,131761620.0
cdd_18p3,mask_100,pop_SSP3,2070,16,148747220.0,500.12716317519346,2.554702,151516780.0
cdd_18p3,mask_100,pop_SSP3,2070,17,466586530.0,2144.99316404088,2.554702,467048130.0
cdd_18p3,mask_100,pop_SSP3,2070,18,1817576200.0,3220.072800952706,2.554702,1821655300.0
cdd_18p3,mask_100,pop_SSP3,2070,19,61859212.0,765.6021311093684,2.554702,62143024.0
cdd_18p3,mask_100,pop_SSP3,2070,20,1165084900.0,1323.417213759461,2.554702,1177790500.0
cdd_18p3,mask_100,pop_SSP3,2070,21,518098050.0,3127.925545470034,2.554702,521132830.0
cdd_18p3,mask_100,pop_SSP3,2070,22,355221000.0,2798.441158778637,2.554702,356155140.0
cdd_18p3,mask_100,pop_SSP3,2070,23,91952616.0,926.8205566976363,2.554702,92102504.0
cdd_18p3,mask_100,pop_SSP3,2070,24,43108976.0,733.4168661462273,2.554702,45144300.0
cdd_18p3,mask_100,pop_SSP3,2070,25,919746560.0,2744.2715289998087,2.554702,929965500.0
cdd_18p3,mask_100,pop_SSP3,2070,26,535183600.0,2099.300127270648,2.554702,537235700.0
cdd_18p3,mask_100,pop_SSP3,2080,1,42967604.0,415.96338749722656,2.845921,43977050.0
cdd_18p3,mask_100,pop_SSP3,2080,2,424472500.0,1201.772774921296,2.845921,425981920.0
cdd_18p3,mask_100,pop_SSP3,2080,3,157681090.0,1493.78228414144,2.845921,179385540.0
cdd_18p3,mask_100,pop_SSP3,2080,4,135892060.0,1932.1760330560146,2.845921,136219100.0
cdd_18p3,mask_100,pop_SSP3,2080,5,228770740.0,2591.4269400539647,2.845921,229142990.0
cdd_18p3,mask_100,pop_SSP3,2080,6,237648880.0,1512.7974156806795,2.845921,293904060.0
cdd_18p3,mask_100,pop_SSP3,2080,7,400219800.0,1866.9107196450611,2.845921,400224580.0
cdd_18p3,mask_100,pop_SSP3,2080,8,2086814500.0,3543.267212911324,2.845921,2086932400.0
cdd_18p3,mask_100,pop_SSP3,2080,9,1020707140.0,2212.84287833313,2.845921,1046764160.0
cdd_18p3,mask_100,pop_SSP3,2080,10,71751544.0,1209.9095978877508,2.845921,71751544.0
cdd_18p3,mask_100,pop_SSP3,2080,11,389196670.0,388.30094600727966,2.845921,439119700.0
cdd_18p3,mask_100,pop_SSP3,2080,12,99030820.0,525.1071965343704,2.845921,99345624.0
cdd_18p3,mask_100,pop_SSP3,2080,13,106809840.0,907.7101799988853,2.845921,106874620.0
cdd_18p3,mask_100,pop_SSP3,2080,14,41169890.0,593.4155027235599,2.845921,41169890.0
cdd_18p3,mask_100,pop_SSP3,2080,15,137695550.0,1216.2894279627699,2.845921,140167870.0
cdd_18p3,mask_100,pop_SSP3,2080,16,150007660.0,540.1237247851326,2.845921,152507900.0
cdd_18p3,mask_100,pop_SSP3,2080,17,491483940.0,2238.1504781554427,2.845921,491970240.0
cdd_18p3,mask_100,pop_SSP3,2080,18,1837884900.0,3327.426418748679,2.845921,1841970200.0
cdd_18p3,mask_100,pop_SSP3,2080,19,57758012.0,809.387576629497,2.845921,57913860.0
cdd_18p3,mask_100,pop_SSP3,2080,20,1088365700.0,1382.5768679035834,2.845921,1099774300.0
cdd_18p3,mask_100,pop_SSP3,2080,21,528879740.0,3215.677919958191,2.845921,531978050.0
cdd_18p3,mask_100,pop_SSP3,2080,22,360548700.0,2872.0203924646617,2.845921,361496830.0
cdd_18p3,mask_100,pop_SSP3,2080,23,87051620.0,973.8025808147931,2.845921,87160590.0
cdd_18p3,mask_100,pop_SSP3,2080,24,45672804.0,782.7687111694945,2.845921,47043750.0
cdd_18p3,mask_100,pop_SSP3,2080,25,994133570.0,2843.800408332331,2.845921,1002221500.0
cdd_18p3,mask_100,pop_SSP3,2080,26,602704800.0,2205.4269599718104,2.845921,604655900.0
cdd_18p3,mask_100,pop_SSP3,2090,1,44446850.0,467.24579491424595,3.137292,44979364.0
cdd_18p3,mask_100,pop_SSP3,2090,2,443346750.0,1263.8427679929334,3.137292,444843650.0
cdd_18p3,mask_100,pop_SSP3,2090,3,178262830.0,1563.2158677064833,3.137292,186358780.0
cdd_18p3,mask_100,pop_SSP3,2090,4,139775700.0,1999.132156532012,3.137292,140112080.0
cdd_18p3,mask_100,pop_SSP3,2090,5,225726660.0,2683.4161729929924,3.137292,226093950.0
cdd_18p3,mask_100,pop_SSP3,2090,6,262969600.0,1572.711040060974,3.137292,299846850.0
cdd_18p3,mask_100,pop_SSP3,2090,7,426190430.0,1937.8302159535895,3.137292,426195500.0
cdd_18p3,mask_100,pop_SSP3,2090,8,2344797000.0,3631.8820475392677,3.137292,2344929300.0
cdd_18p3,mask_100,pop_SSP3,2090,9,1114947500.0,2299.06791952362,3.137292,1143401300.0
cdd_18p3,mask_100,pop_SSP3,2090,10,71592950.0,1284.1046911487147,3.137292,71592950.0
cdd_18p3,mask_100,pop_SSP3,2090,11,413608860.0,424.53773780603217,3.137292,450691100.0
cdd_18p3,mask_100,pop_SSP3,2090,12,99246660.0,578.5178748241772,3.137292,99307016.0
cdd_18p3,mask_100,pop_SSP3,2090,13,108132560.0,957.7328134352846,3.137292,108132840.0
cdd_18p3,mask_100,pop_SSP3,2090,14,40975320.0,649.1407059622542,3.137292,40975320.0
cdd_18p3,mask_100,pop_SSP3,2090,15,145690380.0,1281.167026432326,3.137292,147985220.0
cdd_18p3,mask_100,pop_SSP3,2090,16,153330830.0,585.8572621689051,3.137292,155349680.0
cdd_18p3,mask_100,pop_SSP3,2090,17,516227040.0,2321.0365332277875,3.137292,516737860.0
cdd_18p3,mask_100,pop_SSP3,2090,18,1858300900.0,3431.276819074241,3.137292,1862041900.0
cdd_18p3,mask_100,pop_SSP3,2090,19,54448096.0,855.0713369643179,3.137292,54595016.0
cdd_18p3,mask_100,pop_SSP3,2090,20,1026412300.0,1450.609558802503,3.137292,1036669800.0
cdd_18p3,mask_100,pop_SSP3,2090,21,539450500.0,3299.8936015266763,3.137292,542610940.0
cdd_18p3,mask_100,pop_SSP3,2090,22,364967600.0,2937.324670524564,3.137292,365927360.0
cdd_18p3,mask_100,pop_SSP3,2090,23,83482830.0,1020.8393832337216,3.137292,83576390.0
cdd_18p3,mask_100,pop_SSP3,2090,24,47532852.0,825.428283702433,3.137292,48830816.0
cdd_18p3,mask_100,pop_SSP3,2090,25,1058734660.0,2941.7728892189343,3.137292,1067009540.0
cdd_18p3,mask_100,pop_SSP3,2090,26,658182140.0,2291.130011394741,3.137292,659791700.0
cdd_18p3,mask_100,pop_SSP3,2100,1,45724576.0,528.0290916748912,3.422318,46129350.0
cdd_18p3,mask_100,pop_SSP3,2100,2,464549340.0,1325.7370427121614,3.422318,466091900.0
cdd_18p3,mask_100,pop_SSP3,2100,3,185597660.0,1615.0996236934516,3.422318,194026940.0
cdd_18p3,mask_100,pop_SSP3,2100,4,143947260.0,2053.2761903805235,3.422318,144284480.0
cdd_18p3,mask_100,pop_SSP3,2100,5,224798770.0,2758.982490670719,3.422318,225164530.0
cdd_18p3,mask_100,pop_SSP3,2100,6,270137630.0,1622.1173004797195,3.422318,306703700.0
cdd_18p3,mask_100,pop_SSP3,2100,7,449402700.0,1997.385578301633,3.422318,449408030.0
cdd_18p3,mask_100,pop_SSP3,2100,8,2563487200.0,3696.1937082610802,3.422318,2563487200.0
cdd_18p3,mask_100,pop_SSP3,2100,9,1199559400.0,2370.2181115953704,3.422318,1230168000.0
cdd_18p3,mask_100,pop_SSP3,2100,10,71287580.0,1343.6234294536885,3.422318,71287580.0
cdd_18p3,mask_100,pop_SSP3,2100,11,430076160.0,463.3690734731558,3.422318,464625340.0
cdd_18p3,mask_100,pop_SSP3,2100,12,100247540.0,634.7623024044133,3.422318,100308620.0
cdd_18p3,mask_100,pop_SSP3,2100,13,109952264.0,993.0012812616479,3.422318,109952550.0
cdd_18p3,mask_100,pop_SSP3,2100,14,41067064.0,709.6033132795458,3.422318,41067064.0
cdd_18p3,mask_100,pop_SSP3,2100,15,152893520.0,1343.9331124629593,3.422318,154809780.0
cdd_18p3,mask_100,pop_SSP3,2100,16,156936960.0,636.8702138753398,3.422318,158531020.0
cdd_18p3,mask_100,pop_SSP3,2100,17,540023230.0,2390.7881223195523,3.422318,540557630.0
cdd_18p3,mask_100,pop_SSP3,2100,18,1889551200.0,3528.9582726416684,3.422318,1893265500.0
cdd_18p3,mask_100,pop_SSP3,2100,19,51771540.0,901.8192149580119,3.422318,51911252.0
cdd_18p3,mask_100,pop_SSP3,2100,20,982186700.0,1526.8679609820306,3.422318,991126700.0
cdd_18p3,mask_100,pop_SSP3,2100,21,551562750.0,3378.3423902527798,3.422318,554794400.0
cdd_18p3,mask_100,pop_SSP3,2100,22,369201400.0,2992.0801763395903,3.422318,370172320.0
cdd_18p3,mask_100,pop_SSP3,2100,23,80739410.0,1066.8851116670626,3.422318,80829896.0
cdd_18p3,mask_100,pop_SSP3,2100,24,49469652.0,859.7836078827908,3.422318,50759870.0
cdd_18p3,mask_100,pop_SSP3,2100,25,1120951300.0,3035.846189296871,3.422318,1129486200.0
cdd_18p3,mask_100,pop_SSP3,2100,26,704711940.0,2352.484044976444,3.422318,706413600.0
cdd_18p3,mask_100,pop_SSP5,2040,1,37659956.0,258.38006257978435,1.693643,43332450.0
cdd_18p3,mask_100,pop_SSP5,2040,2,377589950.0,958.0430567553046,1.693643,380137380.0
cdd_18p3,mask_100,pop_SSP5,2040,3,116588860.0,1184.6882738926522,1.693643,137109700.0
cdd_18p3,mask_100,pop_SSP5,2040,4,100969160.0,1626.8707899878566,1.693643,103039730.0
cdd_18p3,mask_100,pop_SSP5,2040,5,223771900.0,2178.409632255299,1.693643,224136160.0
cdd_18p3,mask_100,pop_SSP5,2040,6,187372480.0,1253.7443309645707,1.693643,240428000.0
cdd_18p3,mask_100,pop_SSP5,2040,7,257343950.0,1554.4382937126595,1.693643,257347000.0
cdd_18p3,mask_100,pop_SSP5,2040,8,844430200.0,3115.691935224468,1.693643,844544500.0
cdd_18p3,mask_100,pop_SSP5,2040,9,467525950.0,1819.7895396006095,1.693643,499649440.0
cdd_18p3,mask_100,pop_SSP5,2040,10,67518940.0,893.2643747469402,1.693643,67583850.0
cdd_18p3,mask_100,pop_SSP5,2040,11,327010700.0,266.39509080095706,1.693643,444985760.0
cdd_18p3,mask_100,pop_SSP5,2040,12,108274770.0,344.34379684572434,1.693643,110979220.0
cdd_18p3,mask_100,pop_SSP5,2040,13,94142780.0,672.7615366479898,1.693643,94398980.0
cdd_18p3,mask_100,pop_SSP5,2040,14,48801600.0,397.95468553279886,1.693643,49036920.0
cdd_18p3,mask_100,pop_SSP5,2040,15,88027010.0,956.844910503954,1.693643,91172590.0
cdd_18p3,mask_100,pop_SSP5,2040,16,153593940.0,374.21522205541845,1.693643,160273680.0
cdd_18p3,mask_100,pop_SSP5,2040,17,344673570.0,1874.345035325427,1.693643,345014200.0
cdd_18p3,mask_100,pop_SSP5,2040,18,1556999200.0,2903.6469993752607,1.693643,1561527600.0
cdd_18p3,mask_100,pop_SSP5,2040,19,75584280.0,630.1191576171981,1.693643,76385490.0
cdd_18p3,mask_100,pop_SSP5,2040,20,1389846300.0,1135.3738754262456,1.693643,1411498900.0
cdd_18p3,mask_100,pop_SSP5,2040,21,442757060.0,2859.8136338938943,1.693643,445349380.0
cdd_18p3,mask_100,pop_SSP5,2040,22,311087170.0,2578.977165551063,1.693643,311905200.0
cdd_18p3,mask_100,pop_SSP5,2040,23,114305870.0,791.6916939588799,1.693643,114660220.0
cdd_18p3,mask_100,pop_SSP5,2040,24,36852210.0,607.6405504742019,1.693643,40330000.0
cdd_18p3,mask_100,pop_SSP5,2040,25,584737300.0,2450.328336547876,1.693643,594712060.0
cdd_18p3,mask_100,pop_SSP5,2040,26,277787170.0,1792.0555115388056,1.693643,279094100.0
cdd_18p3,mask_100,pop_SSP5,2050,1,41643624.0,293.9322948015098,1.980731,46331800.0
cdd_18p3,mask_100,pop_SSP5,2050,2,400362500.0,1015.1074963807097,1.980731,402577570.0
cdd_18p3,mask_100,pop_SSP5,2050,3,118353890.0,1248.6907626008115,1.980731,138332980.0
cdd_18p3,mask_100,pop_SSP5,2050,4,103025780.0,1696.6992445062808,1.980731,103273816.0
cdd_18p3,mask_100,pop_SSP5,2050,5,221525780.0,2274.198637014711,1.980731,221886370.0
cdd_18p3,mask_100,pop_SSP5,2050,6,189311620.0,1313.6540570013992,1.980731,242080480.0
cdd_18p3,mask_100,pop_SSP5,2050,7,273580380.0,1625.12414640338,1.980731,273583650.0
cdd_18p3,mask_100,pop_SSP5,2050,8,972396900.0,3212.2958667045045,1.980731,972528600.0
cdd_18p3,mask_100,pop_SSP5,2050,9,525212220.0,1911.7349358932377,1.980731,557712000.0
cdd_18p3,mask_100,pop_SSP5,2050,10,69466450.0,968.0831102606513,1.980731,69496184.0
cdd_18p3,mask_100,pop_SSP5,2050,11,363437000.0,294.39763790489434,1.980731,461321340.0
cdd_18p3,mask_100,pop_SSP5,2050,12,105432480.0,383.16914418236047,1.980731,106517320.0
cdd_18p3,mask_100,pop_SSP5,2050,13,96009280.0,722.547824856835,1.980731,96206350.0
cdd_18p3,mask_100,pop_SSP5,2050,14,47736320.0,438.50736915884187,1.980731,47891656.0
cdd_18p3,mask_100,pop_SSP5,2050,15,92110960.0,1015.5061034620738,1.980731,95126180.0
cdd_18p3,mask_100,pop_SSP5,2050,16,156724880.0,410.5302790921089,1.980731,161663440.0
cdd_18p3,mask_100,pop_SSP5,2050,17,369761280.0,1958.1679880362053,1.980731,370126800.0
cdd_18p3,mask_100,pop_SSP5,2050,18,1564897200.0,2997.420351920628,1.980731,1569378600.0
cdd_18p3,mask_100,pop_SSP5,2050,19,72662984.0,672.9371308838568,1.980731,73432060.0
cdd_18p3,mask_100,pop_SSP5,2050,20,1328118700.0,1194.4632044230016,1.980731,1347515400.0
cdd_18p3,mask_100,pop_SSP5,2050,21,446987700.0,2944.151129078382,1.980731,449605060.0
cdd_18p3,mask_100,pop_SSP5,2050,22,313269440.0,2647.720230629192,1.980731,314093250.0
cdd_18p3,mask_100,pop_SSP5,2050,23,109363384.0,833.1996287256251,1.980731,109667816.0
cdd_18p3,mask_100,pop_SSP5,2050,24,39922636.0,644.2572200295808,1.980731,43495732.0
cdd_18p3,mask_100,pop_SSP5,2050,25,616334340.0,2539.5099246959994,1.980731,625951600.0
cdd_18p3,mask_100,pop_SSP5,2050,26,316752160.0,1889.0613207513468,1.980731,318077120.0
cdd_18p3,mask_100,pop_SSP5,2060,1,45133910.0,333.84120307533914,2.268381,48951268.0
cdd_18p3,mask_100,pop_SSP5,2060,2,419146100.0,1077.3011781538257,2.268381,421112130.0
cdd_18p3,mask_100,pop_SSP5,2060,3,118355660.0,1328.275114232051,2.268381,136508750.0
cdd_18p3,mask_100,pop_SSP5,2060,4,100824696.0,1775.6623569552687,2.268381,101067450.0
cdd_18p3,mask_100,pop_SSP5,2060,5,214693250.0,2380.0199264326848,2.268381,215042690.0
cdd_18p3,mask_100,pop_SSP5,2060,6,187831650.0,1378.3555812622699,2.268381,238479630.0
cdd_18p3,mask_100,pop_SSP5,2060,7,281905630.0,1705.404497620987,2.268381,281909000.0
cdd_18p3,mask_100,pop_SSP5,2060,8,1075482600.0,3323.380410507638,2.268381,1075628300.0
cdd_18p3,mask_100,pop_SSP5,2060,9,575211900.0,2013.840109616903,2.268381,599240960.0
cdd_18p3,mask_100,pop_SSP5,2060,10,69534510.0,1044.5074640674193,2.268381,69534510.0
cdd_18p3,mask_100,pop_SSP5,2060,11,395722050.0,324.51819619406984,2.268381,474071840.0
cdd_18p3,mask_100,pop_SSP5,2060,12,101461430.0,428.824241053309,2.268381,102216340.0
cdd_18p3,mask_100,pop_SSP5,2060,13,95581840.0,782.6973474723953,2.268381,95719980.0
cdd_18p3,mask_100,pop_SSP5,2060,14,46433640.0,490.8002666891315,2.268381,46516504.0
cdd_18p3,mask_100,pop_SSP5,2060,15,93299784.0,1082.0529381836407,2.268381,95867900.0
cdd_18p3,mask_100,pop_SSP5,2060,16,158625380.0,455.55925385150806,2.268381,162185360.0
cdd_18p3,mask_100,pop_SSP5,2060,17,384689150.0,2050.5264991987547,2.268381,385069500.0
cdd_18p3,mask_100,pop_SSP5,2060,18,1535508200.0,3109.6112314775814,2.268381,1539514600.0
cdd_18p3,mask_100,pop_SSP5,2060,19,68652216.0,719.670129937512,2.268381,68967150.0
cdd_18p3,mask_100,pop_SSP5,2060,20,1235382000.0,1259.3805766914395,2.268381,1251398500.0
cdd_18p3,mask_100,pop_SSP5,2060,21,440733060.0,3036.9893347042803,2.268381,443314000.0
cdd_18p3,mask_100,pop_SSP5,2060,22,308051460.0,2723.7967581257076,2.268381,308861500.0
cdd_18p3,mask_100,pop_SSP5,2060,23,104912040.0,880.0446284989513,2.268381,105085610.0
cdd_18p3,mask_100,pop_SSP5,2060,24,43076660.0,688.3251693625778,2.268381,46211076.0
cdd_18p3,mask_100,pop_SSP5,2060,25,630032600.0,2642.778075329904,2.268381,639516160.0
cdd_18p3,mask_100,pop_SSP5,2060,26,346299740.0,1994.8535485227726,2.268381,347721730.0
cdd_18p3,mask_100,pop_SSP5,2070,1,48695772.0,374.0342255084976,2.554702,50957204.0
cdd_18p3,mask_100,pop_SSP5,2070,2,434015580.0,1139.1141883582836,2.554702,435736060.0
cdd_18p3,mask_100,pop_SSP5,2070,3,116314010.0,1409.019189096217,2.554702,132594584.0
cdd_18p3,mask_100,pop_SSP5,2070,4,97094800.0,1854.2450578164578,2.554702,97328590.0
cdd_18p3,mask_100,pop_SSP5,2070,5,203934940.0,2485.5317042172564,2.554702,204266880.0
cdd_18p3,mask_100,pop_SSP5,2070,6,185047740.0,1443.5437104769446,2.554702,230797540.0
cdd_18p3,mask_100,pop_SSP5,2070,7,282726800.0,1785.581229637531,2.554702,282730140.0
cdd_18p3,mask_100,pop_SSP5,2070,8,1150940700.0,3434.1161932817427,2.554702,1151005600.0
cdd_18p3,mask_100,pop_SSP5,2070,9,599781600.0,2115.0802470567282,2.554702,623450400.0
cdd_18p3,mask_100,pop_SSP5,2070,10,67827340.0,1122.2748920310555,2.554702,67827340.0
cdd_18p3,mask_100,pop_SSP5,2070,11,416807600.0,355.11435903179205,2.554702,480712100.0
cdd_18p3,mask_100,pop_SSP5,2070,12,97057220.0,475.31986676004965,2.554702,97409496.0
cdd_18p3,mask_100,pop_SSP5,2070,13,93290230.0,843.4412991536195,2.554702,93346936.0
cdd_18p3,mask_100,pop_SSP5,2070,14,44842264.0,543.0236945441476,2.554702,44880170.0
cdd_18p3,mask_100,pop_SSP5,2070,15,92464820.0,1148.3664166534418,2.554702,94441750.0
cdd_18p3,mask_100,pop_SSP5,2070,16,157862880.0,499.8274309212789,2.554702,160806910.0
cdd_18p3,mask_100,pop_SSP5,2070,17,388632000.0,2142.870943464126,2.554702,389016320.0
cdd_18p3,mask_100,pop_SSP5,2070,18,1474811800.0,3221.1633187517004,2.554702,1478133200.0
cdd_18p3,mask_100,pop_SSP5,2070,19,63079452.0,765.7472551074522,2.554702,63368810.0
cdd_18p3,mask_100,pop_SSP5,2070,20,1128208300.0,1323.0946339628326,2.554702,1140496000.0
cdd_18p3,mask_100,pop_SSP5,2070,21,425916030.0,3128.719998316917,2.554702,428410430.0
cdd_18p3,mask_100,pop_SSP5,2070,22,296336640.0,2799.291621344015,2.554702,297115900.0
cdd_18p3,mask_100,pop_SSP5,2070,23,99548540.0,926.8941236797197,2.554702,99710800.0
cdd_18p3,mask_100,pop_SSP5,2070,24,45980824.0,733.5063233203914,2.554702,48151736.0
cdd_18p3,mask_100,pop_SSP5,2070,25,631028350.0,2745.4421372708343,2.554702,638131300.0
cdd_18p3,mask_100,pop_SSP5,2070,26,365587800.0,2100.4963576019995,2.554702,367066000.0
cdd_18p3,mask_100,pop_SSP5,2080,1,51060004.0,415.6130209139298,2.845921,52262844.0
cdd_18p3,mask_100,pop_SSP5,2080,2,444427140.0,1200.038427136745,2.845921,446012320.0
cdd_18p3,mask_100,pop_SSP5,2080,3,112052456.0,1492.9654018533022,2.845921,127441710.0
cdd_18p3,mask_100,pop_SSP5,2080,4,92363460.0,1931.3355723159812,2.845921,92585890.0
cdd_18p3,mask_100,pop_SSP5,2080,5,190425780.0,2590.591086293907,2.845921,190735710.0
cdd_18p3,mask_100,pop_SSP5,2080,6,178060700.0,1511.7913146425121,2.845921,220191060.0
cdd_18p3,mask_100,pop_SSP5,2080,7,278586560.0,1865.370284790587,2.845921,278589900.0
cdd_18p3,mask_100,pop_SSP5,2080,8,1198899300.0,3543.0560443673144,2.845921,1198967000.0
cdd_18p3,mask_100,pop_SSP5,2080,9,615606140.0,2213.2869803228373,2.845921,631325600.0
cdd_18p3,mask_100,pop_SSP5,2080,10,64640944.0,1208.2283449709882,2.845921,64640944.0
cdd_18p3,mask_100,pop_SSP5,2080,11,428040770.0,388.2464961053766,2.845921,482969020.0
cdd_18p3,mask_100,pop_SSP5,2080,12,91995576.0,525.0605095825929,2.845921,92288720.0
cdd_18p3,mask_100,pop_SSP5,2080,13,89711910.0,905.8216362016648,2.845921,89766420.0
cdd_18p3,mask_100,pop_SSP5,2080,14,42962130.0,593.2928937424678,2.845921,42962130.0
cdd_18p3,mask_100,pop_SSP5,2080,15,90291730.0,1213.7417713768325,2.845921,91924680.0
cdd_18p3,mask_100,pop_SSP5,2080,16,155154300.0,539.8123302296932,2.845921,157745150.0
cdd_18p3,mask_100,pop_SSP5,2080,17,383775200.0,2235.9956840976206,2.845921,384154720.0
cdd_18p3,mask_100,pop_SSP5,2080,18,1386790300.0,3328.493004438398,2.845921,1389885600.0
cdd_18p3,mask_100,pop_SSP5,2080,19,57768800.0,809.5387195470553,2.845921,57924530.0
cdd_18p3,mask_100,pop_SSP5,2080,20,1020794500.0,1382.2499610538675,2.845921,1031476350.0
cdd_18p3,mask_100,pop_SSP5,2080,21,405153250.0,3216.531846760483,2.845921,407526200.0
cdd_18p3,mask_100,pop_SSP5,2080,22,280563550.0,2872.8710285709612,2.845921,281301340.0
cdd_18p3,mask_100,pop_SSP5,2080,23,92722920.0,973.8789072258909,2.845921,92839010.0
cdd_18p3,mask_100,pop_SSP5,2080,24,47849036.0,782.8601190758895,2.845921,49285304.0
cdd_18p3,mask_100,pop_SSP5,2080,25,619590460.0,2845.0338659758922,2.845921,624636300.0
cdd_18p3,mask_100,pop_SSP5,2080,26,375413700.0,2206.7620750563997,2.845921,376710100.0
cdd_18p3,mask_100,pop_SSP5,2090,1,51477304.0,466.88456376805794,3.137292,52095904.0
cdd_18p3,mask_100,pop_SSP5,2090,2,446820800.0,1262.0804089162373,3.137292,448334460.0
cdd_18p3,mask_100,pop_SSP5,2090,3,115982280.0,1562.3589585143777,3.137292,121236936.0
cdd_18p3,mask_100,pop_SSP5,2090,4,86758930.0,1998.1547809398257,3.137292,86967870.0
cdd_18p3,mask_100,pop_SSP5,2090,5,175516770.0,2682.570443982608,3.137292,175802430.0
cdd_18p3,mask_100,pop_SSP5,2090,6,181655700.0,1571.7000933971556,3.137292,207117020.0
cdd_18p3,mask_100,pop_SSP5,2090,7,271135070.0,1936.257065000503,3.137292,271138300.0
cdd_18p3,mask_100,pop_SSP5,2090,8,1216097400.0,3631.669127013622,3.137292,1216166100.0
cdd_18p3,mask_100,pop_SSP5,2090,9,608688200.0,2299.5221084368623,3.137292,624225340.0
cdd_18p3,mask_100,pop_SSP5,2090,10,60318396.0,1282.3529564053642,3.137292,60318396.0
cdd_18p3,mask_100,pop_SSP5,2090,11,435689470.0,424.4773732148296,3.137292,474767650.0
cdd_18p3,mask_100,pop_SSP5,2090,12,87102840.0,578.4645859696014,3.137292,87156970.0
cdd_18p3,mask_100,pop_SSP5,2090,13,85383390.0,955.7997543704465,3.137292,85383620.0
cdd_18p3,mask_100,pop_SSP5,2090,14,40788630.0,649.0118428314111,3.137292,40788630.0
cdd_18p3,mask_100,pop_SSP5,2090,15,87221070.0,1278.5305675242287,3.137292,88606020.0
cdd_18p3,mask_100,pop_SSP5,2090,16,151176850.0,585.5392853993708,3.137292,153171410.0
cdd_18p3,mask_100,pop_SSP5,2090,17,372351550.0,2318.8486009315493,3.137292,372719740.0
cdd_18p3,mask_100,pop_SSP5,2090,18,1277561300.0,3432.303535427094,3.137292,1280144800.0
cdd_18p3,mask_100,pop_SSP5,2090,19,52461640.0,855.2280232290258,3.137292,52603030.0
cdd_18p3,mask_100,pop_SSP5,2090,20,913626750.0,1450.2828281387224,3.137292,922740200.0
cdd_18p3,mask_100,pop_SSP5,2090,21,379655740.0,3300.8203308976417,3.137292,381879500.0
cdd_18p3,mask_100,pop_SSP5,2090,22,262249380.0,2938.1698157365004,3.137292,262939000.0
cdd_18p3,mask_100,pop_SSP5,2090,23,85316880.0,1020.9176302795427,3.137292,85412500.0
cdd_18p3,mask_100,pop_SSP5,2090,24,47762576.0,825.5210994452942,3.137292,49066810.0
cdd_18p3,mask_100,pop_SSP5,2090,25,596779300.0,2943.080090488097,3.137292,601448960.0
cdd_18p3,mask_100,pop_SSP5,2090,26,375259330.0,2292.5671992885805,3.137292,376255400.0
cdd_18p3,mask_100,pop_SSP5,2100,1,49434656.0,527.6567943120103,3.422318,49873596.0
cdd_18p3,mask_100,pop_SSP5,2100,2,438420200.0,1323.9635274905734,3.422318,439881250.0
cdd_18p3,mask_100,pop_SSP5,2100,3,108517390.0,1614.216884770926,3.422318,113432290.0
cdd_18p3,mask_100,pop_SSP5,2100,4,80377870.0,2052.1985560072753,3.422318,80566170.0
cdd_18p3,mask_100,pop_SSP5,2100,5,159278430.0,2758.1269407413865,3.422318,159537630.0
cdd_18p3,mask_100,pop_SSP5,2100,6,168782020.0,1621.110530937125,3.422318,191616370.0
cdd_18p3,mask_100,pop_SSP5,2100,7,260874130.0,1995.7812561177188,3.422318,260877220.0
cdd_18p3,mask_100,pop_SSP5,2100,8,1201983700.0,3695.9747139671986,3.422318,1201983700.0
cdd_18p3,mask_100,pop_SSP5,2100,9,589398900.0,2370.680250127296,3.422318,604439230.0
cdd_18p3,mask_100,pop_SSP5,2100,10,55405904.0,1341.828056292102,3.422318,55405904.0
cdd_18p3,mask_100,pop_SSP5,2100,11,419310140.0,463.3021885036375,3.422318,453007740.0
cdd_18p3,mask_100,pop_SSP5,2100,12,81881780.0,634.6990532782229,3.422318,81932770.0
cdd_18p3,mask_100,pop_SSP5,2100,13,80546310.0,991.038218574265,3.422318,80546520.0
cdd_18p3,mask_100,pop_SSP5,2100,14,38433052.0,709.4715478983436,3.422318,38433052.0
cdd_18p3,mask_100,pop_SSP5,2100,15,83906730.0,1341.2270954144801,3.422318,84967690.0
cdd_18p3,mask_100,pop_SSP5,2100,16,146005620.0,636.551381999769,3.422318,147491890.0
cdd_18p3,mask_100,pop_SSP5,2100,17,355404260.0,2388.567172070592,3.422318,355755700.0
cdd_18p3,mask_100,pop_SSP5,2100,18,1155891000.0,3529.9285051619113,3.422318,1158173400.0
cdd_18p3,mask_100,pop_SSP5,2100,19,46879348.0,901.9807983079543,3.422318,47005696.0
cdd_18p3,mask_100,pop_SSP5,2100,20,817327300.0,1526.54634895238,3.422318,824748540.0
cdd_18p3,mask_100,pop_SSP5,2100,21,350616320.0,3379.354935332985,3.422318,352670080.0
cdd_18p3,mask_100,pop_SSP5,2100,22,241608450.0,2992.9137315241273,3.422318,242243790.0
cdd_18p3,mask_100,pop_SSP5,2100,23,77294260.0,1066.964315085751,3.422318,77380890.0
cdd_18p3,mask_100,pop_SSP5,2100,24,46071656.0,859.8772036777697,3.422318,47273250.0
cdd_18p3,mask_100,pop_SSP5,2100,25,567620500.0,3037.2374523837425,3.422318,571949250.0
cdd_18p3,mask_100,pop_SSP5,2100,26,366161800.0,2353.980589947777,3.422318,367119550.0
cdd_18p3,mask_200,pop_SSP1,2040,1,25400324.0,258.5084890239383,1.693643,41337404.0
cdd_18p3,mask_200,pop_SSP1,2040,2,354024640.0,957.8989449107795,1.693643,367037060.0
cdd_18p3,mask_200,pop_SSP1,2040,3,104608980.0,1184.4434187899565,1.693643,138872290.0
cdd_18p3,mask_200,pop_SSP1,2040,4,103094610.0,1626.8990495108237,1.693643,105208740.0
cdd_18p3,mask_200,pop_SSP1,2040,5,223861490.0,2178.4212278219284,1.693643,224225860.0
cdd_18p3,mask_200,pop_SSP1,2040,6,179696640.0,1253.815518879835,1.693643,242465470.0
cdd_18p3,mask_200,pop_SSP1,2040,7,258728100.0,1554.501774964426,1.693643,258731170.0
cdd_18p3,mask_200,pop_SSP1,2040,8,845989300.0,3115.601751674499,1.693643,848988800.0
cdd_18p3,mask_200,pop_SSP1,2040,9,457337440.0,1819.8296328263855,1.693643,504946800.0
cdd_18p3,mask_200,pop_SSP1,2040,10,66686630.0,893.3615103286159,1.693643,67584720.0
cdd_18p3,mask_200,pop_SSP1,2040,11,233357550.0,266.4350663007431,1.693643,431206400.0
cdd_18p3,mask_200,pop_SSP1,2040,12,83139500.0,344.40814465726305,1.693643,111707960.0
cdd_18p3,mask_200,pop_SSP1,2040,13,93182040.0,672.5166128505679,1.693643,94843990.0
cdd_18p3,mask_200,pop_SSP1,2040,14,44970480.0,398.06262966639946,1.693643,48440990.0
cdd_18p3,mask_200,pop_SSP1,2040,15,86381040.0,957.1684979199122,1.693643,92945240.0
cdd_18p3,mask_200,pop_SSP1,2040,16,124496130.0,374.0730658076767,1.693643,156855440.0
cdd_18p3,mask_200,pop_SSP1,2040,17,341798820.0,1874.2017360440839,1.693643,342136600.0
cdd_18p3,mask_200,pop_SSP1,2040,18,1556419800.0,2903.4402725320842,1.693643,1563959600.0
cdd_18p3,mask_200,pop_SSP1,2040,19,74062456.0,630.0734978589335,1.693643,76428100.0
cdd_18p3,mask_200,pop_SSP1,2040,20,1378711800.0,1135.4159263454742,1.693643,1414905100.0
cdd_18p3,mask_200,pop_SSP1,2040,21,443249540.0,2859.783027594782,1.693643,445849020.0
cdd_18p3,mask_200,pop_SSP1,2040,22,311212100.0,2578.974224402152,1.693643,312030500.0
cdd_18p3,mask_200,pop_SSP1,2040,23,111521440.0,791.6325455884988,1.693643,113431120.0
cdd_18p3,mask_200,pop_SSP1,2040,24,33963200.0,607.405220126244,1.693643,38909136.0
cdd_18p3,mask_200,pop_SSP1,2040,25,590634300.0,2450.084124758127,1.693643,606828100.0
cdd_18p3,mask_200,pop_SSP1,2040,26,279650720.0,1792.0081708577093,1.693643,281171600.0
cdd_18p3,mask_200,pop_SSP1,2050,1,27350322.0,294.0706002225668,1.980731,42730160.0
cdd_18p3,mask_200,pop_SSP1,2050,2,370866800.0,1014.9657130673824,1.980731,379067230.0
cdd_18p3,mask_200,pop_SSP1,2050,3,114723910.0,1248.4501021820015,1.980731,141275540.0
cdd_18p3,mask_200,pop_SSP1,2050,4,104585720.0,1696.747089556009,1.980731,106730440.0
cdd_18p3,mask_200,pop_SSP1,2050,5,221647170.0,2274.210675901001,1.980731,222007940.0
cdd_18p3,mask_200,pop_SSP1,2050,6,186818270.0,1313.7249264007335,1.980731,245458220.0
cdd_18p3,mask_200,pop_SSP1,2050,7,276051260.0,1625.1888030700961,1.980731,276054530.0
cdd_18p3,mask_200,pop_SSP1,2050,8,981647940.0,3212.206709713402,1.980731,981780860.0
cdd_18p3,mask_200,pop_SSP1,2050,9,524386700.0,1911.7740862230821,1.980731,567637300.0
cdd_18p3,mask_200,pop_SSP1,2050,10,69362020.0,968.1850550165505,1.980731,69499650.0
cdd_18p3,mask_200,pop_SSP1,2050,11,267048370.0,294.44184146446906,1.980731,436203360.0
cdd_18p3,mask_200,pop_SSP1,2050,12,87245650.0,383.2403942313741,1.980731,107122160.0
cdd_18p3,mask_200,pop_SSP1,2050,13,95509680.0,722.2950232772545,1.980731,96936720.0
cdd_18p3,mask_200,pop_SSP1,2050,14,45092716.0,438.62276189122326,1.980731,46647932.0
cdd_18p3,mask_200,pop_SSP1,2050,15,91504400.0,1015.8433686317347,1.980731,98202280.0
cdd_18p3,mask_200,pop_SSP1,2050,16,129358500.0,410.3835771802766,1.980731,155298020.0
cdd_18p3,mask_200,pop_SSP1,2050,17,365334800.0,1958.0241494338027,1.980731,365695940.0
cdd_18p3,mask_200,pop_SSP1,2050,18,1565913600.0,2997.2143530159615,1.980731,1573453300.0
cdd_18p3,mask_200,pop_SSP1,2050,19,71361300.0,672.8893109590899,1.980731,73376910.0
cdd_18p3,mask_200,pop_SSP1,2050,20,1322380800.0,1194.505859019213,1.980731,1352791300.0
cdd_18p3,mask_200,pop_SSP1,2050,21,447669860.0,2944.1197784442193,1.980731,450295300.0
cdd_18p3,mask_200,pop_SSP1,2050,22,313463700.0,2647.7173224240255,1.980731,314288030.0
cdd_18p3,mask_200,pop_SSP1,2050,23,106201610.0,833.1384801913014,1.980731,107435820.0
cdd_18p3,mask_200,pop_SSP1,2050,24,35914570.0,644.015990017217,1.980731,40958290.0
cdd_18p3,mask_200,pop_SSP1,2050,25,631202050.0,2539.2692083088828,1.980731,647567100.0
cdd_18p3,mask_200,pop_SSP1,2050,26,320676400.0,1889.0072414624417,1.980731,322151000.0
cdd_18p3,mask_200,pop_SSP1,2060,1,32752676.0,333.9878198000651,2.268381,43724424.0
cdd_18p3,mask_200,pop_SSP1,2060,2,382420100.0,1077.1593569986053,2.268381,386854980.0
cdd_18p3,mask_200,pop_SSP1,2060,3,119491736.0,1328.0411095718453,2.268381,140542530.0
cdd_18p3,mask_200,pop_SSP1,2060,4,103473220.0,1775.7369003227757,2.268381,105595120.0
cdd_18p3,mask_200,pop_SSP1,2060,5,214815650.0,2380.032317479414,2.268381,215165280.0
cdd_18p3,mask_200,pop_SSP1,2060,6,186993660.0,1378.4262457425746,2.268381,243065360.0
cdd_18p3,mask_200,pop_SSP1,2060,7,285473000.0,1705.4708425358392,2.268381,285476380.0
cdd_18p3,mask_200,pop_SSP1,2060,8,1090562400.0,3323.291846967526,2.268381,1090710100.0
cdd_18p3,mask_200,pop_SSP1,2060,9,572819840.0,2013.876947277,2.268381,614193150.0
cdd_18p3,mask_200,pop_SSP1,2060,10,69381730.0,1044.6144870661842,2.268381,69521660.0
cdd_18p3,mask_200,pop_SSP1,2060,11,284672030.0,324.5679599387131,2.268381,437019330.0
cdd_18p3,mask_200,pop_SSP1,2060,12,90960070.0,428.9034780186867,2.268381,102368690.0
cdd_18p3,mask_200,pop_SSP1,2060,13,95916030.0,782.436191875285,2.268381,96692240.0
cdd_18p3,mask_200,pop_SSP1,2060,14,43934776.0,490.9258342128305,2.268381,44486428.0
cdd_18p3,mask_200,pop_SSP1,2060,15,95726660.0,1082.4065069003693,2.268381,100182490.0
cdd_18p3,mask_200,pop_SSP1,2060,16,131085176.0,455.4041536217947,2.268381,152653250.0
cdd_18p3,mask_200,pop_SSP1,2060,17,378872700.0,2050.3815068486892,2.268381,379247300.0
cdd_18p3,mask_200,pop_SSP1,2060,18,1540610600.0,3109.4077451698704,2.268381,1545084400.0
cdd_18p3,mask_200,pop_SSP1,2060,19,67008484.0,719.6198582086049,2.268381,68708940.0
cdd_18p3,mask_200,pop_SSP1,2060,20,1232993300.0,1259.423816783191,2.268381,1258049700.0
cdd_18p3,mask_200,pop_SSP1,2060,21,441429660.0,3036.95719253654,2.268381,444014660.0
cdd_18p3,mask_200,pop_SSP1,2060,22,308284100.0,2723.793872489056,2.268381,309094800.0
cdd_18p3,mask_200,pop_SSP1,2060,23,100741070.0,879.9808048769817,2.268381,101781510.0
cdd_18p3,mask_200,pop_SSP1,2060,24,37713784.0,688.0781207425299,2.268381,42555550.0
cdd_18p3,mask_200,pop_SSP1,2060,25,656521660.0,2642.528316032549,2.268381,671092740.0
cdd_18p3,mask_200,pop_SSP1,2060,26,352518700.0,1994.7927379729335,2.268381,354106900.0
cdd_18p3,mask_200,pop_SSP1,2070,1,36267850.0,374.18796534469556,2.554702,44364012.0
cdd_18p3,mask_200,pop_SSP1,2070,2,388508770.0,1138.9718140219704,2.554702,392172800.0
cdd_18p3,mask_200,pop_SSP1,2070,3,117576000.0,1408.7913568607732,2.554702,137426370.0
cdd_18p3,mask_200,pop_SSP1,2070,4,102300370.0,1854.3463409923904,2.554702,102546620.0
cdd_18p3,mask_200,pop_SSP1,2070,5,204026980.0,2485.5444580761327,2.554702,204359040.0
cdd_18p3,mask_200,pop_SSP1,2070,6,183267860.0,1443.6142195476723,2.554702,236221260.0
cdd_18p3,mask_200,pop_SSP1,2070,7,287184900.0,1785.6492265353963,2.554702,287188320.0
cdd_18p3,mask_200,pop_SSP1,2070,8,1171555600.0,3434.0280262514666,2.554702,1171714300.0
cdd_18p3,mask_200,pop_SSP1,2070,9,605483140.0,2115.11483814041,2.554702,642925440.0
cdd_18p3,mask_200,pop_SSP1,2070,10,67683350.0,1122.3870764045937,2.554702,67755464.0
cdd_18p3,mask_200,pop_SSP1,2070,11,302044540.0,355.16972989916644,2.554702,433117380.0
cdd_18p3,mask_200,pop_SSP1,2070,12,91364240.0,475.4072918546668,2.554702,96934740.0
cdd_18p3,mask_200,pop_SSP1,2070,13,94175190.0,843.1717077968257,2.554702,94466090.0
cdd_18p3,mask_200,pop_SSP1,2070,14,41810730.0,543.1594516219823,2.554702,42106644.0
cdd_18p3,mask_200,pop_SSP1,2070,15,95871070.0,1148.7364136479177,2.554702,99628890.0
cdd_18p3,mask_200,pop_SSP1,2070,16,139178050.0,499.66394835839,2.554702,148472910.0
cdd_18p3,mask_200,pop_SSP1,2070,17,381678240.0,2142.7247820955654,2.554702,382055680.0
cdd_18p3,mask_200,pop_SSP1,2070,18,1480463100.0,3220.9629587375157,2.554702,1484759600.0
cdd_18p3,mask_200,pop_SSP1,2070,19,61594240.0,765.6945987768187,2.554702,62868164.0
cdd_18p3,mask_200,pop_SSP1,2070,20,1127889000.0,1323.1384360327459,2.554702,1147859800.0
cdd_18p3,mask_200,pop_SSP1,2070,21,426393730.0,3128.6870831502783,2.554702,428890880.0
cdd_18p3,mask_200,pop_SSP1,2070,22,296577760.0,2799.288754885504,2.554702,297357660.0
cdd_18p3,mask_200,pop_SSP1,2070,23,94779950.0,926.8276389998156,2.554702,95463000.0
cdd_18p3,mask_200,pop_SSP1,2070,24,39505800.0,733.2535598481569,2.554702,43537636.0
cdd_18p3,mask_200,pop_SSP1,2070,25,666729000.0,2745.181550000652,2.554702,677983000.0
cdd_18p3,mask_200,pop_SSP1,2070,26,373904300.0,2100.42865701021,2.554702,375558880.0
cdd_18p3,mask_200,pop_SSP1,2080,1,39007250.0,415.7695424282354,2.845921,44620250.0
cdd_18p3,mask_200,pop_SSP1,2080,2,392698050.0,1199.8939997424982,2.845921,395203330.0
cdd_18p3,mask_200,pop_SSP1,2080,3,115062740.0,1492.7411435948204,2.845921,132715140.0
cdd_18p3,mask_200,pop_SSP1,2080,4,97863180.0,1931.4625853027032,2.845921,98098780.0
cdd_18p3,mask_200,pop_SSP1,2080,5,190463550.0,2590.6042903751522,2.845921,190773550.0
cdd_18p3,mask_200,pop_SSP1,2080,6,177772450.0,1511.8618396323936,2.845921,226005010.0
cdd_18p3,mask_200,pop_SSP1,2080,7,283654700.0,1865.4396822136616,2.845921,283658080.0
cdd_18p3,mask_200,pop_SSP1,2080,8,1223970300.0,3542.967578203882,2.845921,1224136200.0
cdd_18p3,mask_200,pop_SSP1,2080,9,627049300.0,2213.319946036242,2.845921,654119700.0
cdd_18p3,mask_200,pop_SSP1,2080,10,64400868.0,1208.346158160633,2.845921,64471650.0
cdd_18p3,mask_200,pop_SSP1,2080,11,305019550.0,388.3074753436685,2.845921,426984860.0
cdd_18p3,mask_200,pop_SSP1,2080,12,87863290.0,525.1569586681112,2.845921,91174940.0
cdd_18p3,mask_200,pop_SSP1,2080,13,90709930.0,905.5430883474844,2.845921,90921100.0
cdd_18p3,mask_200,pop_SSP1,2080,14,39470020.0,593.4384461476401,2.845921,39598330.0
cdd_18p3,mask_200,pop_SSP1,2080,15,94356350.0,1214.128539337107,2.845921,97576300.0
cdd_18p3,mask_200,pop_SSP1,2080,16,136370830.0,539.6414066874127,2.845921,143305800.0
cdd_18p3,mask_200,pop_SSP1,2080,17,375913150.0,2235.8484337704376,2.845921,376284930.0
cdd_18p3,mask_200,pop_SSP1,2080,18,1392998500.0,3328.2979683209883,2.845921,1396979000.0
cdd_18p3,mask_200,pop_SSP1,2080,19,56465772.0,809.4839669105992,2.845921,57179110.0
cdd_18p3,mask_200,pop_SSP1,2080,20,1023151100.0,1382.2942510442972,2.845921,1038973760.0
cdd_18p3,mask_200,pop_SSP1,2080,21,405191420.0,3216.498223522069,2.845921,407564600.0
cdd_18p3,mask_200,pop_SSP1,2080,22,280793100.0,2872.8681706797033,2.845921,281531460.0
cdd_18p3,mask_200,pop_SSP1,2080,23,87445550.0,973.8099296791903,2.845921,87863890.0
cdd_18p3,mask_200,pop_SSP1,2080,24,40139370.0,782.6018455483834,2.845921,43898824.0
cdd_18p3,mask_200,pop_SSP1,2080,25,659692300.0,2844.758259057025,2.845921,669882750.0
cdd_18p3,mask_200,pop_SSP1,2080,26,385256220.0,2206.6865424896814,2.845921,386785280.0
cdd_18p3,mask_200,pop_SSP1,2090,1,39921940.0,467.0434202938572,3.137292,43763460.0
cdd_18p3,mask_200,pop_SSP1,2090,2,390641340.0,1261.9409878046088,3.137292,392706430.0
cdd_18p3,mask_200,pop_SSP1,2090,3,110174930.0,1562.1367763710412,3.137292,126606850.0
cdd_18p3,mask_200,pop_SSP1,2090,4,92187960.0,1998.3028234135109,3.137292,92409900.0
cdd_18p3,mask_200,pop_SSP1,2090,5,175490240.0,2682.5839220568623,3.137292,175775840.0
cdd_18p3,mask_200,pop_SSP1,2090,6,169083250.0,1571.7701080481456,3.137292,212886300.0
cdd_18p3,mask_200,pop_SSP1,2090,7,276510560.0,1936.3277522243718,3.137292,276513900.0
cdd_18p3,mask_200,pop_SSP1,2090,8,1243915800.0,3631.5807881597243,3.137292,1243985900.0
cdd_18p3,mask_200,pop_SSP1,2090,9,624162200.0,2299.5532690097566,3.137292,648780400.0
cdd_18p3,mask_200,pop_SSP1,2090,10,60001936.0,1282.475079027884,3.137292,60033336.0
cdd_18p3,mask_200,pop_SSP1,2090,11,300979520.0,424.5447791964287,3.137292,413250300.0
cdd_18p3,mask_200,pop_SSP1,2090,12,84854580.0,578.5698779242218,3.137292,85553730.0
cdd_18p3,mask_200,pop_SSP1,2090,13,86310190.0,955.5131514479469,3.137292,86465120.0
cdd_18p3,mask_200,pop_SSP1,2090,14,36998224.0,649.1641598664379,3.137292,37064172.0
cdd_18p3,mask_200,pop_SSP1,2090,15,91729190.0,1278.9319288004338,3.137292,94346904.0
cdd_18p3,mask_200,pop_SSP1,2090,16,132675760.0,585.363252282964,3.137292,137513820.0
cdd_18p3,mask_200,pop_SSP1,2090,17,363947780.0,2318.6999230707534,3.137292,364307700.0
cdd_18p3,mask_200,pop_SSP1,2090,18,1283811600.0,3432.1169660597525,3.137292,1287154300.0
cdd_18p3,mask_200,pop_SSP1,2090,19,51104824.0,855.1710780292958,3.137292,51643520.0
cdd_18p3,mask_200,pop_SSP1,2090,20,916923650.0,1450.3271707767462,3.137292,929867260.0
cdd_18p3,mask_200,pop_SSP1,2090,21,379109200.0,3300.786004385968,3.137292,381329660.0
cdd_18p3,mask_200,pop_SSP1,2090,22,262458750.0,2938.1669864189853,3.137292,263148960.0
cdd_18p3,mask_200,pop_SSP1,2090,23,79775176.0,1020.8469186939402,3.137292,80022490.0
cdd_18p3,mask_200,pop_SSP1,2090,24,39500228.0,825.2588497067293,3.137292,43116236.0
cdd_18p3,mask_200,pop_SSP1,2090,25,639202200.0,2942.7864415234644,3.137292,648921200.0
cdd_18p3,mask_200,pop_SSP1,2090,26,385664960.0,2292.485904714181,3.137292,387177100.0
cdd_18p3,mask_200,pop_SSP1,2100,1,39366468.0,527.8174430418753,3.422318,41334500.0
cdd_18p3,mask_200,pop_SSP1,2100,2,380573500.0,1323.836754798021,3.422318,382343550.0
cdd_18p3,mask_200,pop_SSP1,2100,3,103925050.0,1613.9950870821115,3.422318,118474700.0
cdd_18p3,mask_200,pop_SSP1,2100,4,85398560.0,2052.361995107159,3.422318,85604180.0
cdd_18p3,mask_200,pop_SSP1,2100,5,159189730.0,2758.140493113648,3.422318,159448770.0
cdd_18p3,mask_200,pop_SSP1,2100,6,156878080.0,1621.1794686098533,3.422318,196914220.0
cdd_18p3,mask_200,pop_SSP1,2100,7,266229020.0,1995.85308269576,3.422318,266232200.0
cdd_18p3,mask_200,pop_SSP1,2100,8,1230276900.0,3695.8869679848567,3.422318,1230346500.0
cdd_18p3,mask_200,pop_SSP1,2100,9,605267800.0,2370.7094484426852,3.422318,629134000.0
cdd_18p3,mask_200,pop_SSP1,2100,10,55014532.0,1341.9529428156213,3.422318,55014532.0
cdd_18p3,mask_200,pop_SSP1,2100,11,309512600.0,463.37677650023056,3.422318,389888200.0
cdd_18p3,mask_200,pop_SSP1,2100,12,79837850.0,634.8127915240947,3.422318,80128870.0
cdd_18p3,mask_200,pop_SSP1,2100,13,81351760.0,990.7447307444464,3.422318,81469210.0
cdd_18p3,mask_200,pop_SSP1,2100,14,34631550.0,709.6271494409966,3.422318,34660790.0
cdd_18p3,mask_200,pop_SSP1,2100,15,88174890.0,1341.6403319110238,3.422318,90474380.0
cdd_18p3,mask_200,pop_SSP1,2100,16,128651544.0,636.3729143350796,3.422318,131682300.0
cdd_18p3,mask_200,pop_SSP1,2100,17,347037400.0,2388.4167266877753,3.422318,347380600.0
cdd_18p3,mask_200,pop_SSP1,2100,18,1162081000.0,3529.7536654477904,3.422318,1164688100.0
cdd_18p3,mask_200,pop_SSP1,2100,19,45410020.0,901.9216038175684,3.422318,45889290.0
cdd_18p3,mask_200,pop_SSP1,2100,20,821916800.0,1526.590264954868,3.422318,831249700.0
cdd_18p3,mask_200,pop_SSP1,2100,21,349473470.0,3379.3199265364815,3.422318,351520450.0
cdd_18p3,mask_200,pop_SSP1,2100,22,241789950.0,2992.9109521169976,3.422318,242425780.0
cdd_18p3,mask_200,pop_SSP1,2100,23,71853920.0,1066.892741717217,3.422318,71976080.0
cdd_18p3,mask_200,pop_SSP1,2100,24,37698760.0,859.6127513780025,3.422318,41043690.0
cdd_18p3,mask_200,pop_SSP1,2100,25,611662300.0,3036.922844781856,3.422318,618490500.0
cdd_18p3,mask_200,pop_SSP1,2100,26,376580540.0,2353.895935807865,3.422318,378042140.0
cdd_18p3,mask_200,pop_SSP2,2040,1,25338676.0,258.5195229454601,1.693643,41235690.0
cdd_18p3,mask_200,pop_SSP2,2040,2,354358900.0,958.5406143207512,1.693643,367379520.0
cdd_18p3,mask_200,pop_SSP2,2040,3,107355670.0,1184.771574637537,1.693643,142523300.0
cdd_18p3,mask_200,pop_SSP2,2040,4,106369680.0,1626.9683296283713,1.693643,108550970.0
cdd_18p3,mask_200,pop_SSP2,2040,5,227477220.0,2178.735698906791,1.693643,227847470.0
cdd_18p3,mask_200,pop_SSP2,2040,6,183870800.0,1254.184418742892,1.693643,248099980.0
cdd_18p3,mask_200,pop_SSP2,2040,7,267325980.0,1555.1033920846592,1.693643,267329170.0
cdd_18p3,mask_200,pop_SSP2,2040,8,909312900.0,3115.903828887777,1.693643,912532350.0
cdd_18p3,mask_200,pop_SSP2,2040,9,486121600.0,1819.485075300834,1.693643,536728770.0
cdd_18p3,mask_200,pop_SSP2,2040,10,66819340.0,894.0141234075305,1.693643,67723840.0
cdd_18p3,mask_200,pop_SSP2,2040,11,232506750.0,266.4293623561792,1.693643,429634530.0
cdd_18p3,mask_200,pop_SSP2,2040,12,82689420.0,344.3995361900569,1.693643,111103150.0
cdd_18p3,mask_200,pop_SSP2,2040,13,93806510.0,673.5257748050616,1.693643,95478960.0
cdd_18p3,mask_200,pop_SSP2,2040,14,44651410.0,398.0598050440644,1.693643,48097216.0
cdd_18p3,mask_200,pop_SSP2,2040,15,89081680.0,958.0085383537433,1.693643,95847944.0
cdd_18p3,mask_200,pop_SSP2,2040,16,124040050.0,374.23314745955673,1.693643,156275730.0
cdd_18p3,mask_200,pop_SSP2,2040,17,351711600.0,1875.1862816031826,1.693643,352059260.0
cdd_18p3,mask_200,pop_SSP2,2040,18,1597155300.0,2903.0384120293993,1.693643,1604890600.0
cdd_18p3,mask_200,pop_SSP2,2040,19,73655640.0,630.0456547191011,1.693643,76008750.0
cdd_18p3,mask_200,pop_SSP2,2040,20,1374176000.0,1135.3528395180922,1.693643,1410251500.0
cdd_18p3,mask_200,pop_SSP2,2040,21,454083970.0,2859.5774739796384,1.693643,456747040.0
cdd_18p3,mask_200,pop_SSP2,2040,22,317946340.0,2578.590055762145,1.693643,318782430.0
cdd_18p3,mask_200,pop_SSP2,2040,23,110506130.0,791.6146258593818,1.693643,112398424.0
cdd_18p3,mask_200,pop_SSP2,2040,24,34111240.0,607.4933491331182,1.693643,39078732.0
cdd_18p3,mask_200,pop_SSP2,2040,25,614090430.0,2449.677901239439,1.693643,630920060.0
cdd_18p3,mask_200,pop_SSP2,2040,26,296381570.0,1791.6169259793865,1.693643,297976000.0
cdd_18p3,mask_200,pop_SSP2,2050,1,27242120.0,294.08226971380327,1.980731,42558132.0
cdd_18p3,mask_200,pop_SSP2,2050,2,371931650.0,1015.6192012675851,1.980731,380150100.0
cdd_18p3,mask_200,pop_SSP2,2050,3,120002670.0,1248.8010606550592,1.980731,147781920.0
cdd_18p3,mask_200,pop_SSP2,2050,4,110329440.0,1696.8612603244233,1.980731,112591950.0
cdd_18p3,mask_200,pop_SSP2,2050,5,227657460.0,2274.5300804936874,1.980731,228028000.0
cdd_18p3,mask_200,pop_SSP2,2050,6,194475900.0,1314.097399535885,1.980731,255523500.0
cdd_18p3,mask_200,pop_SSP2,2050,7,292863870.0,1625.803324227978,1.980731,292867360.0
cdd_18p3,mask_200,pop_SSP2,2050,8,1111724700.0,3212.5076521330357,1.980731,1111875200.0
cdd_18p3,mask_200,pop_SSP2,2050,9,580466800.0,1911.4364114077441,1.980731,628347100.0
cdd_18p3,mask_200,pop_SSP2,2050,10,69466260.0,968.8740354710901,1.980731,69606420.0
cdd_18p3,mask_200,pop_SSP2,2050,11,265487710.0,294.43552011550287,1.980731,433655460.0
cdd_18p3,mask_200,pop_SSP2,2050,12,86443900.0,383.23080888468394,1.980731,106137620.0
cdd_18p3,mask_200,pop_SSP2,2050,13,96397790.0,723.3370418411819,1.980731,97837060.0
cdd_18p3,mask_200,pop_SSP2,2050,14,44600800.0,438.6196984139682,1.980731,46139016.0
cdd_18p3,mask_200,pop_SSP2,2050,15,97007850.0,1016.7172361404382,1.980731,104102540.0
cdd_18p3,mask_200,pop_SSP2,2050,16,128778050.0,410.5489572903345,1.980731,154594640.0
cdd_18p3,mask_200,pop_SSP2,2050,17,383634850.0,1959.0217841253655,1.980731,384014180.0
cdd_18p3,mask_200,pop_SSP2,2050,18,1636396900.0,2996.8145553424506,1.980731,1644272400.0
cdd_18p3,mask_200,pop_SSP2,2050,19,70356030.0,672.8598712829245,1.980731,72344100.0
cdd_18p3,mask_200,pop_SSP2,2050,20,1309219700.0,1194.442572743991,1.980731,1339330600.0
cdd_18p3,mask_200,pop_SSP2,2050,21,467013660.0,2943.890779184463,1.980731,469752540.0
cdd_18p3,mask_200,pop_SSP2,2050,22,325433950.0,2647.3359417721917,1.980731,326289730.0
cdd_18p3,mask_200,pop_SSP2,2050,23,104515620.0,833.1199621152864,1.980731,105730216.0
cdd_18p3,mask_200,pop_SSP2,2050,24,36215756.0,644.1063211455892,1.980731,41301784.0
cdd_18p3,mask_200,pop_SSP2,2050,25,677094500.0,2538.8764621899713,1.980731,694634560.0
cdd_18p3,mask_200,pop_SSP2,2050,26,353757500.0,1888.5579474567414,1.980731,355352580.0
cdd_18p3,mask_200,pop_SSP2,2060,1,32715734.0,334.000151905557,2.268381,43672144.0
cdd_18p3,mask_200,pop_SSP2,2060,2,386057180.0,1077.8266968667451,2.268381,390528700.0
cdd_18p3,mask_200,pop_SSP2,2060,3,127879210.0,1328.4176407823763,2.268381,150414260.0
cdd_18p3,mask_200,pop_SSP2,2060,4,111900984.0,1775.9122644775348,2.268381,114195710.0
cdd_18p3,mask_200,pop_SSP2,2060,5,223385620.0,2380.356191113587,2.268381,223749180.0
cdd_18p3,mask_200,pop_SSP2,2060,6,198609040.0,1378.8029604933308,2.268381,258169620.0
cdd_18p3,mask_200,pop_SSP2,2060,7,311798400.0,1706.1021502058736,2.268381,311802100.0
cdd_18p3,mask_200,pop_SSP2,2060,8,1305352400.0,3323.5923037055236,2.268381,1305529200.0
cdd_18p3,mask_200,pop_SSP2,2060,9,662081800.0,2013.540621833371,2.268381,709911600.0
cdd_18p3,mask_200,pop_SSP2,2060,10,69624090.0,1045.3416267428968,2.268381,69768220.0
cdd_18p3,mask_200,pop_SSP2,2060,11,283293700.0,324.5608289164906,2.268381,434905060.0
cdd_18p3,mask_200,pop_SSP2,2060,12,90072960.0,428.89270262633823,2.268381,101370700.0
cdd_18p3,mask_200,pop_SSP2,2060,13,97029784.0,783.5138147516419,2.268381,97814136.0
cdd_18p3,mask_200,pop_SSP2,2060,14,43448416.0,490.92246831878856,2.268381,43993936.0
cdd_18p3,mask_200,pop_SSP2,2060,15,104682584.0,1083.3198165106508,2.268381,109548380.0
cdd_18p3,mask_200,pop_SSP2,2060,16,130798290.0,455.5767530787592,2.268381,152312130.0
cdd_18p3,mask_200,pop_SSP2,2060,17,406214660.0,2051.391440417066,2.268381,406616400.0
cdd_18p3,mask_200,pop_SSP2,2060,18,1644036900.0,3109.0138247699565,2.268381,1648807700.0
cdd_18p3,mask_200,pop_SSP2,2060,19,65449450.0,719.58862149086,2.268381,67111020.0
cdd_18p3,mask_200,pop_SSP2,2060,20,1210286700.0,1259.3608834471686,2.268381,1234886400.0
cdd_18p3,mask_200,pop_SSP2,2060,21,470260930.0,3036.696327506796,2.268381,473015070.0
cdd_18p3,mask_200,pop_SSP2,2060,22,326448500.0,2723.413971873893,2.268381,327306980.0
cdd_18p3,mask_200,pop_SSP2,2060,23,98479920.0,879.9614820609047,2.268381,99497010.0
cdd_18p3,mask_200,pop_SSP2,2060,24,38297796.0,688.1706210437444,2.268381,43214544.0
cdd_18p3,mask_200,pop_SSP2,2060,25,730024960.0,2642.125400932022,2.268381,746201660.0
cdd_18p3,mask_200,pop_SSP2,2060,26,405565120.0,1994.2857092993224,2.268381,407346560.0
cdd_18p3,mask_200,pop_SSP2,2070,1,36490692.0,374.2010191655689,2.554702,44633880.0
cdd_18p3,mask_200,pop_SSP2,2070,2,396448030.0,1139.6535466796433,2.554702,400180160.0
cdd_18p3,mask_200,pop_SSP2,2070,3,129130720.0,1409.1922732962805,2.554702,150940340.0
cdd_18p3,mask_200,pop_SSP2,2070,4,113769160.0,1854.582989013878,2.554702,114043016.0
cdd_18p3,mask_200,pop_SSP2,2070,5,215537010.0,2485.8726118180393,2.554702,215887780.0
cdd_18p3,mask_200,pop_SSP2,2070,6,199217600.0,1443.9953851672449,2.554702,256786940.0
cdd_18p3,mask_200,pop_SSP2,2070,7,323478140.0,1786.2969842060847,2.554702,323482020.0
cdd_18p3,mask_200,pop_SSP2,2070,8,1482059800.0,3434.3279874063946,2.554702,1482260500.0
cdd_18p3,mask_200,pop_SSP2,2070,9,730521700.0,2114.778496589101,2.554702,775675140.0
cdd_18p3,mask_200,pop_SSP2,2070,10,68559920.0,1123.1532119777444,2.554702,68638130.0
cdd_18p3,mask_200,pop_SSP2,2070,11,302633200.0,355.16178182652686,2.554702,433964700.0
cdd_18p3,mask_200,pop_SSP2,2070,12,90741710.0,475.39530103754237,2.554702,96273770.0
cdd_18p3,mask_200,pop_SSP2,2070,13,95646560.0,844.2852222078714,2.554702,95941550.0
cdd_18p3,mask_200,pop_SSP2,2070,14,41567650.0,543.1557753545312,2.554702,41861824.0
cdd_18p3,mask_200,pop_SSP2,2070,15,108343010.0,1149.6893284376881,2.554702,112581130.0
cdd_18p3,mask_200,pop_SSP2,2070,16,139702100.0,499.8438293585515,2.554702,149028450.0
cdd_18p3,mask_200,pop_SSP2,2070,17,418327780.0,2143.7473851560617,2.554702,418741570.0
cdd_18p3,mask_200,pop_SSP2,2070,18,1617995800.0,3220.5755261606273,2.554702,1622686700.0
cdd_18p3,mask_200,pop_SSP2,2070,19,59957270.0,765.6616684009846,2.554702,61197800.0
cdd_18p3,mask_200,pop_SSP2,2070,20,1102000600.0,1323.075900694124,2.554702,1121519900.0
cdd_18p3,mask_200,pop_SSP2,2070,21,465715840.0,3128.3952275799356,2.554702,468443650.0
cdd_18p3,mask_200,pop_SSP2,2070,22,322414300.0,2798.909953168933,2.554702,323262140.0
cdd_18p3,mask_200,pop_SSP2,2070,23,92070670.0,926.8075157942251,2.554702,92734200.0
cdd_18p3,mask_200,pop_SSP2,2070,24,40527864.0,733.3481900003756,2.554702,44664010.0
cdd_18p3,mask_200,pop_SSP2,2070,25,769635400.0,2744.7649411819416,2.554702,782588300.0
cdd_18p3,mask_200,pop_SSP2,2070,26,448785860.0,2099.862420246618,2.554702,450714980.0
cdd_18p3,mask_200,pop_SSP2,2080,1,39573336.0,415.78359008091564,2.845921,45265812.0
cdd_18p3,mask_200,pop_SSP2,2080,2,404818780.0,1200.5923588771302,2.845921,407399500.0
cdd_18p3,mask_200,pop_SSP2,2080,3,129792510.0,1493.161418228997,2.845921,149714400.0
cdd_18p3,mask_200,pop_SSP2,2080,4,112127900.0,1931.758182281461,2.845921,112397820.0
cdd_18p3,mask_200,pop_SSP2,2080,5,205007300.0,2590.9362186219014,2.845921,205340940.0
cdd_18p3,mask_200,pop_SSP2,2080,6,198197710.0,1512.2483142870694,2.845921,251980200.0
cdd_18p3,mask_200,pop_SSP2,2080,7,330352580.0,1866.101868913867,2.845921,330356480.0
cdd_18p3,mask_200,pop_SSP2,2080,8,1632773900.0,3543.2667825280096,2.845921,1632995200.0
cdd_18p3,mask_200,pop_SSP2,2080,9,787844600.0,2212.9794415089145,2.845921,821835840.0
cdd_18p3,mask_200,pop_SSP2,2080,10,66422896.0,1209.1557896636984,2.845921,66502090.0
cdd_18p3,mask_200,pop_SSP2,2080,11,309438530.0,388.2987071660539,2.845921,433175170.0
cdd_18p3,mask_200,pop_SSP2,2080,12,88018100.0,525.1436636756853,2.845921,91335220.0
cdd_18p3,mask_200,pop_SSP2,2080,13,92826770.0,906.6942277948673,2.845921,93042460.0
cdd_18p3,mask_200,pop_SSP2,2080,14,39751960.0,593.434433332629,2.845921,39881184.0
cdd_18p3,mask_200,pop_SSP2,2080,15,110521224.0,1215.1215161481714,2.845921,114282900.0
cdd_18p3,mask_200,pop_SSP2,2080,16,138539230.0,539.8285172871966,2.845921,145581340.0
cdd_18p3,mask_200,pop_SSP2,2080,17,422117280.0,2236.8860149825787,2.845921,422534880.0
cdd_18p3,mask_200,pop_SSP2,2080,18,1564195600.0,3327.91870815632,2.845921,1568660100.0
cdd_18p3,mask_200,pop_SSP2,2080,19,55058944.0,809.4497841302267,2.845921,55754692.0
cdd_18p3,mask_200,pop_SSP2,2080,20,999259700.0,1382.2321514518237,2.845921,1014721300.0
cdd_18p3,mask_200,pop_SSP2,2080,21,455225800.0,3216.180559886349,2.845921,457892400.0
cdd_18p3,mask_200,pop_SSP2,2080,22,314518600.0,2872.4892789237165,2.845921,315345660.0
cdd_18p3,mask_200,pop_SSP2,2080,23,85534696.0,973.7890582781893,2.845921,85943896.0
cdd_18p3,mask_200,pop_SSP2,2080,24,41724744.0,782.698527270327,2.845921,45632690.0
cdd_18p3,mask_200,pop_SSP2,2080,25,790323100.0,2844.3196260870227,2.845921,802491800.0
cdd_18p3,mask_200,pop_SSP2,2080,26,481352770.0,2206.052458768412,2.845921,483205730.0
cdd_18p3,mask_200,pop_SSP2,2090,1,41292010.0,467.05866856432453,3.137292,45264700.0
cdd_18p3,mask_200,pop_SSP2,2090,2,407568260.0,1262.647830236326,3.137292,409720960.0
cdd_18p3,mask_200,pop_SSP2,2090,3,128173336.0,1562.572188045674,3.137292,147301260.0
cdd_18p3,mask_200,pop_SSP2,2090,4,109284300.0,1998.6466037796738,3.137292,109547370.0
cdd_18p3,mask_200,pop_SSP2,2090,5,193335730.0,2682.9197490065853,3.137292,193650340.0
cdd_18p3,mask_200,pop_SSP2,2090,6,194198460.0,1572.158755175632,3.137292,244516750.0
cdd_18p3,mask_200,pop_SSP2,2090,7,333704320.0,1937.0040854255149,3.137292,333708300.0
cdd_18p3,mask_200,pop_SSP2,2090,8,1748400500.0,3631.880878498472,3.137292,1748499300.0
cdd_18p3,mask_200,pop_SSP2,2090,9,818263300.0,2299.209983348474,3.137292,850514400.0
cdd_18p3,mask_200,pop_SSP2,2090,10,63761796.0,1283.3176131602402,3.137292,63799784.0
cdd_18p3,mask_200,pop_SSP2,2090,11,313593700.0,424.5350539457968,3.137292,430576960.0
cdd_18p3,mask_200,pop_SSP2,2090,12,86470390.0,578.5553129097484,3.137292,87182820.0
cdd_18p3,mask_200,pop_SSP2,2090,13,89334350.0,956.6958584915441,3.137292,89494320.0
cdd_18p3,mask_200,pop_SSP2,2090,14,38021030.0,649.1599588941513,3.137292,38088804.0
cdd_18p3,mask_200,pop_SSP2,2090,15,111690984.0,1279.95892943108,3.137292,114867560.0
cdd_18p3,mask_200,pop_SSP2,2090,16,137231920.0,585.5548825712121,3.137292,142233840.0
cdd_18p3,mask_200,pop_SSP2,2090,17,420896600.0,2319.753047871148,3.137292,421313020.0
cdd_18p3,mask_200,pop_SSP2,2090,18,1494160900.0,3431.7514631424474,3.137292,1498046700.0
cdd_18p3,mask_200,pop_SSP2,2090,19,50166144.0,855.1351920780904,3.137292,50695056.0
cdd_18p3,mask_200,pop_SSP2,2090,20,901183800.0,1450.2664567043141,3.137292,913915000.0
cdd_18p3,mask_200,pop_SSP2,2090,21,440236030.0,3300.436636346857,3.137292,442814980.0
cdd_18p3,mask_200,pop_SSP2,2090,22,303268860.0,2937.79052335869,3.137292,304066370.0
cdd_18p3,mask_200,pop_SSP2,2090,23,79973460.0,1020.8255342803661,3.137292,80221390.0
cdd_18p3,mask_200,pop_SSP2,2090,24,42115544.0,825.3570095097684,3.137292,45970976.0
cdd_18p3,mask_200,pop_SSP2,2090,25,796764540.0,2942.322106343635,3.137292,808838660.0
cdd_18p3,mask_200,pop_SSP2,2090,26,500661950.0,2291.8019946944223,3.137292,502567100.0
cdd_18p3,mask_200,pop_SSP2,2100,1,42589560.0,527.8340922320922,3.422318,44719280.0
cdd_18p3,mask_200,pop_SSP2,2100,2,406610600.0,1324.5429464109086,3.422318,408499700.0
cdd_18p3,mask_200,pop_SSP2,2100,3,126469340.0,1614.4406609473917,3.422318,144189000.0
cdd_18p3,mask_200,pop_SSP2,2100,4,105786700.0,2052.741057023351,3.422318,106041360.0
cdd_18p3,mask_200,pop_SSP2,2100,5,181933470.0,2758.4802680528037,3.422318,182229540.0
cdd_18p3,mask_200,pop_SSP2,2100,6,187712430.0,1621.566794437167,3.422318,235626800.0
cdd_18p3,mask_200,pop_SSP2,2100,7,333028220.0,1996.542935901327,3.422318,333032160.0
cdd_18p3,mask_200,pop_SSP2,2100,8,1823052300.0,3696.189729048026,3.422318,1823155500.0
cdd_18p3,mask_200,pop_SSP2,2100,9,831419650.0,2370.364961627978,3.422318,864178800.0
cdd_18p3,mask_200,pop_SSP2,2100,10,60728110.0,1342.8160084767896,3.422318,60728110.0
cdd_18p3,mask_200,pop_SSP2,2100,11,337411200.0,463.36596512000636,3.422318,425041180.0
cdd_18p3,mask_200,pop_SSP2,2100,12,83389870.0,634.7970223859096,3.422318,83693990.0
cdd_18p3,mask_200,pop_SSP2,2100,13,85514530.0,991.951646338401,3.422318,85637630.0
cdd_18p3,mask_200,pop_SSP2,2100,14,36308144.0,709.6229275094431,3.422318,36338800.0
cdd_18p3,mask_200,pop_SSP2,2100,15,111595816.0,1342.693963551946,3.422318,114497230.0
cdd_18p3,mask_200,pop_SSP2,2100,16,135284960.0,636.5659867162854,3.422318,138470290.0
cdd_18p3,mask_200,pop_SSP2,2100,17,415984320.0,2389.4856687661504,3.422318,416395870.0
cdd_18p3,mask_200,pop_SSP2,2100,18,1418471200.0,3529.4077467298266,3.422318,1421647000.0
cdd_18p3,mask_200,pop_SSP2,2100,19,45359624.0,901.8835576358115,3.422318,45837730.0
cdd_18p3,mask_200,pop_SSP2,2100,20,816057340.0,1526.5319486745507,3.422318,825335200.0
cdd_18p3,mask_200,pop_SSP2,2100,21,422987620.0,3378.933086092906,3.422318,425465700.0
cdd_18p3,mask_200,pop_SSP2,2100,22,289645660.0,2992.5396300669336,3.422318,290407300.0
cdd_18p3,mask_200,pop_SSP2,2100,23,74735820.0,1066.8711140828702,3.422318,74862880.0
cdd_18p3,mask_200,pop_SSP2,2100,24,42036564.0,859.7117263044689,3.422318,45766380.0
cdd_18p3,mask_200,pop_SSP2,2100,25,797732350.0,3036.4293418179013,3.422318,806595840.0
cdd_18p3,mask_200,pop_SSP2,2100,26,509594660.0,2353.183107080399,3.422318,511516400.0
cdd_18p3,mask_200,pop_SSP3,2040,1,24880084.0,258.6647589492387,1.693643,40483924.0
cdd_18p3,mask_200,pop_SSP3,2040,2,352423360.0,959.6239727931455,1.693643,365363970.0
cdd_18p3,mask_200,pop_SSP3,2040,3,110833896.0,1185.254373475761,1.693643,147148340.0
cdd_18p3,mask_200,pop_SSP3,2040,4,110476500.0,1627.0681921532837,1.693643,112742000.0
cdd_18p3,mask_200,pop_SSP3,2040,5,231497540.0,2179.2009009801795,1.693643,231874340.0
cdd_18p3,mask_200,pop_SSP3,2040,6,188906910.0,1254.7081744974296,1.693643,254898480.0
cdd_18p3,mask_200,pop_SSP3,2040,7,276615970.0,1555.838224808997,1.693643,276619230.0
cdd_18p3,mask_200,pop_SSP3,2040,8,957100540.0,3115.90289107589,1.693643,960487400.0
cdd_18p3,mask_200,pop_SSP3,2040,9,509611330.0,1819.3607352649167,1.693643,562667500.0
cdd_18p3,mask_200,pop_SSP3,2040,10,66708896.0,894.6097675976164,1.693643,67615390.0
cdd_18p3,mask_200,pop_SSP3,2040,11,230126720.0,266.4299807484839,1.693643,425228200.0
cdd_18p3,mask_200,pop_SSP3,2040,12,83413180.0,344.37968888218836,1.693643,112074770.0
cdd_18p3,mask_200,pop_SSP3,2040,13,95970904.0,674.4304330596758,1.693643,97681940.0
cdd_18p3,mask_200,pop_SSP3,2040,14,44462150.0,398.0433140689081,1.693643,47893124.0
cdd_18p3,mask_200,pop_SSP3,2040,15,92716790.0,958.995998697967,1.693643,99756710.0
cdd_18p3,mask_200,pop_SSP3,2040,16,123562690.0,374.48464955731896,1.693643,155668030.0
cdd_18p3,mask_200,pop_SSP3,2040,17,360488580.0,1876.385513028969,1.693643,360844930.0
cdd_18p3,mask_200,pop_SSP3,2040,18,1638935000.0,2902.5168985854243,1.693643,1646870800.0
cdd_18p3,mask_200,pop_SSP3,2040,19,73890616.0,629.9922880298922,1.693643,76252620.0
cdd_18p3,mask_200,pop_SSP3,2040,20,1387524400.0,1135.6830171974327,1.693643,1423951500.0
cdd_18p3,mask_200,pop_SSP3,2040,21,464923970.0,2859.218815799017,1.693643,467650600.0
cdd_18p3,mask_200,pop_SSP3,2040,22,324796740.0,2578.114568182928,1.693643,325650850.0
cdd_18p3,mask_200,pop_SSP3,2040,23,109837280.0,791.6262475113407,1.693643,111718130.0
cdd_18p3,mask_200,pop_SSP3,2040,24,33946356.0,607.557264590915,1.693643,38889836.0
cdd_18p3,mask_200,pop_SSP3,2040,25,641399360.0,2449.195947536806,1.693643,658968450.0
cdd_18p3,mask_200,pop_SSP3,2040,26,308085000.0,1791.219444313202,1.693643,309730000.0
cdd_18p3,mask_200,pop_SSP3,2050,1,26390292.0,294.2376699502931,1.980731,41216212.0
cdd_18p3,mask_200,pop_SSP3,2050,2,369507460.0,1016.7230161621833,1.980731,377658750.0
cdd_18p3,mask_200,pop_SSP3,2050,3,127153890.0,1249.3178629058198,1.980731,156598080.0
cdd_18p3,mask_200,pop_SSP3,2050,4,118044510.0,1697.0242055836302,1.980731,120465210.0
cdd_18p3,mask_200,pop_SSP3,2050,5,234946110.0,2275.002514009826,1.980731,235328510.0
cdd_18p3,mask_200,pop_SSP3,2050,6,204310450.0,1314.6263244969962,1.980731,268450700.0
cdd_18p3,mask_200,pop_SSP3,2050,7,312442560.0,1626.553902021138,1.980731,312446270.0
cdd_18p3,mask_200,pop_SSP3,2050,8,1222576800.0,3212.508031986505,1.980731,1222742300.0
cdd_18p3,mask_200,pop_SSP3,2050,9,634808200.0,1911.3145525251336,1.980731,687176300.0
cdd_18p3,mask_200,pop_SSP3,2050,10,69850510.0,969.506201287029,1.980731,69993380.0
cdd_18p3,mask_200,pop_SSP3,2050,11,261032860.0,294.4364282807826,1.980731,426360400.0
cdd_18p3,mask_200,pop_SSP3,2050,12,87875780.0,383.2078384641504,1.980731,107896490.0
cdd_18p3,mask_200,pop_SSP3,2050,13,100455610.0,724.2674768891608,1.980731,101955340.0
cdd_18p3,mask_200,pop_SSP3,2050,14,44332950.0,438.60266598402626,1.980731,45861864.0
cdd_18p3,mask_200,pop_SSP3,2050,15,104514070.0,1017.744140472853,1.980731,112153120.0
cdd_18p3,mask_200,pop_SSP3,2050,16,128377980.0,410.8092388118057,1.980731,154105740.0
cdd_18p3,mask_200,pop_SSP3,2050,17,402177150.0,1960.2366815623081,1.980731,402574850.0
cdd_18p3,mask_200,pop_SSP3,2050,18,1716543900.0,2996.295741765497,1.980731,1724801000.0
cdd_18p3,mask_200,pop_SSP3,2050,19,70535320.0,672.8046656676003,1.980731,72531310.0
cdd_18p3,mask_200,pop_SSP3,2050,20,1330848800.0,1194.7771092306675,1.980731,1361459700.0
cdd_18p3,mask_200,pop_SSP3,2050,21,488401300.0,2943.501679015055,1.980731,491265600.0
cdd_18p3,mask_200,pop_SSP3,2050,22,338480160.0,2646.863919944648,1.980731,339370240.0
cdd_18p3,mask_200,pop_SSP3,2050,23,103551800.0,833.1319679237288,1.980731,104755220.0
cdd_18p3,mask_200,pop_SSP3,2050,24,36004350.0,644.171845788127,1.980731,41060684.0
cdd_18p3,mask_200,pop_SSP3,2050,25,733338100.0,2538.4106922408437,1.980731,752317300.0
cdd_18p3,mask_200,pop_SSP3,2050,26,382654500.0,1888.1059628097878,1.980731,384356320.0
cdd_18p3,mask_200,pop_SSP3,2060,1,31416922.0,334.1647017632242,2.268381,41926972.0
cdd_18p3,mask_200,pop_SSP3,2060,2,385911400.0,1078.95427614338,2.268381,390365020.0
cdd_18p3,mask_200,pop_SSP3,2060,3,140199070.0,1328.9727366293366,2.268381,164916400.0
cdd_18p3,mask_200,pop_SSP3,2060,4,124107380.0,1776.1611883213343,2.268381,126652400.0
cdd_18p3,mask_200,pop_SSP3,2060,5,234901310.0,2380.8351596061107,2.268381,235283580.0
cdd_18p3,mask_200,pop_SSP3,2060,6,214664640.0,1379.3380072051107,2.268381,279048260.0
cdd_18p3,mask_200,pop_SSP3,2060,7,345181400.0,1706.8732572990434,2.268381,345185540.0
cdd_18p3,mask_200,pop_SSP3,2060,8,1508860800.0,3323.5934927167323,2.268381,1509065200.0
cdd_18p3,mask_200,pop_SSP3,2060,9,761034400.0,2013.414797875528,2.268381,816020200.0
cdd_18p3,mask_200,pop_SSP3,2060,10,71070050.0,1046.011936833471,2.268381,71220456.0
cdd_18p3,mask_200,pop_SSP3,2060,11,277953760.0,324.56217046820217,2.268381,426685060.0
cdd_18p3,mask_200,pop_SSP3,2060,12,92716000.0,428.8651384031177,2.268381,104345420.0
cdd_18p3,mask_200,pop_SSP3,2060,13,103512640.0,784.4730039499817,2.268381,104349270.0
cdd_18p3,mask_200,pop_SSP3,2060,14,43243680.0,490.90457888692237,2.268381,43786800.0
cdd_18p3,mask_200,pop_SSP3,2060,15,117416420.0,1084.3932329442396,2.268381,122868824.0
cdd_18p3,mask_200,pop_SSP3,2060,16,131093990.0,455.84848401018525,2.268381,152645900.0
cdd_18p3,mask_200,pop_SSP3,2060,17,437791330.0,2052.621517098505,2.268381,438224400.0
cdd_18p3,mask_200,pop_SSP3,2060,18,1776800500.0,3108.5026785799737,2.268381,1781953500.0
cdd_18p3,mask_200,pop_SSP3,2060,19,65728920.0,719.5313028424538,2.268381,67400760.0
cdd_18p3,mask_200,pop_SSP3,2060,20,1243136300.0,1259.6988497235998,2.268381,1268408000.0
cdd_18p3,mask_200,pop_SSP3,2060,21,505353500.0,3036.266350461586,2.268381,508313340.0
cdd_18p3,mask_200,pop_SSP3,2060,22,348124450.0,2722.9437994518557,2.268381,349039870.0
cdd_18p3,mask_200,pop_SSP3,2060,23,97313760.0,879.9740068528423,2.268381,98318810.0
cdd_18p3,mask_200,pop_SSP3,2060,24,38227870.0,688.2377353080482,2.268381,43135644.0
cdd_18p3,mask_200,pop_SSP3,2060,25,826733200.0,2641.6478986965512,2.268381,845022850.0
cdd_18p3,mask_200,pop_SSP3,2060,26,459997400.0,1993.7791934110292,2.268381,461982820.0
cdd_18p3,mask_200,pop_SSP3,2070,1,35088790.0,374.37413217874916,2.554702,42907930.0
cdd_18p3,mask_200,pop_SSP3,2070,2,403455500.0,1140.8057497046748,2.554702,407231700.0
cdd_18p3,mask_200,pop_SSP3,2070,3,147543140.0,1409.7839336628613,2.554702,172477180.0
cdd_18p3,mask_200,pop_SSP3,2070,4,131585990.0,1854.9180174699902,2.554702,131902680.0
cdd_18p3,mask_200,pop_SSP3,2070,5,232478060.0,2486.35783419574,2.554702,232856380.0
cdd_18p3,mask_200,pop_SSP3,2070,6,222938020.0,1444.5368500850473,2.554702,287372580.0
cdd_18p3,mask_200,pop_SSP3,2070,7,373490080.0,1787.0882076076782,2.554702,373494530.0
cdd_18p3,mask_200,pop_SSP3,2070,8,1802967900.0,3434.329580089478,2.554702,1803212200.0
cdd_18p3,mask_200,pop_SSP3,2070,9,884544060.0,2114.6479725746926,2.554702,939222000.0
cdd_18p3,mask_200,pop_SSP3,2070,10,71663370.0,1123.8626587143453,2.554702,71749976.0
cdd_18p3,mask_200,pop_SSP3,2070,11,300105630.0,355.1635660164218,2.554702,430315070.0
cdd_18p3,mask_200,pop_SSP3,2070,12,95347010.0,475.36314363100223,2.554702,101163260.0
cdd_18p3,mask_200,pop_SSP3,2070,13,105410140.0,845.2730218928136,2.554702,105735150.0
cdd_18p3,mask_200,pop_SSP3,2070,14,41788190.0,543.1371250265724,2.554702,42083730.0
cdd_18p3,mask_200,pop_SSP3,2070,15,126807190.0,1150.8095576907585,2.554702,131761620.0
cdd_18p3,mask_200,pop_SSP3,2070,16,142038990.0,500.12716317519346,2.554702,151516780.0
cdd_18p3,mask_200,pop_SSP3,2070,17,466586530.0,2144.99316404088,2.554702,467048130.0
cdd_18p3,mask_200,pop_SSP3,2070,18,1816393500.0,3220.072800952706,2.554702,1821655300.0
cdd_18p3,mask_200,pop_SSP3,2070,19,60878930.0,765.6021311093684,2.554702,62143024.0
cdd_18p3,mask_200,pop_SSP3,2070,20,1157285900.0,1323.417213759461,2.554702,1177790500.0
cdd_18p3,mask_200,pop_SSP3,2070,21,518097950.0,3127.925545470034,2.554702,521132830.0
cdd_18p3,mask_200,pop_SSP3,2070,22,355221000.0,2798.441158778637,2.554702,356155140.0
cdd_18p3,mask_200,pop_SSP3,2070,23,91443490.0,926.8205566976363,2.554702,92102504.0
cdd_18p3,mask_200,pop_SSP3,2070,24,40963680.0,733.4168661462273,2.554702,45144300.0
cdd_18p3,mask_200,pop_SSP3,2070,25,914615550.0,2744.2715289998087,2.554702,929965500.0
cdd_18p3,mask_200,pop_SSP3,2070,26,534980770.0,2099.300127270648,2.554702,537235700.0
cdd_18p3,mask_200,pop_SSP3,2080,1,38454970.0,415.96338749722656,2.845921,43977050.0
cdd_18p3,mask_200,pop_SSP3,2080,2,423286600.0,1201.772774921296,2.845921,425981920.0
cdd_18p3,mask_200,pop_SSP3,2080,3,155500700.0,1493.78228414144,2.845921,179385540.0
cdd_18p3,mask_200,pop_SSP3,2080,4,135892060.0,1932.1760330560146,2.845921,136219100.0
cdd_18p3,mask_200,pop_SSP3,2080,5,228770740.0,2591.4269400539647,2.845921,229142990.0
cdd_18p3,mask_200,pop_SSP3,2080,6,231164050.0,1512.7974156806795,2.845921,293904060.0
cdd_18p3,mask_200,pop_SSP3,2080,7,400219800.0,1866.9107196450611,2.845921,400224580.0
cdd_18p3,mask_200,pop_SSP3,2080,8,2086649700.0,3543.267212911324,2.845921,2086932400.0
cdd_18p3,mask_200,pop_SSP3,2080,9,1003465150.0,2212.84287833313,2.845921,1046764160.0
cdd_18p3,mask_200,pop_SSP3,2080,10,71659976.0,1209.9095978877508,2.845921,71751544.0
cdd_18p3,mask_200,pop_SSP3,2080,11,313705200.0,388.30094600727966,2.845921,439119700.0
cdd_18p3,mask_200,pop_SSP3,2080,12,95735680.0,525.1071965343704,2.845921,99345624.0
cdd_18p3,mask_200,pop_SSP3,2080,13,106626960.0,907.7101799988853,2.845921,106874620.0
cdd_18p3,mask_200,pop_SSP3,2080,14,41036600.0,593.4155027235599,2.845921,41169890.0
cdd_18p3,mask_200,pop_SSP3,2080,15,135560320.0,1216.2894279627699,2.845921,140167870.0
cdd_18p3,mask_200,pop_SSP3,2080,16,145133820.0,540.1237247851326,2.845921,152507900.0
cdd_18p3,mask_200,pop_SSP3,2080,17,491483940.0,2238.1504781554427,2.845921,491970240.0
cdd_18p3,mask_200,pop_SSP3,2080,18,1836732400.0,3327.426418748679,2.845921,1841970200.0
cdd_18p3,mask_200,pop_SSP3,2080,19,57185732.0,809.387576629497,2.845921,57913860.0
cdd_18p3,mask_200,pop_SSP3,2080,20,1083009300.0,1382.5768679035834,2.845921,1099774300.0
cdd_18p3,mask_200,pop_SSP3,2080,21,528879700.0,3215.677919958191,2.845921,531978050.0
cdd_18p3,mask_200,pop_SSP3,2080,22,360548700.0,2872.0203924646617,2.845921,361496830.0
cdd_18p3,mask_200,pop_SSP3,2080,23,86745600.0,973.8025808147931,2.845921,87160590.0
cdd_18p3,mask_200,pop_SSP3,2080,24,43014964.0,782.7687111694945,2.845921,47043750.0
cdd_18p3,mask_200,pop_SSP3,2080,25,987066500.0,2843.800408332331,2.845921,1002221500.0
cdd_18p3,mask_200,pop_SSP3,2080,26,602383400.0,2205.4269599718104,2.845921,604655900.0
cdd_18p3,mask_200,pop_SSP3,2090,1,41038776.0,467.24579491424595,3.137292,44979364.0
cdd_18p3,mask_200,pop_SSP3,2090,2,442509440.0,1263.8427679929334,3.137292,444843650.0
cdd_18p3,mask_200,pop_SSP3,2090,3,162141730.0,1563.2158677064833,3.137292,186358780.0
cdd_18p3,mask_200,pop_SSP3,2090,4,139775700.0,1999.132156532012,3.137292,140112080.0
cdd_18p3,mask_200,pop_SSP3,2090,5,225726660.0,2683.4161729929924,3.137292,226093950.0
cdd_18p3,mask_200,pop_SSP3,2090,6,238132400.0,1572.711040060974,3.137292,299846850.0
cdd_18p3,mask_200,pop_SSP3,2090,7,426190430.0,1937.8302159535895,3.137292,426195500.0
cdd_18p3,mask_200,pop_SSP3,2090,8,2344797000.0,3631.8820475392677,3.137292,2344929300.0
cdd_18p3,mask_200,pop_SSP3,2090,9,1100034400.0,2299.06791952362,3.137292,1143401300.0
cdd_18p3,mask_200,pop_SSP3,2090,10,71545464.0,1284.1046911487147,3.137292,71592950.0
cdd_18p3,mask_200,pop_SSP3,2090,11,328265920.0,424.53773780603217,3.137292,450691100.0
cdd_18p3,mask_200,pop_SSP3,2090,12,98495280.0,578.5178748241772,3.137292,99307016.0
cdd_18p3,mask_200,pop_SSP3,2090,13,107939650.0,957.7328134352846,3.137292,108132840.0
cdd_18p3,mask_200,pop_SSP3,2090,14,40902476.0,649.1407059622542,3.137292,40975320.0
cdd_18p3,mask_200,pop_SSP3,2090,15,143898400.0,1281.167026432326,3.137292,147985220.0
cdd_18p3,mask_200,pop_SSP3,2090,16,149889700.0,585.8572621689051,3.137292,155349680.0
cdd_18p3,mask_200,pop_SSP3,2090,17,516227040.0,2321.0365332277875,3.137292,516737860.0
cdd_18p3,mask_200,pop_SSP3,2090,18,1857216400.0,3431.276819074241,3.137292,1862041900.0
cdd_18p3,mask_200,pop_SSP3,2090,19,54019096.0,855.0713369643179,3.137292,54595016.0
cdd_18p3,mask_200,pop_SSP3,2090,20,1022220000.0,1450.609558802503,3.137292,1036669800.0
cdd_18p3,mask_200,pop_SSP3,2090,21,539450500.0,3299.8936015266763,3.137292,542610940.0
cdd_18p3,mask_200,pop_SSP3,2090,22,364967600.0,2937.324670524564,3.137292,365927360.0
cdd_18p3,mask_200,pop_SSP3,2090,23,83318100.0,1020.8393832337216,3.137292,83576390.0
cdd_18p3,mask_200,pop_SSP3,2090,24,44735536.0,825.428283702433,3.137292,48830816.0
cdd_18p3,mask_200,pop_SSP3,2090,25,1051124000.0,2941.7728892189343,3.137292,1067009540.0
cdd_18p3,mask_200,pop_SSP3,2090,26,657339400.0,2291.130011394741,3.137292,659791700.0
cdd_18p3,mask_200,pop_SSP3,2100,1,43936660.0,528.0290916748912,3.422318,46129350.0
cdd_18p3,mask_200,pop_SSP3,2100,2,463939330.0,1325.7370427121614,3.422318,466091900.0
cdd_18p3,mask_200,pop_SSP3,2100,3,170163940.0,1615.0996236934516,3.422318,194026940.0
cdd_18p3,mask_200,pop_SSP3,2100,4,143938080.0,2053.2761903805235,3.422318,144284480.0
cdd_18p3,mask_200,pop_SSP3,2100,5,224798770.0,2758.982490670719,3.422318,225164530.0
cdd_18p3,mask_200,pop_SSP3,2100,6,244325500.0,1622.1173004797195,3.422318,306703700.0
cdd_18p3,mask_200,pop_SSP3,2100,7,449402700.0,1997.385578301633,3.422318,449408030.0
cdd_18p3,mask_200,pop_SSP3,2100,8,2563342300.0,3696.1937082610802,3.422318,2563487200.0
cdd_18p3,mask_200,pop_SSP3,2100,9,1183517000.0,2370.2181115953704,3.422318,1230168000.0
cdd_18p3,mask_200,pop_SSP3,2100,10,71287580.0,1343.6234294536885,3.422318,71287580.0
cdd_18p3,mask_200,pop_SSP3,2100,11,368853440.0,463.3690734731558,3.422318,464625340.0
cdd_18p3,mask_200,pop_SSP3,2100,12,99944490.0,634.7623024044133,3.422318,100308620.0
cdd_18p3,mask_200,pop_SSP3,2100,13,109794510.0,993.0012812616479,3.422318,109952550.0
cdd_18p3,mask_200,pop_SSP3,2100,14,41032456.0,709.6033132795458,3.422318,41067064.0
cdd_18p3,mask_200,pop_SSP3,2100,15,150889600.0,1343.9331124629593,3.422318,154809780.0
cdd_18p3,mask_200,pop_SSP3,2100,16,154887550.0,636.8702138753398,3.422318,158531020.0
cdd_18p3,mask_200,pop_SSP3,2100,17,540023230.0,2390.7881223195523,3.422318,540557630.0
cdd_18p3,mask_200,pop_SSP3,2100,18,1889041900.0,3528.9582726416684,3.422318,1893265500.0
cdd_18p3,mask_200,pop_SSP3,2100,19,51362996.0,901.8192149580119,3.422318,51911252.0
cdd_18p3,mask_200,pop_SSP3,2100,20,979975600.0,1526.8679609820306,3.422318,991126700.0
cdd_18p3,mask_200,pop_SSP3,2100,21,551562750.0,3378.3423902527798,3.422318,554794400.0
cdd_18p3,mask_200,pop_SSP3,2100,22,369201400.0,2992.0801763395903,3.422318,370172320.0
cdd_18p3,mask_200,pop_SSP3,2100,23,80692710.0,1066.8851116670626,3.422318,80829896.0
cdd_18p3,mask_200,pop_SSP3,2100,24,46623104.0,859.7836078827908,3.422318,50759870.0
cdd_18p3,mask_200,pop_SSP3,2100,25,1117117200.0,3035.846189296871,3.422318,1129486200.0
cdd_18p3,mask_200,pop_SSP3,2100,26,703809800.0,2352.484044976444,3.422318,706413600.0
cdd_18p3,mask_200,pop_SSP5,2040,1,26622924.0,258.38006257978435,1.693643,43332450.0
cdd_18p3,mask_200,pop_SSP5,2040,2,366650850.0,958.0430567553046,1.693643,380137380.0
cdd_18p3,mask_200,pop_SSP5,2040,3,103288420.0,1184.6882738926522,1.693643,137109700.0
cdd_18p3,mask_200,pop_SSP5,2040,4,100969160.0,1626.8707899878566,1.693643,103039730.0
cdd_18p3,mask_200,pop_SSP5,2040,5,223771900.0,2178.409632255299,1.693643,224136160.0
cdd_18p3,mask_200,pop_SSP5,2040,6,178188640.0,1253.7443309645707,1.693643,240428000.0
cdd_18p3,mask_200,pop_SSP5,2040,7,257343950.0,1554.4382937126595,1.693643,257347000.0
cdd_18p3,mask_200,pop_SSP5,2040,8,841562900.0,3115.691935224468,1.693643,844544500.0
cdd_18p3,mask_200,pop_SSP5,2040,9,452540670.0,1819.7895396006095,1.693643,499649440.0
cdd_18p3,mask_200,pop_SSP5,2040,10,66686350.0,893.2643747469402,1.693643,67583850.0
cdd_18p3,mask_200,pop_SSP5,2040,11,240805900.0,266.39509080095706,1.693643,444985760.0
cdd_18p3,mask_200,pop_SSP5,2040,12,82595980.0,344.34379684572434,1.693643,110979220.0
cdd_18p3,mask_200,pop_SSP5,2040,13,92745250.0,672.7615366479898,1.693643,94398980.0
cdd_18p3,mask_200,pop_SSP5,2040,14,45523570.0,397.95468553279886,1.693643,49036920.0
cdd_18p3,mask_200,pop_SSP5,2040,15,84732750.0,956.844910503954,1.693643,91172590.0
cdd_18p3,mask_200,pop_SSP5,2040,16,127205200.0,374.21522205541845,1.693643,160273680.0
cdd_18p3,mask_200,pop_SSP5,2040,17,344673570.0,1874.345035325427,1.693643,345014200.0
cdd_18p3,mask_200,pop_SSP5,2040,18,1553997800.0,2903.6469993752607,1.693643,1561527600.0
cdd_18p3,mask_200,pop_SSP5,2040,19,74021570.0,630.1191576171981,1.693643,76385490.0
cdd_18p3,mask_200,pop_SSP5,2040,20,1375393500.0,1135.3738754262456,1.693643,1411498900.0
cdd_18p3,mask_200,pop_SSP5,2040,21,442752770.0,2859.8136338938943,1.693643,445349380.0
cdd_18p3,mask_200,pop_SSP5,2040,22,311087170.0,2578.977165551063,1.693643,311905200.0
cdd_18p3,mask_200,pop_SSP5,2040,23,112729860.0,791.6916939588799,1.693643,114660220.0
cdd_18p3,mask_200,pop_SSP5,2040,24,35203452.0,607.6405504742019,1.693643,40330000.0
cdd_18p3,mask_200,pop_SSP5,2040,25,578833600.0,2450.328336547876,1.693643,594712060.0
cdd_18p3,mask_200,pop_SSP5,2040,26,277582340.0,1792.0555115388056,1.693643,279094100.0
cdd_18p3,mask_200,pop_SSP5,2050,1,29649318.0,293.9322948015098,1.980731,46331800.0
cdd_18p3,mask_200,pop_SSP5,2050,2,393855170.0,1015.1074963807097,1.980731,402577570.0
cdd_18p3,mask_200,pop_SSP5,2050,3,112344320.0,1248.6907626008115,1.980731,138332980.0
cdd_18p3,mask_200,pop_SSP5,2050,4,101198540.0,1696.6992445062808,1.980731,103273816.0
cdd_18p3,mask_200,pop_SSP5,2050,5,221525780.0,2274.198637014711,1.980731,221886370.0
cdd_18p3,mask_200,pop_SSP5,2050,6,184250480.0,1313.6540570013992,1.980731,242080480.0
cdd_18p3,mask_200,pop_SSP5,2050,7,273580380.0,1625.12414640338,1.980731,273583650.0
cdd_18p3,mask_200,pop_SSP5,2050,8,972396900.0,3212.2958667045045,1.980731,972528600.0
cdd_18p3,mask_200,pop_SSP5,2050,9,515218430.0,1911.7349358932377,1.980731,557712000.0
cdd_18p3,mask_200,pop_SSP5,2050,10,69358856.0,968.0831102606513,1.980731,69496184.0
cdd_18p3,mask_200,pop_SSP5,2050,11,282405220.0,294.39763790489434,1.980731,461321340.0
cdd_18p3,mask_200,pop_SSP5,2050,12,86754140.0,383.16914418236047,1.980731,106517320.0
cdd_18p3,mask_200,pop_SSP5,2050,13,94790640.0,722.547824856835,1.980731,96206350.0
cdd_18p3,mask_200,pop_SSP5,2050,14,46294964.0,438.50736915884187,1.980731,47891656.0
cdd_18p3,mask_200,pop_SSP5,2050,15,88636820.0,1015.5061034620738,1.980731,95126180.0
cdd_18p3,mask_200,pop_SSP5,2050,16,134654430.0,410.5302790921089,1.980731,161663440.0
cdd_18p3,mask_200,pop_SSP5,2050,17,369761280.0,1958.1679880362053,1.980731,370126800.0
cdd_18p3,mask_200,pop_SSP5,2050,18,1561855600.0,2997.420351920628,1.980731,1569378600.0
cdd_18p3,mask_200,pop_SSP5,2050,19,71415880.0,672.9371308838568,1.980731,73432060.0
cdd_18p3,mask_200,pop_SSP5,2050,20,1317224300.0,1194.4632044230016,1.980731,1347515400.0
cdd_18p3,mask_200,pop_SSP5,2050,21,446983600.0,2944.151129078382,1.980731,449605060.0
cdd_18p3,mask_200,pop_SSP5,2050,22,313269440.0,2647.720230629192,1.980731,314093250.0
cdd_18p3,mask_200,pop_SSP5,2050,23,108407976.0,833.1996287256251,1.980731,109667816.0
cdd_18p3,mask_200,pop_SSP5,2050,24,38139540.0,644.2572200295808,1.980731,43495732.0
cdd_18p3,mask_200,pop_SSP5,2050,25,610118660.0,2539.5099246959994,1.980731,625951600.0
cdd_18p3,mask_200,pop_SSP5,2050,26,316617400.0,1889.0613207513468,1.980731,318077120.0
cdd_18p3,mask_200,pop_SSP5,2060,1,36661390.0,333.84120307533914,2.268381,48951268.0
cdd_18p3,mask_200,pop_SSP5,2060,2,416270700.0,1077.3011781538257,2.268381,421112130.0
cdd_18p3,mask_200,pop_SSP5,2060,3,116073880.0,1328.275114232051,2.268381,136508750.0
cdd_18p3,mask_200,pop_SSP5,2060,4,99036510.0,1775.6623569552687,2.268381,101067450.0
cdd_18p3,mask_200,pop_SSP5,2060,5,214693250.0,2380.0199264326848,2.268381,215042690.0
cdd_18p3,mask_200,pop_SSP5,2060,6,183469700.0,1378.3555812622699,2.268381,238479630.0
cdd_18p3,mask_200,pop_SSP5,2060,7,281905630.0,1705.404497620987,2.268381,281909000.0
cdd_18p3,mask_200,pop_SSP5,2060,8,1075482600.0,3323.380410507638,2.268381,1075628300.0
cdd_18p3,mask_200,pop_SSP5,2060,9,558875260.0,2013.840109616903,2.268381,599240960.0
cdd_18p3,mask_200,pop_SSP5,2060,10,69395010.0,1044.5074640674193,2.268381,69534510.0
cdd_18p3,mask_200,pop_SSP5,2060,11,308782600.0,324.51819619406984,2.268381,474071840.0
cdd_18p3,mask_200,pop_SSP5,2060,12,90823720.0,428.824241053309,2.268381,102216340.0
cdd_18p3,mask_200,pop_SSP5,2060,13,94952000.0,782.6973474723953,2.268381,95719980.0
cdd_18p3,mask_200,pop_SSP5,2060,14,45940020.0,490.8002666891315,2.268381,46516504.0
cdd_18p3,mask_200,pop_SSP5,2060,15,91602550.0,1082.0529381836407,2.268381,95867900.0
cdd_18p3,mask_200,pop_SSP5,2060,16,139261900.0,455.55925385150806,2.268381,162185360.0
cdd_18p3,mask_200,pop_SSP5,2060,17,384689150.0,2050.5264991987547,2.268381,385069500.0
cdd_18p3,mask_200,pop_SSP5,2060,18,1535055200.0,3109.6112314775814,2.268381,1539514600.0
cdd_18p3,mask_200,pop_SSP5,2060,19,67261560.0,719.670129937512,2.268381,68967150.0
cdd_18p3,mask_200,pop_SSP5,2060,20,1226476300.0,1259.3805766914395,2.268381,1251398500.0
cdd_18p3,mask_200,pop_SSP5,2060,21,440733000.0,3036.9893347042803,2.268381,443314000.0
cdd_18p3,mask_200,pop_SSP5,2060,22,308051460.0,2723.7967581257076,2.268381,308861500.0
cdd_18p3,mask_200,pop_SSP5,2060,23,104011390.0,880.0446284989513,2.268381,105085610.0
cdd_18p3,mask_200,pop_SSP5,2060,24,40953396.0,688.3251693625778,2.268381,46211076.0
cdd_18p3,mask_200,pop_SSP5,2060,25,625608640.0,2642.778075329904,2.268381,639516160.0
cdd_18p3,mask_200,pop_SSP5,2060,26,346156640.0,1994.8535485227726,2.268381,347721730.0
cdd_18p3,mask_200,pop_SSP5,2070,1,41651904.0,374.0342255084976,2.554702,50957204.0
cdd_18p3,mask_200,pop_SSP5,2070,2,431649150.0,1139.1141883582836,2.554702,435736060.0
cdd_18p3,mask_200,pop_SSP5,2070,3,113456690.0,1409.019189096217,2.554702,132594584.0
cdd_18p3,mask_200,pop_SSP5,2070,4,97094800.0,1854.2450578164578,2.554702,97328590.0
cdd_18p3,mask_200,pop_SSP5,2070,5,203934940.0,2485.5317042172564,2.554702,204266880.0
cdd_18p3,mask_200,pop_SSP5,2070,6,179064400.0,1443.5437104769446,2.554702,230797540.0
cdd_18p3,mask_200,pop_SSP5,2070,7,282726800.0,1785.581229637531,2.554702,282730140.0
cdd_18p3,mask_200,pop_SSP5,2070,8,1150849800.0,3434.1161932817427,2.554702,1151005600.0
cdd_18p3,mask_200,pop_SSP5,2070,9,587149400.0,2115.0802470567282,2.554702,623450400.0
cdd_18p3,mask_200,pop_SSP5,2070,10,67755810.0,1122.2748920310555,2.554702,67827340.0
cdd_18p3,mask_200,pop_SSP5,2070,11,335205470.0,355.11435903179205,2.554702,480712100.0
cdd_18p3,mask_200,pop_SSP5,2070,12,91817320.0,475.31986676004965,2.554702,97409496.0
cdd_18p3,mask_200,pop_SSP5,2070,13,93059650.0,843.4412991536195,2.554702,93346936.0
cdd_18p3,mask_200,pop_SSP5,2070,14,44564560.0,543.0236945441476,2.554702,44880170.0
cdd_18p3,mask_200,pop_SSP5,2070,15,90878000.0,1148.3664166534418,2.554702,94441750.0
cdd_18p3,mask_200,pop_SSP5,2070,16,150736600.0,499.8274309212789,2.554702,160806910.0
cdd_18p3,mask_200,pop_SSP5,2070,17,388632000.0,2142.870943464126,2.554702,389016320.0
cdd_18p3,mask_200,pop_SSP5,2070,18,1473854100.0,3221.1633187517004,2.554702,1478133200.0
cdd_18p3,mask_200,pop_SSP5,2070,19,62086620.0,765.7472551074522,2.554702,63368810.0
cdd_18p3,mask_200,pop_SSP5,2070,20,1120655000.0,1323.0946339628326,2.554702,1140496000.0
cdd_18p3,mask_200,pop_SSP5,2070,21,425915970.0,3128.719998316917,2.554702,428410430.0
cdd_18p3,mask_200,pop_SSP5,2070,22,296336640.0,2799.291621344015,2.554702,297115900.0
cdd_18p3,mask_200,pop_SSP5,2070,23,98997360.0,926.8941236797197,2.554702,99710800.0
cdd_18p3,mask_200,pop_SSP5,2070,24,43692604.0,733.5063233203914,2.554702,48151736.0
cdd_18p3,mask_200,pop_SSP5,2070,25,627508500.0,2745.4421372708343,2.554702,638131300.0
cdd_18p3,mask_200,pop_SSP5,2070,26,365441800.0,2100.4963576019995,2.554702,367066000.0
cdd_18p3,mask_200,pop_SSP5,2080,1,45683850.0,415.6130209139298,2.845921,52262844.0
cdd_18p3,mask_200,pop_SSP5,2080,2,443181760.0,1200.038427136745,2.845921,446012320.0
cdd_18p3,mask_200,pop_SSP5,2080,3,110506490.0,1492.9654018533022,2.845921,127441710.0
cdd_18p3,mask_200,pop_SSP5,2080,4,92363460.0,1931.3355723159812,2.845921,92585890.0
cdd_18p3,mask_200,pop_SSP5,2080,5,190425780.0,2590.591086293907,2.845921,190735710.0
cdd_18p3,mask_200,pop_SSP5,2080,6,173203800.0,1511.7913146425121,2.845921,220191060.0
cdd_18p3,mask_200,pop_SSP5,2080,7,278586560.0,1865.370284790587,2.845921,278589900.0
cdd_18p3,mask_200,pop_SSP5,2080,8,1198804600.0,3543.0560443673144,2.845921,1198967000.0
cdd_18p3,mask_200,pop_SSP5,2080,9,605204500.0,2213.2869803228373,2.845921,631325600.0
cdd_18p3,mask_200,pop_SSP5,2080,10,64570790.0,1208.2283449709882,2.845921,64640944.0
cdd_18p3,mask_200,pop_SSP5,2080,11,344980670.0,388.2464961053766,2.845921,482969020.0
cdd_18p3,mask_200,pop_SSP5,2080,12,88939680.0,525.0605095825929,2.845921,92288720.0
cdd_18p3,mask_200,pop_SSP5,2080,13,89558030.0,905.8216362016648,2.845921,89766420.0
cdd_18p3,mask_200,pop_SSP5,2080,14,42822816.0,593.2928937424678,2.845921,42962130.0
cdd_18p3,mask_200,pop_SSP5,2080,15,88889710.0,1213.7417713768325,2.845921,91924680.0
cdd_18p3,mask_200,pop_SSP5,2080,16,150109400.0,539.8123302296932,2.845921,157745150.0
cdd_18p3,mask_200,pop_SSP5,2080,17,383775200.0,2235.9956840976206,2.845921,384154720.0
cdd_18p3,mask_200,pop_SSP5,2080,18,1385923100.0,3328.493004438398,2.845921,1389885600.0
cdd_18p3,mask_200,pop_SSP5,2080,19,57204410.0,809.5387195470553,2.845921,57924530.0
cdd_18p3,mask_200,pop_SSP5,2080,20,1015770050.0,1382.2499610538675,2.845921,1031476350.0
cdd_18p3,mask_200,pop_SSP5,2080,21,405153200.0,3216.531846760483,2.845921,407526200.0
cdd_18p3,mask_200,pop_SSP5,2080,22,280563550.0,2872.8710285709612,2.845921,281301340.0
cdd_18p3,mask_200,pop_SSP5,2080,23,92396980.0,973.8789072258909,2.845921,92839010.0
cdd_18p3,mask_200,pop_SSP5,2080,24,45064560.0,782.8601190758895,2.845921,49285304.0
cdd_18p3,mask_200,pop_SSP5,2080,25,615104100.0,2845.0338659758922,2.845921,624636300.0
cdd_18p3,mask_200,pop_SSP5,2080,26,375213570.0,2206.7620750563997,2.845921,376710100.0
cdd_18p3,mask_200,pop_SSP5,2090,1,47519420.0,466.88456376805794,3.137292,52095904.0
cdd_18p3,mask_200,pop_SSP5,2090,2,445974140.0,1262.0804089162373,3.137292,448334460.0
cdd_18p3,mask_200,pop_SSP5,2090,3,105518900.0,1562.3589585143777,3.137292,121236936.0
cdd_18p3,mask_200,pop_SSP5,2090,4,86758930.0,1998.1547809398257,3.137292,86967870.0
cdd_18p3,mask_200,pop_SSP5,2090,5,175516770.0,2682.570443982608,3.137292,175802430.0
cdd_18p3,mask_200,pop_SSP5,2090,6,164505360.0,1571.7000933971556,3.137292,207117020.0
cdd_18p3,mask_200,pop_SSP5,2090,7,271135070.0,1936.257065000503,3.137292,271138300.0
cdd_18p3,mask_200,pop_SSP5,2090,8,1216097400.0,3631.669127013622,3.137292,1216166100.0
cdd_18p3,mask_200,pop_SSP5,2090,9,600545000.0,2299.5221084368623,3.137292,624225340.0
cdd_18p3,mask_200,pop_SSP5,2090,10,60287496.0,1282.3529564053642,3.137292,60318396.0
cdd_18p3,mask_200,pop_SSP5,2090,11,345753100.0,424.4773732148296,3.137292,474767650.0
cdd_18p3,mask_200,pop_SSP5,2090,12,86445010.0,578.4645859696014,3.137292,87156970.0
cdd_18p3,mask_200,pop_SSP5,2090,13,85230720.0,955.7997543704465,3.137292,85383620.0
cdd_18p3,mask_200,pop_SSP5,2090,14,40715990.0,649.0118428314111,3.137292,40788630.0
cdd_18p3,mask_200,pop_SSP5,2090,15,86146190.0,1278.5305675242287,3.137292,88606020.0
cdd_18p3,mask_200,pop_SSP5,2090,16,147779760.0,585.5392853993708,3.137292,153171410.0
cdd_18p3,mask_200,pop_SSP5,2090,17,372351550.0,2318.8486009315493,3.137292,372719740.0
cdd_18p3,mask_200,pop_SSP5,2090,18,1276818200.0,3432.303535427094,3.137292,1280144800.0
cdd_18p3,mask_200,pop_SSP5,2090,19,52057284.0,855.2280232290258,3.137292,52603030.0
cdd_18p3,mask_200,pop_SSP5,2090,20,909898240.0,1450.2828281387224,3.137292,922740200.0
cdd_18p3,mask_200,pop_SSP5,2090,21,379655740.0,3300.8203308976417,3.137292,381879500.0
cdd_18p3,mask_200,pop_SSP5,2090,22,262249380.0,2938.1698157365004,3.137292,262939000.0
cdd_18p3,mask_200,pop_SSP5,2090,23,85148530.0,1020.9176302795427,3.137292,85412500.0
cdd_18p3,mask_200,pop_SSP5,2090,24,44951740.0,825.5210994452942,3.137292,49066810.0
cdd_18p3,mask_200,pop_SSP5,2090,25,592410700.0,2943.080090488097,3.137292,601448960.0
cdd_18p3,mask_200,pop_SSP5,2090,26,374778100.0,2292.5671992885805,3.137292,376255400.0
cdd_18p3,mask_200,pop_SSP5,2100,1,47497000.0,527.6567943120103,3.422318,49873596.0
cdd_18p3,mask_200,pop_SSP5,2100,2,437842460.0,1323.9635274905734,3.422318,439881250.0
cdd_18p3,mask_200,pop_SSP5,2100,3,99518380.0,1614.216884770926,3.422318,113432290.0
cdd_18p3,mask_200,pop_SSP5,2100,4,80372584.0,2052.1985560072753,3.422318,80566170.0
cdd_18p3,mask_200,pop_SSP5,2100,5,159278430.0,2758.1269407413865,3.422318,159537630.0
cdd_18p3,mask_200,pop_SSP5,2100,6,152661260.0,1621.110530937125,3.422318,191616370.0
cdd_18p3,mask_200,pop_SSP5,2100,7,260874130.0,1995.7812561177188,3.422318,260877220.0
cdd_18p3,mask_200,pop_SSP5,2100,8,1201915800.0,3695.9747139671986,3.422318,1201983700.0
cdd_18p3,mask_200,pop_SSP5,2100,9,581516000.0,2370.680250127296,3.422318,604439230.0
cdd_18p3,mask_200,pop_SSP5,2100,10,55405904.0,1341.828056292102,3.422318,55405904.0
cdd_18p3,mask_200,pop_SSP5,2100,11,359596480.0,463.3021885036375,3.422318,453007740.0
cdd_18p3,mask_200,pop_SSP5,2100,12,81634750.0,634.6990532782229,3.422318,81932770.0
cdd_18p3,mask_200,pop_SSP5,2100,13,80430504.0,991.038218574265,3.422318,80546520.0
cdd_18p3,mask_200,pop_SSP5,2100,14,38400604.0,709.4715478983436,3.422318,38433052.0
cdd_18p3,mask_200,pop_SSP5,2100,15,82807460.0,1341.2270954144801,3.422318,84967690.0
cdd_18p3,mask_200,pop_SSP5,2100,16,144094600.0,636.551381999769,3.422318,147491890.0
cdd_18p3,mask_200,pop_SSP5,2100,17,355404260.0,2388.567172070592,3.422318,355755700.0
cdd_18p3,mask_200,pop_SSP5,2100,18,1155577600.0,3529.9285051619113,3.422318,1158173400.0
cdd_18p3,mask_200,pop_SSP5,2100,19,46518004.0,901.9807983079543,3.422318,47005696.0
cdd_18p3,mask_200,pop_SSP5,2100,20,815490800.0,1526.54634895238,3.422318,824748540.0
cdd_18p3,mask_200,pop_SSP5,2100,21,350616320.0,3379.354935332985,3.422318,352670080.0
cdd_18p3,mask_200,pop_SSP5,2100,22,241608450.0,2992.9137315241273,3.422318,242243790.0
cdd_18p3,mask_200,pop_SSP5,2100,23,77249560.0,1066.964315085751,3.422318,77380890.0
cdd_18p3,mask_200,pop_SSP5,2100,24,43420628.0,859.8772036777697,3.422318,47273250.0
cdd_18p3,mask_200,pop_SSP5,2100,25,565603300.0,3037.2374523837425,3.422318,571949250.0
cdd_18p3,mask_200,pop_SSP5,2100,26,365692320.0,2353.980589947777,3.422318,367119550.0
cdd_18p3,mask_400,pop_SSP1,2040,1,6820421.5,258.5084890239383,1.693643,41337404.0
cdd_18p3,mask_400,pop_SSP1,2040,2,322221150.0,957.8989449107795,1.693643,367037060.0
cdd_18p3,mask_400,pop_SSP1,2040,3,98299176.0,1184.4434187899565,1.693643,138872290.0
cdd_18p3,mask_400,pop_SSP1,2040,4,101409500.0,1626.8990495108237,1.693643,105208740.0
cdd_18p3,mask_400,pop_SSP1,2040,5,223824110.0,2178.4212278219284,1.693643,224225860.0
cdd_18p3,mask_400,pop_SSP1,2040,6,167232900.0,1253.815518879835,1.693643,242465470.0
cdd_18p3,mask_400,pop_SSP1,2040,7,258728100.0,1554.501774964426,1.693643,258731170.0
cdd_18p3,mask_400,pop_SSP1,2040,8,842620540.0,3115.601751674499,1.693643,848988800.0
cdd_18p3,mask_400,pop_SSP1,2040,9,418814400.0,1819.8296328263855,1.693643,504946800.0
cdd_18p3,mask_400,pop_SSP1,2040,10,63659096.0,893.3615103286159,1.693643,67584720.0
cdd_18p3,mask_400,pop_SSP1,2040,11,129172500.0,266.4350663007431,1.693643,431206400.0
cdd_18p3,mask_400,pop_SSP1,2040,12,38416184.0,344.40814465726305,1.693643,111707960.0
cdd_18p3,mask_400,pop_SSP1,2040,13,81821704.0,672.5166128505679,1.693643,94843990.0
cdd_18p3,mask_400,pop_SSP1,2040,14,27807124.0,398.06262966639946,1.693643,48440990.0
cdd_18p3,mask_400,pop_SSP1,2040,15,77326560.0,957.1684979199122,1.693643,92945240.0
cdd_18p3,mask_400,pop_SSP1,2040,16,48358588.0,374.0730658076767,1.693643,156855440.0
cdd_18p3,mask_400,pop_SSP1,2040,17,336063800.0,1874.2017360440839,1.693643,342136600.0
cdd_18p3,mask_400,pop_SSP1,2040,18,1547929500.0,2903.4402725320842,1.693643,1563959600.0
cdd_18p3,mask_400,pop_SSP1,2040,19,71778970.0,630.0734978589335,1.693643,76428100.0
cdd_18p3,mask_400,pop_SSP1,2040,20,1316704900.0,1135.4159263454742,1.693643,1414905100.0
cdd_18p3,mask_400,pop_SSP1,2040,21,443127520.0,2859.783027594782,1.693643,445849020.0
cdd_18p3,mask_400,pop_SSP1,2040,22,311212100.0,2578.974224402152,1.693643,312030500.0
cdd_18p3,mask_400,pop_SSP1,2040,23,103636740.0,791.6325455884988,1.693643,113431120.0
cdd_18p3,mask_400,pop_SSP1,2040,24,23881918.0,607.405220126244,1.693643,38909136.0
cdd_18p3,mask_400,pop_SSP1,2040,25,581003650.0,2450.084124758127,1.693643,606828100.0
cdd_18p3,mask_400,pop_SSP1,2040,26,278721250.0,1792.0081708577093,1.693643,281171600.0
cdd_18p3,mask_400,pop_SSP1,2050,1,10300750.0,294.0706002225668,1.980731,42730160.0
cdd_18p3,mask_400,pop_SSP1,2050,2,341443600.0,1014.9657130673824,1.980731,379067230.0
cdd_18p3,mask_400,pop_SSP1,2050,3,100562424.0,1248.4501021820015,1.980731,141275540.0
cdd_18p3,mask_400,pop_SSP1,2050,4,102876260.0,1696.747089556009,1.980731,106730440.0
cdd_18p3,mask_400,pop_SSP1,2050,5,221610180.0,2274.210675901001,1.980731,222007940.0
cdd_18p3,mask_400,pop_SSP1,2050,6,170638240.0,1313.7249264007335,1.980731,245458220.0
cdd_18p3,mask_400,pop_SSP1,2050,7,276051260.0,1625.1888030700961,1.980731,276054530.0
cdd_18p3,mask_400,pop_SSP1,2050,8,978325000.0,3212.206709713402,1.980731,981780860.0
cdd_18p3,mask_400,pop_SSP1,2050,9,490290620.0,1911.7740862230821,1.980731,567637300.0
cdd_18p3,mask_400,pop_SSP1,2050,10,66610572.0,968.1850550165505,1.980731,69499650.0
cdd_18p3,mask_400,pop_SSP1,2050,11,138710460.0,294.44184146446906,1.980731,436203360.0
cdd_18p3,mask_400,pop_SSP1,2050,12,43145616.0,383.2403942313741,1.980731,107122160.0
cdd_18p3,mask_400,pop_SSP1,2050,13,86999630.0,722.2950232772545,1.980731,96936720.0
cdd_18p3,mask_400,pop_SSP1,2050,14,29671290.0,438.62276189122326,1.980731,46647932.0
cdd_18p3,mask_400,pop_SSP1,2050,15,83600824.0,1015.8433686317347,1.980731,98202280.0
cdd_18p3,mask_400,pop_SSP1,2050,16,53728440.0,410.3835771802766,1.980731,155298020.0
cdd_18p3,mask_400,pop_SSP1,2050,17,360080300.0,1958.0241494338027,1.980731,365695940.0
cdd_18p3,mask_400,pop_SSP1,2050,18,1557449600.0,2997.2143530159615,1.980731,1573453300.0
cdd_18p3,mask_400,pop_SSP1,2050,19,69807784.0,672.8893109590899,1.980731,73376910.0
cdd_18p3,mask_400,pop_SSP1,2050,20,1271556200.0,1194.505859019213,1.980731,1352791300.0
cdd_18p3,mask_400,pop_SSP1,2050,21,447581570.0,2944.1197784442193,1.980731,450295300.0
cdd_18p3,mask_400,pop_SSP1,2050,22,313463700.0,2647.7173224240255,1.980731,314288030.0
cdd_18p3,mask_400,pop_SSP1,2050,23,99102920.0,833.1384801913014,1.980731,107435820.0
cdd_18p3,mask_400,pop_SSP1,2050,24,30620532.0,644.015990017217,1.980731,40958290.0
cdd_18p3,mask_400,pop_SSP1,2050,25,623620900.0,2539.2692083088828,1.980731,647567100.0
cdd_18p3,mask_400,pop_SSP1,2050,26,319547650.0,1889.0072414624417,1.980731,322151000.0
cdd_18p3,mask_400,pop_SSP1,2060,1,19620470.0,333.9878198000651,2.268381,43724424.0
cdd_18p3,mask_400,pop_SSP1,2060,2,354236220.0,1077.1593569986053,2.268381,386854980.0
cdd_18p3,mask_400,pop_SSP1,2060,3,103507736.0,1328.0411095718453,2.268381,140542530.0
cdd_18p3,mask_400,pop_SSP1,2060,4,103473220.0,1775.7369003227757,2.268381,105595120.0
cdd_18p3,mask_400,pop_SSP1,2060,5,214779780.0,2380.032317479414,2.268381,215165280.0
cdd_18p3,mask_400,pop_SSP1,2060,6,173493730.0,1378.4262457425746,2.268381,243065360.0
cdd_18p3,mask_400,pop_SSP1,2060,7,285473000.0,1705.4708425358392,2.268381,285476380.0
cdd_18p3,mask_400,pop_SSP1,2060,8,1086883700.0,3323.291846967526,2.268381,1090710100.0
cdd_18p3,mask_400,pop_SSP1,2060,9,539230400.0,2013.876947277,2.268381,614193150.0
cdd_18p3,mask_400,pop_SSP1,2060,10,68473790.0,1044.6144870661842,2.268381,69521660.0
cdd_18p3,mask_400,pop_SSP1,2060,11,162687000.0,324.5679599387131,2.268381,437019330.0
cdd_18p3,mask_400,pop_SSP1,2060,12,44273976.0,428.9034780186867,2.268381,102368690.0
cdd_18p3,mask_400,pop_SSP1,2060,13,90153896.0,782.436191875285,2.268381,96692240.0
cdd_18p3,mask_400,pop_SSP1,2060,14,30185052.0,490.9258342128305,2.268381,44486428.0
cdd_18p3,mask_400,pop_SSP1,2060,15,89054180.0,1082.4065069003693,2.268381,100182490.0
cdd_18p3,mask_400,pop_SSP1,2060,16,65441144.0,455.4041536217947,2.268381,152653250.0
cdd_18p3,mask_400,pop_SSP1,2060,17,373594880.0,2050.3815068486892,2.268381,379247300.0
cdd_18p3,mask_400,pop_SSP1,2060,18,1530889000.0,3109.4077451698704,2.268381,1545084400.0
cdd_18p3,mask_400,pop_SSP1,2060,19,65959956.0,719.6198582086049,2.268381,68708940.0
cdd_18p3,mask_400,pop_SSP1,2060,20,1196486900.0,1259.423816783191,2.268381,1258049700.0
cdd_18p3,mask_400,pop_SSP1,2060,21,441339000.0,3036.95719253654,2.268381,444014660.0
cdd_18p3,mask_400,pop_SSP1,2060,22,308284100.0,2723.793872489056,2.268381,309094800.0
cdd_18p3,mask_400,pop_SSP1,2060,23,94899950.0,879.9808048769817,2.268381,101781510.0
cdd_18p3,mask_400,pop_SSP1,2060,24,32025066.0,688.0781207425299,2.268381,42555550.0
cdd_18p3,mask_400,pop_SSP1,2060,25,648361800.0,2642.528316032549,2.268381,671092740.0
cdd_18p3,mask_400,pop_SSP1,2060,26,351371520.0,1994.7927379729335,2.268381,354106900.0
cdd_18p3,mask_400,pop_SSP1,2070,1,23273930.0,374.18796534469556,2.554702,44364012.0
cdd_18p3,mask_400,pop_SSP1,2070,2,364984000.0,1138.9718140219704,2.554702,392172800.0
cdd_18p3,mask_400,pop_SSP1,2070,3,103507720.0,1408.7913568607732,2.554702,137426370.0
cdd_18p3,mask_400,pop_SSP1,2070,4,100485990.0,1854.3463409923904,2.554702,102546620.0
cdd_18p3,mask_400,pop_SSP1,2070,5,203992930.0,2485.5444580761327,2.554702,204359040.0
cdd_18p3,mask_400,pop_SSP1,2070,6,169576020.0,1443.6142195476723,2.554702,236221260.0
cdd_18p3,mask_400,pop_SSP1,2070,7,287184900.0,1785.6492265353963,2.554702,287188320.0
cdd_18p3,mask_400,pop_SSP1,2070,8,1169955100.0,3434.0280262514666,2.554702,1171714300.0
cdd_18p3,mask_400,pop_SSP1,2070,9,585210000.0,2115.11483814041,2.554702,642925440.0
cdd_18p3,mask_400,pop_SSP1,2070,10,66729656.0,1122.3870764045937,2.554702,67755464.0
cdd_18p3,mask_400,pop_SSP1,2070,11,171223020.0,355.16972989916644,2.554702,433117380.0
cdd_18p3,mask_400,pop_SSP1,2070,12,44106090.0,475.4072918546668,2.554702,96934740.0
cdd_18p3,mask_400,pop_SSP1,2070,13,90049340.0,843.1717077968257,2.554702,94466090.0
cdd_18p3,mask_400,pop_SSP1,2070,14,30820828.0,543.1594516219823,2.554702,42106644.0
cdd_18p3,mask_400,pop_SSP1,2070,15,90374820.0,1148.7364136479177,2.554702,99628890.0
cdd_18p3,mask_400,pop_SSP1,2070,16,74139890.0,499.66394835839,2.554702,148472910.0
cdd_18p3,mask_400,pop_SSP1,2070,17,381678240.0,2142.7247820955654,2.554702,382055680.0
cdd_18p3,mask_400,pop_SSP1,2070,18,1471539000.0,3220.9629587375157,2.554702,1484759600.0
cdd_18p3,mask_400,pop_SSP1,2070,19,60728388.0,765.6945987768187,2.554702,62868164.0
cdd_18p3,mask_400,pop_SSP1,2070,20,1103597400.0,1323.1384360327459,2.554702,1147859800.0
cdd_18p3,mask_400,pop_SSP1,2070,21,426382940.0,3128.6870831502783,2.554702,428890880.0
cdd_18p3,mask_400,pop_SSP1,2070,22,296577760.0,2799.288754885504,2.554702,297357660.0
cdd_18p3,mask_400,pop_SSP1,2070,23,90177990.0,926.8276389998156,2.554702,95463000.0
cdd_18p3,mask_400,pop_SSP1,2070,24,34566790.0,733.2535598481569,2.554702,43537636.0
cdd_18p3,mask_400,pop_SSP1,2070,25,658240900.0,2745.181550000652,2.554702,677983000.0
cdd_18p3,mask_400,pop_SSP1,2070,26,373285820.0,2100.42865701021,2.554702,375558880.0
cdd_18p3,mask_400,pop_SSP1,2080,1,24987124.0,415.7695424282354,2.845921,44620250.0
cdd_18p3,mask_400,pop_SSP1,2080,2,373788320.0,1199.8939997424982,2.845921,395203330.0
cdd_18p3,mask_400,pop_SSP1,2080,3,107778690.0,1492.7411435948204,2.845921,132715140.0
cdd_18p3,mask_400,pop_SSP1,2080,4,96127520.0,1931.4625853027032,2.845921,98098780.0
cdd_18p3,mask_400,pop_SSP1,2080,5,190431780.0,2590.6042903751522,2.845921,190773550.0
cdd_18p3,mask_400,pop_SSP1,2080,6,167114540.0,1511.8618396323936,2.845921,226005010.0
cdd_18p3,mask_400,pop_SSP1,2080,7,283654700.0,1865.4396822136616,2.845921,283658080.0
cdd_18p3,mask_400,pop_SSP1,2080,8,1223970300.0,3542.967578203882,2.845921,1224136200.0
cdd_18p3,mask_400,pop_SSP1,2080,9,604285300.0,2213.319946036242,2.845921,654119700.0
cdd_18p3,mask_400,pop_SSP1,2080,10,63543950.0,1208.346158160633,2.845921,64471650.0
cdd_18p3,mask_400,pop_SSP1,2080,11,189368580.0,388.3074753436685,2.845921,426984860.0
cdd_18p3,mask_400,pop_SSP1,2080,12,49363410.0,525.1569586681112,2.845921,91174940.0
cdd_18p3,mask_400,pop_SSP1,2080,13,88793460.0,905.5430883474844,2.845921,90921100.0
cdd_18p3,mask_400,pop_SSP1,2080,14,32074540.0,593.4384461476401,2.845921,39598330.0
cdd_18p3,mask_400,pop_SSP1,2080,15,89272104.0,1214.128539337107,2.845921,97576300.0
cdd_18p3,mask_400,pop_SSP1,2080,16,83162700.0,539.6414066874127,2.845921,143305800.0
cdd_18p3,mask_400,pop_SSP1,2080,17,375913150.0,2235.8484337704376,2.845921,376284930.0
cdd_18p3,mask_400,pop_SSP1,2080,18,1386211700.0,3328.2979683209883,2.845921,1396979000.0
cdd_18p3,mask_400,pop_SSP1,2080,19,55234076.0,809.4839669105992,2.845921,57179110.0
cdd_18p3,mask_400,pop_SSP1,2080,20,1003535740.0,1382.2942510442972,2.845921,1038973760.0
cdd_18p3,mask_400,pop_SSP1,2080,21,405181380.0,3216.498223522069,2.845921,407564600.0
cdd_18p3,mask_400,pop_SSP1,2080,22,280793100.0,2872.8681706797033,2.845921,281531460.0
cdd_18p3,mask_400,pop_SSP1,2080,23,85126720.0,973.8099296791903,2.845921,87863890.0
cdd_18p3,mask_400,pop_SSP1,2080,24,35074956.0,782.6018455483834,2.845921,43898824.0
cdd_18p3,mask_400,pop_SSP1,2080,25,651391740.0,2844.758259057025,2.845921,669882750.0
cdd_18p3,mask_400,pop_SSP1,2080,26,384820960.0,2206.6865424896814,2.845921,386785280.0
cdd_18p3,mask_400,pop_SSP1,2090,1,26878754.0,467.0434202938572,3.137292,43763460.0
cdd_18p3,mask_400,pop_SSP1,2090,2,378183000.0,1261.9409878046088,3.137292,392706430.0
cdd_18p3,mask_400,pop_SSP1,2090,3,106483730.0,1562.1367763710412,3.137292,126606850.0
cdd_18p3,mask_400,pop_SSP1,2090,4,90552970.0,1998.3028234135109,3.137292,92409900.0
cdd_18p3,mask_400,pop_SSP1,2090,5,175490240.0,2682.5839220568623,3.137292,175775840.0
cdd_18p3,mask_400,pop_SSP1,2090,6,158306800.0,1571.7701080481456,3.137292,212886300.0
cdd_18p3,mask_400,pop_SSP1,2090,7,276510560.0,1936.3277522243718,3.137292,276513900.0
cdd_18p3,mask_400,pop_SSP1,2090,8,1243817500.0,3631.5807881597243,3.137292,1243985900.0
cdd_18p3,mask_400,pop_SSP1,2090,9,604533950.0,2299.5532690097566,3.137292,648780400.0
cdd_18p3,mask_400,pop_SSP1,2090,10,59169470.0,1282.475079027884,3.137292,60033336.0
cdd_18p3,mask_400,pop_SSP1,2090,11,207413100.0,424.5447791964287,3.137292,413250300.0
cdd_18p3,mask_400,pop_SSP1,2090,12,62257616.0,578.5698779242218,3.137292,85553730.0
cdd_18p3,mask_400,pop_SSP1,2090,13,85027020.0,955.5131514479469,3.137292,86465120.0
cdd_18p3,mask_400,pop_SSP1,2090,14,32556072.0,649.1641598664379,3.137292,37064172.0
cdd_18p3,mask_400,pop_SSP1,2090,15,87285016.0,1278.9319288004338,3.137292,94346904.0
cdd_18p3,mask_400,pop_SSP1,2090,16,102690616.0,585.363252282964,3.137292,137513820.0
cdd_18p3,mask_400,pop_SSP1,2090,17,363947780.0,2318.6999230707534,3.137292,364307700.0
cdd_18p3,mask_400,pop_SSP1,2090,18,1280980900.0,3432.1169660597525,3.137292,1287154300.0
cdd_18p3,mask_400,pop_SSP1,2090,19,50007150.0,855.1710780292958,3.137292,51643520.0
cdd_18p3,mask_400,pop_SSP1,2090,20,903246460.0,1450.3271707767462,3.137292,929867260.0
cdd_18p3,mask_400,pop_SSP1,2090,21,379106340.0,3300.786004385968,3.137292,381329660.0
cdd_18p3,mask_400,pop_SSP1,2090,22,262458750.0,2938.1669864189853,3.137292,263148960.0
cdd_18p3,mask_400,pop_SSP1,2090,23,77831730.0,1020.8469186939402,3.137292,80022490.0
cdd_18p3,mask_400,pop_SSP1,2090,24,36797000.0,825.2588497067293,3.137292,43116236.0
cdd_18p3,mask_400,pop_SSP1,2090,25,632435100.0,2942.7864415234644,3.137292,648921200.0
cdd_18p3,mask_400,pop_SSP1,2090,26,385512450.0,2292.485904714181,3.137292,387177100.0
cdd_18p3,mask_400,pop_SSP1,2100,1,27768868.0,527.8174430418753,3.422318,41334500.0
cdd_18p3,mask_400,pop_SSP1,2100,2,374056960.0,1323.836754798021,3.422318,382343550.0
cdd_18p3,mask_400,pop_SSP1,2100,3,100796380.0,1613.9950870821115,3.422318,118474700.0
cdd_18p3,mask_400,pop_SSP1,2100,4,85398560.0,2052.361995107159,3.422318,85604180.0
cdd_18p3,mask_400,pop_SSP1,2100,5,159189730.0,2758.140493113648,3.422318,159448770.0
cdd_18p3,mask_400,pop_SSP1,2100,6,150632160.0,1621.1794686098533,3.422318,196914220.0
cdd_18p3,mask_400,pop_SSP1,2100,7,266229020.0,1995.85308269576,3.422318,266232200.0
cdd_18p3,mask_400,pop_SSP1,2100,8,1230179800.0,3695.8869679848567,3.422318,1230346500.0
cdd_18p3,mask_400,pop_SSP1,2100,9,587889660.0,2370.7094484426852,3.422318,629134000.0
cdd_18p3,mask_400,pop_SSP1,2100,10,54490108.0,1341.9529428156213,3.422318,55014532.0
cdd_18p3,mask_400,pop_SSP1,2100,11,222613400.0,463.37677650023056,3.422318,389888200.0
cdd_18p3,mask_400,pop_SSP1,2100,12,65565380.0,634.8127915240947,3.422318,80128870.0
cdd_18p3,mask_400,pop_SSP1,2100,13,80272770.0,990.7447307444464,3.422318,81469210.0
cdd_18p3,mask_400,pop_SSP1,2100,14,33135524.0,709.6271494409966,3.422318,34660790.0
cdd_18p3,mask_400,pop_SSP1,2100,15,84282744.0,1341.6403319110238,3.422318,90474380.0
cdd_18p3,mask_400,pop_SSP1,2100,16,107617690.0,636.3729143350796,3.422318,131682300.0
cdd_18p3,mask_400,pop_SSP1,2100,17,347037400.0,2388.4167266877753,3.422318,347380600.0
cdd_18p3,mask_400,pop_SSP1,2100,18,1159504800.0,3529.7536654477904,3.422318,1164688100.0
cdd_18p3,mask_400,pop_SSP1,2100,19,44471656.0,901.9216038175684,3.422318,45889290.0
cdd_18p3,mask_400,pop_SSP1,2100,20,811565700.0,1526.590264954868,3.422318,831249700.0
cdd_18p3,mask_400,pop_SSP1,2100,21,349470900.0,3379.3199265364815,3.422318,351520450.0
cdd_18p3,mask_400,pop_SSP1,2100,22,241789950.0,2992.9109521169976,3.422318,242425780.0
cdd_18p3,mask_400,pop_SSP1,2100,23,70764320.0,1066.892741717217,3.422318,71976080.0
cdd_18p3,mask_400,pop_SSP1,2100,24,35646704.0,859.6127513780025,3.422318,41043690.0
cdd_18p3,mask_400,pop_SSP1,2100,25,604259650.0,3036.922844781856,3.422318,618490500.0
cdd_18p3,mask_400,pop_SSP1,2100,26,376433020.0,2353.895935807865,3.422318,378042140.0
cdd_18p3,mask_400,pop_SSP2,2040,1,6805347.0,258.5195229454601,1.693643,41235690.0
cdd_18p3,mask_400,pop_SSP2,2040,2,322533200.0,958.5406143207512,1.693643,367379520.0
cdd_18p3,mask_400,pop_SSP2,2040,3,100879340.0,1184.771574637537,1.693643,142523300.0
cdd_18p3,mask_400,pop_SSP2,2040,4,104631020.0,1626.9683296283713,1.693643,108550970.0
cdd_18p3,mask_400,pop_SSP2,2040,5,227439250.0,2178.735698906791,1.693643,227847470.0
cdd_18p3,mask_400,pop_SSP2,2040,6,171117120.0,1254.184418742892,1.693643,248099980.0
cdd_18p3,mask_400,pop_SSP2,2040,7,267325980.0,1555.1033920846592,1.693643,267329170.0
cdd_18p3,mask_400,pop_SSP2,2040,8,905701760.0,3115.903828887777,1.693643,912532350.0
cdd_18p3,mask_400,pop_SSP2,2040,9,445151970.0,1819.485075300834,1.693643,536728770.0
cdd_18p3,mask_400,pop_SSP2,2040,10,63788804.0,894.0141234075305,1.693643,67723840.0
cdd_18p3,mask_400,pop_SSP2,2040,11,128701860.0,266.4293623561792,1.693643,429634530.0
cdd_18p3,mask_400,pop_SSP2,2040,12,38208510.0,344.3995361900569,1.693643,111103150.0
cdd_18p3,mask_400,pop_SSP2,2040,13,82374110.0,673.5257748050616,1.693643,95478960.0
cdd_18p3,mask_400,pop_SSP2,2040,14,27610254.0,398.0598050440644,1.693643,48097216.0
cdd_18p3,mask_400,pop_SSP2,2040,15,79745520.0,958.0085383537433,1.693643,95847944.0
cdd_18p3,mask_400,pop_SSP2,2040,16,48192550.0,374.23314745955673,1.693643,156275730.0
cdd_18p3,mask_400,pop_SSP2,2040,17,345810370.0,1875.1862816031826,1.693643,352059260.0
cdd_18p3,mask_400,pop_SSP2,2040,18,1588440800.0,2903.0384120293993,1.693643,1604890600.0
cdd_18p3,mask_400,pop_SSP2,2040,19,71384000.0,630.0456547191011,1.693643,76008750.0
cdd_18p3,mask_400,pop_SSP2,2040,20,1312374300.0,1135.3528395180922,1.693643,1410251500.0
cdd_18p3,mask_400,pop_SSP2,2040,21,453959170.0,2859.5774739796384,1.693643,456747040.0
cdd_18p3,mask_400,pop_SSP2,2040,22,317946340.0,2578.590055762145,1.693643,318782430.0
cdd_18p3,mask_400,pop_SSP2,2040,23,102693200.0,791.6146258593818,1.693643,112398424.0
cdd_18p3,mask_400,pop_SSP2,2040,24,23986014.0,607.4933491331182,1.693643,39078732.0
cdd_18p3,mask_400,pop_SSP2,2040,25,604075500.0,2449.677901239439,1.693643,630920060.0
cdd_18p3,mask_400,pop_SSP2,2040,26,295401300.0,1791.6169259793865,1.693643,297976000.0
cdd_18p3,mask_400,pop_SSP2,2050,1,10262808.0,294.08226971380327,1.980731,42558132.0
cdd_18p3,mask_400,pop_SSP2,2050,2,342435520.0,1015.6192012675851,1.980731,380150100.0
cdd_18p3,mask_400,pop_SSP2,2050,3,105186420.0,1248.8010606550592,1.980731,147781920.0
cdd_18p3,mask_400,pop_SSP2,2050,4,108526080.0,1696.8612603244233,1.980731,112591950.0
cdd_18p3,mask_400,pop_SSP2,2050,5,227619470.0,2274.5300804936874,1.980731,228028000.0
cdd_18p3,mask_400,pop_SSP2,2050,6,177631680.0,1314.097399535885,1.980731,255523500.0
cdd_18p3,mask_400,pop_SSP2,2050,7,292863870.0,1625.803324227978,1.980731,292867360.0
cdd_18p3,mask_400,pop_SSP2,2050,8,1107972500.0,3212.5076521330357,1.980731,1111875200.0
cdd_18p3,mask_400,pop_SSP2,2050,9,542731260.0,1911.4364114077441,1.980731,628347100.0
cdd_18p3,mask_400,pop_SSP2,2050,10,66707800.0,968.8740354710901,1.980731,69606420.0
cdd_18p3,mask_400,pop_SSP2,2050,11,137900340.0,294.43552011550287,1.980731,433655460.0
cdd_18p3,mask_400,pop_SSP2,2050,12,42749616.0,383.23080888468394,1.980731,106137620.0
cdd_18p3,mask_400,pop_SSP2,2050,13,87814380.0,723.3370418411819,1.980731,97837060.0
cdd_18p3,mask_400,pop_SSP2,2050,14,29348160.0,438.6196984139682,1.980731,46139016.0
cdd_18p3,mask_400,pop_SSP2,2050,15,88629600.0,1016.7172361404382,1.980731,104102540.0
cdd_18p3,mask_400,pop_SSP2,2050,16,53507030.0,410.5489572903345,1.980731,154594640.0
cdd_18p3,mask_400,pop_SSP2,2050,17,378117600.0,1959.0217841253655,1.980731,384014180.0
cdd_18p3,mask_400,pop_SSP2,2050,18,1627547300.0,2996.8145553424506,1.980731,1644272400.0
cdd_18p3,mask_400,pop_SSP2,2050,19,68823180.0,672.8598712829245,1.980731,72344100.0
cdd_18p3,mask_400,pop_SSP2,2050,20,1258901900.0,1194.442572743991,1.980731,1339330600.0
cdd_18p3,mask_400,pop_SSP2,2050,21,466921540.0,2943.890779184463,1.980731,469752540.0
cdd_18p3,mask_400,pop_SSP2,2050,22,325433950.0,2647.3359417721917,1.980731,326289730.0
cdd_18p3,mask_400,pop_SSP2,2050,23,97529610.0,833.1199621152864,1.980731,105730216.0
cdd_18p3,mask_400,pop_SSP2,2050,24,30877328.0,644.1063211455892,1.980731,41301784.0
cdd_18p3,mask_400,pop_SSP2,2050,25,668960260.0,2538.8764621899713,1.980731,694634560.0
cdd_18p3,mask_400,pop_SSP2,2050,26,352521020.0,1888.5579474567414,1.980731,355352580.0
cdd_18p3,mask_400,pop_SSP2,2060,1,19601178.0,334.000151905557,2.268381,43672144.0
cdd_18p3,mask_400,pop_SSP2,2060,2,357620500.0,1077.8266968667451,2.268381,390528700.0
cdd_18p3,mask_400,pop_SSP2,2060,3,110768180.0,1328.4176407823763,2.268381,150414260.0
cdd_18p3,mask_400,pop_SSP2,2060,4,111900984.0,1775.9122644775348,2.268381,114195710.0
cdd_18p3,mask_400,pop_SSP2,2060,5,223348340.0,2380.356191113587,2.268381,223749180.0
cdd_18p3,mask_400,pop_SSP2,2060,6,184269280.0,1378.8029604933308,2.268381,258169620.0
cdd_18p3,mask_400,pop_SSP2,2060,7,311798400.0,1706.1021502058736,2.268381,311802100.0
cdd_18p3,mask_400,pop_SSP2,2060,8,1300968400.0,3323.5923037055236,2.268381,1305529200.0
cdd_18p3,mask_400,pop_SSP2,2060,9,623269570.0,2013.540621833371,2.268381,709911600.0
cdd_18p3,mask_400,pop_SSP2,2060,10,68702350.0,1045.3416267428968,2.268381,69768220.0
cdd_18p3,mask_400,pop_SSP2,2060,11,161900160.0,324.5608289164906,2.268381,434905060.0
cdd_18p3,mask_400,pop_SSP2,2060,12,43842892.0,428.89270262633823,2.268381,101370700.0
cdd_18p3,mask_400,pop_SSP2,2060,13,91206630.0,783.5138147516419,2.268381,97814136.0
cdd_18p3,mask_400,pop_SSP2,2060,14,29851546.0,490.92246831878856,2.268381,43993936.0
cdd_18p3,mask_400,pop_SSP2,2060,15,97387280.0,1083.3198165106508,2.268381,109548380.0
cdd_18p3,mask_400,pop_SSP2,2060,16,65323810.0,455.5767530787592,2.268381,152312130.0
cdd_18p3,mask_400,pop_SSP2,2060,17,400556830.0,2051.391440417066,2.268381,406616400.0
cdd_18p3,mask_400,pop_SSP2,2060,18,1633671200.0,3109.0138247699565,2.268381,1648807700.0
cdd_18p3,mask_400,pop_SSP2,2060,19,64424700.0,719.58862149086,2.268381,67111020.0
cdd_18p3,mask_400,pop_SSP2,2060,20,1174451700.0,1259.3608834471686,2.268381,1234886400.0
cdd_18p3,mask_400,pop_SSP2,2060,21,470164670.0,3036.696327506796,2.268381,473015070.0
cdd_18p3,mask_400,pop_SSP2,2060,22,326448500.0,2723.413971873893,2.268381,327306980.0
cdd_18p3,mask_400,pop_SSP2,2060,23,92769900.0,879.9614820609047,2.268381,99497010.0
cdd_18p3,mask_400,pop_SSP2,2060,24,32520986.0,688.1706210437444,2.268381,43214544.0
cdd_18p3,mask_400,pop_SSP2,2060,25,720948000.0,2642.125400932022,2.268381,746201660.0
cdd_18p3,mask_400,pop_SSP2,2060,26,404258020.0,1994.2857092993224,2.268381,407346560.0
cdd_18p3,mask_400,pop_SSP2,2070,1,23420228.0,374.2010191655689,2.554702,44633880.0
cdd_18p3,mask_400,pop_SSP2,2070,2,372458430.0,1139.6535466796433,2.554702,400180160.0
cdd_18p3,mask_400,pop_SSP2,2070,3,113673890.0,1409.1922732962805,2.554702,150940340.0
cdd_18p3,mask_400,pop_SSP2,2070,4,111751360.0,1854.582989013878,2.554702,114043016.0
cdd_18p3,mask_400,pop_SSP2,2070,5,215501040.0,2485.8726118180393,2.554702,215887780.0
cdd_18p3,mask_400,pop_SSP2,2070,6,184332450.0,1443.9953851672449,2.554702,256786940.0
cdd_18p3,mask_400,pop_SSP2,2070,7,323478140.0,1786.2969842060847,2.554702,323482020.0
cdd_18p3,mask_400,pop_SSP2,2070,8,1480034200.0,3434.3279874063946,2.554702,1482260500.0
cdd_18p3,mask_400,pop_SSP2,2070,9,706037600.0,2114.778496589101,2.554702,775675140.0
cdd_18p3,mask_400,pop_SSP2,2070,10,67579630.0,1123.1532119777444,2.554702,68638130.0
cdd_18p3,mask_400,pop_SSP2,2070,11,171557800.0,355.16178182652686,2.554702,433964700.0
cdd_18p3,mask_400,pop_SSP2,2070,12,43805896.0,475.39530103754237,2.554702,96273770.0
cdd_18p3,mask_400,pop_SSP2,2070,13,91461840.0,844.2852222078714,2.554702,95941550.0
cdd_18p3,mask_400,pop_SSP2,2070,14,30641978.0,543.1557753545312,2.554702,41861824.0
cdd_18p3,mask_400,pop_SSP2,2070,15,102132660.0,1149.6893284376881,2.554702,112581130.0
cdd_18p3,mask_400,pop_SSP2,2070,16,74450050.0,499.8438293585515,2.554702,149028450.0
cdd_18p3,mask_400,pop_SSP2,2070,17,418327780.0,2143.7473851560617,2.554702,418741570.0
cdd_18p3,mask_400,pop_SSP2,2070,18,1608253800.0,3220.5755261606273,2.554702,1622686700.0
cdd_18p3,mask_400,pop_SSP2,2070,19,59114016.0,765.6616684009846,2.554702,61197800.0
cdd_18p3,mask_400,pop_SSP2,2070,20,1078268700.0,1323.075900694124,2.554702,1121519900.0
cdd_18p3,mask_400,pop_SSP2,2070,21,465704480.0,3128.3952275799356,2.554702,468443650.0
cdd_18p3,mask_400,pop_SSP2,2070,22,322414300.0,2798.909953168933,2.554702,323262140.0
cdd_18p3,mask_400,pop_SSP2,2070,23,87600264.0,926.8075157942251,2.554702,92734200.0
cdd_18p3,mask_400,pop_SSP2,2070,24,35461080.0,733.3481900003756,2.554702,44664010.0
cdd_18p3,mask_400,pop_SSP2,2070,25,759826700.0,2744.7649411819416,2.554702,782588300.0
cdd_18p3,mask_400,pop_SSP2,2070,26,448045380.0,2099.862420246618,2.554702,450714980.0
cdd_18p3,mask_400,pop_SSP2,2080,1,25353806.0,415.78359008091564,2.845921,45265812.0
cdd_18p3,mask_400,pop_SSP2,2080,2,385345500.0,1200.5923588771302,2.845921,407399500.0
cdd_18p3,mask_400,pop_SSP2,2080,3,121571980.0,1493.161418228997,2.845921,149714400.0
cdd_18p3,mask_400,pop_SSP2,2080,4,110139220.0,1931.758182281461,2.845921,112397820.0
cdd_18p3,mask_400,pop_SSP2,2080,5,204973090.0,2590.9362186219014,2.845921,205340940.0
cdd_18p3,mask_400,pop_SSP2,2080,6,186313600.0,1512.2483142870694,2.845921,251980200.0
cdd_18p3,mask_400,pop_SSP2,2080,7,330352580.0,1866.101868913867,2.845921,330356480.0
cdd_18p3,mask_400,pop_SSP2,2080,8,1632773900.0,3543.2667825280096,2.845921,1632995200.0
cdd_18p3,mask_400,pop_SSP2,2080,9,759211140.0,2212.9794415089145,2.845921,821835840.0
cdd_18p3,mask_400,pop_SSP2,2080,10,65521690.0,1209.1557896636984,2.845921,66502090.0
cdd_18p3,mask_400,pop_SSP2,2080,11,192113550.0,388.2987071660539,2.845921,433175170.0
cdd_18p3,mask_400,pop_SSP2,2080,12,49451624.0,525.1436636756853,2.845921,91335220.0
cdd_18p3,mask_400,pop_SSP2,2080,13,90869096.0,906.6942277948673,2.845921,93042460.0
cdd_18p3,mask_400,pop_SSP2,2080,14,32303892.0,593.434433332629,2.845921,39881184.0
cdd_18p3,mask_400,pop_SSP2,2080,15,104567980.0,1215.1215161481714,2.845921,114282900.0
cdd_18p3,mask_400,pop_SSP2,2080,16,84515096.0,539.8285172871966,2.845921,145581340.0
cdd_18p3,mask_400,pop_SSP2,2080,17,422117280.0,2236.8860149825787,2.845921,422534880.0
cdd_18p3,mask_400,pop_SSP2,2080,18,1556586000.0,3327.91870815632,2.845921,1568660100.0
cdd_18p3,mask_400,pop_SSP2,2080,19,53857790.0,809.4497841302267,2.845921,55754692.0
cdd_18p3,mask_400,pop_SSP2,2080,20,980105200.0,1382.2321514518237,2.845921,1014721300.0
cdd_18p3,mask_400,pop_SSP2,2080,21,455214940.0,3216.180559886349,2.845921,457892400.0
cdd_18p3,mask_400,pop_SSP2,2080,22,314518600.0,2872.4892789237165,2.845921,315345660.0
cdd_18p3,mask_400,pop_SSP2,2080,23,83266530.0,973.7890582781893,2.845921,85943896.0
cdd_18p3,mask_400,pop_SSP2,2080,24,36460304.0,782.698527270327,2.845921,45632690.0
cdd_18p3,mask_400,pop_SSP2,2080,25,780372100.0,2844.3196260870227,2.845921,802491800.0
cdd_18p3,mask_400,pop_SSP2,2080,26,480814530.0,2206.052458768412,2.845921,483205730.0
cdd_18p3,mask_400,pop_SSP2,2090,1,27803140.0,467.05866856432453,3.137292,45264700.0
cdd_18p3,mask_400,pop_SSP2,2090,2,394584500.0,1262.647830236326,3.137292,409720960.0
cdd_18p3,mask_400,pop_SSP2,2090,3,123876504.0,1562.572188045674,3.137292,147301260.0
cdd_18p3,mask_400,pop_SSP2,2090,4,107346060.0,1998.6466037796738,3.137292,109547370.0
cdd_18p3,mask_400,pop_SSP2,2090,5,193335730.0,2682.9197490065853,3.137292,193650340.0
cdd_18p3,mask_400,pop_SSP2,2090,6,181819360.0,1572.158755175632,3.137292,244516750.0
cdd_18p3,mask_400,pop_SSP2,2090,7,333704320.0,1937.0040854255149,3.137292,333708300.0
cdd_18p3,mask_400,pop_SSP2,2090,8,1748262500.0,3631.880878498472,3.137292,1748499300.0
cdd_18p3,mask_400,pop_SSP2,2090,9,792549400.0,2299.209983348474,3.137292,850514400.0
cdd_18p3,mask_400,pop_SSP2,2090,10,62856276.0,1283.3176131602402,3.137292,63799784.0
cdd_18p3,mask_400,pop_SSP2,2090,11,216108980.0,424.5350539457968,3.137292,430576960.0
cdd_18p3,mask_400,pop_SSP2,2090,12,63443292.0,578.5553129097484,3.137292,87182820.0
cdd_18p3,mask_400,pop_SSP2,2090,13,88009380.0,956.6958584915441,3.137292,89494320.0
cdd_18p3,mask_400,pop_SSP2,2090,14,33455934.0,649.1599588941513,3.137292,38088804.0
cdd_18p3,mask_400,pop_SSP2,2090,15,106281816.0,1279.95892943108,3.137292,114867560.0
cdd_18p3,mask_400,pop_SSP2,2090,16,106239970.0,585.5548825712121,3.137292,142233840.0
cdd_18p3,mask_400,pop_SSP2,2090,17,420896600.0,2319.753047871148,3.137292,421313020.0
cdd_18p3,mask_400,pop_SSP2,2090,18,1490871800.0,3431.7514631424474,3.137292,1498046700.0
cdd_18p3,mask_400,pop_SSP2,2090,19,49088600.0,855.1351920780904,3.137292,50695056.0
cdd_18p3,mask_400,pop_SSP2,2090,20,887743700.0,1450.2664567043141,3.137292,913915000.0
cdd_18p3,mask_400,pop_SSP2,2090,21,440233180.0,3300.436636346857,3.137292,442814980.0
cdd_18p3,mask_400,pop_SSP2,2090,22,303268860.0,2937.79052335869,3.137292,304066370.0
cdd_18p3,mask_400,pop_SSP2,2090,23,78025176.0,1020.8255342803661,3.137292,80221390.0
cdd_18p3,mask_400,pop_SSP2,2090,24,39233344.0,825.3570095097684,3.137292,45970976.0
cdd_18p3,mask_400,pop_SSP2,2090,25,788324200.0,2942.322106343635,3.137292,808838660.0
cdd_18p3,mask_400,pop_SSP2,2090,26,500469570.0,2291.8019946944223,3.137292,502567100.0
cdd_18p3,mask_400,pop_SSP2,2100,1,30038896.0,527.8340922320922,3.422318,44719280.0
cdd_18p3,mask_400,pop_SSP2,2100,2,399650530.0,1324.5429464109086,3.422318,408499700.0
cdd_18p3,mask_400,pop_SSP2,2100,3,122659016.0,1614.4406609473917,3.422318,144189000.0
cdd_18p3,mask_400,pop_SSP2,2100,4,105786700.0,2052.741057023351,3.422318,106041360.0
cdd_18p3,mask_400,pop_SSP2,2100,5,181933470.0,2758.4802680528037,3.422318,182229540.0
cdd_18p3,mask_400,pop_SSP2,2100,6,180237620.0,1621.566794437167,3.422318,235626800.0
cdd_18p3,mask_400,pop_SSP2,2100,7,333028220.0,1996.542935901327,3.422318,333032160.0
cdd_18p3,mask_400,pop_SSP2,2100,8,1822908300.0,3696.189729048026,3.422318,1823155500.0
cdd_18p3,mask_400,pop_SSP2,2100,9,807566200.0,2370.364961627978,3.422318,864178800.0
cdd_18p3,mask_400,pop_SSP2,2100,10,60145660.0,1342.8160084767896,3.422318,60728110.0
cdd_18p3,mask_400,pop_SSP2,2100,11,242672320.0,463.36596512000636,3.422318,425041180.0
cdd_18p3,mask_400,pop_SSP2,2100,12,68486220.0,634.7970223859096,3.422318,83693990.0
cdd_18p3,mask_400,pop_SSP2,2100,13,84383650.0,991.951646338401,3.422318,85637630.0
cdd_18p3,mask_400,pop_SSP2,2100,14,34739710.0,709.6229275094431,3.422318,36338800.0
cdd_18p3,mask_400,pop_SSP2,2100,15,106674370.0,1342.693963551946,3.422318,114497230.0
cdd_18p3,mask_400,pop_SSP2,2100,16,113178936.0,636.5659867162854,3.422318,138470290.0
cdd_18p3,mask_400,pop_SSP2,2100,17,415984320.0,2389.4856687661504,3.422318,416395870.0
cdd_18p3,mask_400,pop_SSP2,2100,18,1415329300.0,3529.4077467298266,3.422318,1421647000.0
cdd_18p3,mask_400,pop_SSP2,2100,19,44422452.0,901.8835576358115,3.422318,45837730.0
cdd_18p3,mask_400,pop_SSP2,2100,20,805782100.0,1526.5319486745507,3.422318,825335200.0
cdd_18p3,mask_400,pop_SSP2,2100,21,422985060.0,3378.933086092906,3.422318,425465700.0
cdd_18p3,mask_400,pop_SSP2,2100,22,289645660.0,2992.5396300669336,3.422318,290407300.0
cdd_18p3,mask_400,pop_SSP2,2100,23,73602520.0,1066.8711140828702,3.422318,74862880.0
cdd_18p3,mask_400,pop_SSP2,2100,24,39748396.0,859.7117263044689,3.422318,45766380.0
cdd_18p3,mask_400,pop_SSP2,2100,25,788071600.0,3036.4293418179013,3.422318,806595840.0
cdd_18p3,mask_400,pop_SSP2,2100,26,509400500.0,2353.183107080399,3.422318,511516400.0
cdd_18p3,mask_400,pop_SSP3,2040,1,6687968.0,258.6647589492387,1.693643,40483924.0
cdd_18p3,mask_400,pop_SSP3,2040,2,320783940.0,959.6239727931455,1.693643,365363970.0
cdd_18p3,mask_400,pop_SSP3,2040,3,104146376.0,1185.254373475761,1.693643,147148340.0
cdd_18p3,mask_400,pop_SSP3,2040,4,108670710.0,1627.0681921532837,1.693643,112742000.0
cdd_18p3,mask_400,pop_SSP3,2040,5,231458880.0,2179.2009009801795,1.693643,231874340.0
cdd_18p3,mask_400,pop_SSP3,2040,6,175803330.0,1254.7081744974296,1.693643,254898480.0
cdd_18p3,mask_400,pop_SSP3,2040,7,276615970.0,1555.838224808997,1.693643,276619230.0
cdd_18p3,mask_400,pop_SSP3,2040,8,953303040.0,3115.90289107589,1.693643,960487400.0
cdd_18p3,mask_400,pop_SSP3,2040,9,466651000.0,1819.3607352649167,1.693643,562667500.0
cdd_18p3,mask_400,pop_SSP3,2040,10,63685652.0,894.6097675976164,1.693643,67615390.0
cdd_18p3,mask_400,pop_SSP3,2040,11,127383840.0,266.4299807484839,1.693643,425228200.0
cdd_18p3,mask_400,pop_SSP3,2040,12,38540456.0,344.37968888218836,1.693643,112074770.0
cdd_18p3,mask_400,pop_SSP3,2040,13,84274610.0,674.4304330596758,1.693643,97681940.0
cdd_18p3,mask_400,pop_SSP3,2040,14,27494984.0,398.0433140689081,1.693643,47893124.0
cdd_18p3,mask_400,pop_SSP3,2040,15,83000850.0,958.995998697967,1.693643,99756710.0
cdd_18p3,mask_400,pop_SSP3,2040,16,48016864.0,374.48464955731896,1.693643,155668030.0
cdd_18p3,mask_400,pop_SSP3,2040,17,354439700.0,1876.385513028969,1.693643,360844930.0
cdd_18p3,mask_400,pop_SSP3,2040,18,1629989600.0,2902.5168985854243,1.693643,1646870800.0
cdd_18p3,mask_400,pop_SSP3,2040,19,71609710.0,629.9922880298922,1.693643,76252620.0
cdd_18p3,mask_400,pop_SSP3,2040,20,1325126400.0,1135.6830171974327,1.693643,1423951500.0
cdd_18p3,mask_400,pop_SSP3,2040,21,464796160.0,2859.218815799017,1.693643,467650600.0
cdd_18p3,mask_400,pop_SSP3,2040,22,324796740.0,2578.114568182928,1.693643,325650850.0
cdd_18p3,mask_400,pop_SSP3,2040,23,102071660.0,791.6262475113407,1.693643,111718130.0
cdd_18p3,mask_400,pop_SSP3,2040,24,23870074.0,607.557264590915,1.693643,38889836.0
cdd_18p3,mask_400,pop_SSP3,2040,25,630936640.0,2449.195947536806,1.693643,658968450.0
cdd_18p3,mask_400,pop_SSP3,2040,26,307069470.0,1791.219444313202,1.693643,309730000.0
cdd_18p3,mask_400,pop_SSP3,2050,1,9952462.0,294.2376699502931,1.980731,41216212.0
cdd_18p3,mask_400,pop_SSP3,2050,2,340222100.0,1016.7230161621833,1.980731,377658750.0
cdd_18p3,mask_400,pop_SSP3,2050,3,111449610.0,1249.3178629058198,1.980731,156598080.0
cdd_18p3,mask_400,pop_SSP3,2050,4,116115016.0,1697.0242055836302,1.980731,120465210.0
cdd_18p3,mask_400,pop_SSP3,2050,5,234906900.0,2275.002514009826,1.980731,235328510.0
cdd_18p3,mask_400,pop_SSP3,2050,6,186613060.0,1314.6263244969962,1.980731,268450700.0
cdd_18p3,mask_400,pop_SSP3,2050,7,312442560.0,1626.553902021138,1.980731,312446270.0
cdd_18p3,mask_400,pop_SSP3,2050,8,1218453200.0,3212.508031986505,1.980731,1222742300.0
cdd_18p3,mask_400,pop_SSP3,2050,9,593538300.0,1911.3145525251336,1.980731,687176300.0
cdd_18p3,mask_400,pop_SSP3,2050,10,67074430.0,969.506201287029,1.980731,69993380.0
cdd_18p3,mask_400,pop_SSP3,2050,11,135585860.0,294.4364282807826,1.980731,426360400.0
cdd_18p3,mask_400,pop_SSP3,2050,12,43455016.0,383.2078384641504,1.980731,107896490.0
cdd_18p3,mask_400,pop_SSP3,2050,13,91511180.0,724.2674768891608,1.980731,101955340.0
cdd_18p3,mask_400,pop_SSP3,2050,14,29174856.0,438.60266598402626,1.980731,45861864.0
cdd_18p3,mask_400,pop_SSP3,2050,15,95487870.0,1017.744140472853,1.980731,112153120.0
cdd_18p3,mask_400,pop_SSP3,2050,16,53360416.0,410.8092388118057,1.980731,154105740.0
cdd_18p3,mask_400,pop_SSP3,2050,17,396392930.0,1960.2366815623081,1.980731,402574850.0
cdd_18p3,mask_400,pop_SSP3,2050,18,1707254800.0,2996.295741765497,1.980731,1724801000.0
cdd_18p3,mask_400,pop_SSP3,2050,19,68994470.0,672.8046656676003,1.980731,72531310.0
cdd_18p3,mask_400,pop_SSP3,2050,20,1279705600.0,1194.7771092306675,1.980731,1361459700.0
cdd_18p3,mask_400,pop_SSP3,2050,21,488304830.0,2943.501679015055,1.980731,491265600.0
cdd_18p3,mask_400,pop_SSP3,2050,22,338480160.0,2646.863919944648,1.980731,339370240.0
cdd_18p3,mask_400,pop_SSP3,2050,23,96630220.0,833.1319679237288,1.980731,104755220.0
cdd_18p3,mask_400,pop_SSP3,2050,24,30697088.0,644.171845788127,1.980731,41060684.0
cdd_18p3,mask_400,pop_SSP3,2050,25,724525600.0,2538.4106922408437,1.980731,752317300.0
cdd_18p3,mask_400,pop_SSP3,2050,26,381323650.0,1888.1059628097878,1.980731,384356320.0
cdd_18p3,mask_400,pop_SSP3,2060,1,18833898.0,334.1647017632242,2.268381,41926972.0
cdd_18p3,mask_400,pop_SSP3,2060,2,357512200.0,1078.95427614338,2.268381,390365020.0
cdd_18p3,mask_400,pop_SSP3,2060,3,121431020.0,1328.9727366293366,2.268381,164916400.0
cdd_18p3,mask_400,pop_SSP3,2060,4,124107380.0,1776.1611883213343,2.268381,126652400.0
cdd_18p3,mask_400,pop_SSP3,2060,5,234862080.0,2380.8351596061107,2.268381,235283580.0
cdd_18p3,mask_400,pop_SSP3,2060,6,199163900.0,1379.3380072051107,2.268381,279048260.0
cdd_18p3,mask_400,pop_SSP3,2060,7,345181400.0,1706.8732572990434,2.268381,345185540.0
cdd_18p3,mask_400,pop_SSP3,2060,8,1503796700.0,3323.5934927167323,2.268381,1509065200.0
cdd_18p3,mask_400,pop_SSP3,2060,9,716419000.0,2013.414797875528,2.268381,816020200.0
cdd_18p3,mask_400,pop_SSP3,2060,10,70119710.0,1046.011936833471,2.268381,71220456.0
cdd_18p3,mask_400,pop_SSP3,2060,11,158844930.0,324.56217046820217,2.268381,426685060.0
cdd_18p3,mask_400,pop_SSP3,2060,12,45126910.0,428.8651384031177,2.268381,104345420.0
cdd_18p3,mask_400,pop_SSP3,2060,13,97300990.0,784.4730039499817,2.268381,104349270.0
cdd_18p3,mask_400,pop_SSP3,2060,14,29714652.0,490.90457888692237,2.268381,43786800.0
cdd_18p3,mask_400,pop_SSP3,2060,15,109234376.0,1084.3932329442396,2.268381,122868824.0
cdd_18p3,mask_400,pop_SSP3,2060,16,65497630.0,455.84848401018525,2.268381,152645900.0
cdd_18p3,mask_400,pop_SSP3,2060,17,431693300.0,2052.621517098505,2.268381,438224400.0
cdd_18p3,mask_400,pop_SSP3,2060,18,1765608800.0,3108.5026785799737,2.268381,1781953500.0
cdd_18p3,mask_400,pop_SSP3,2060,19,64696908.0,719.5313028424538,2.268381,67400760.0
cdd_18p3,mask_400,pop_SSP3,2060,20,1206336400.0,1259.6988497235998,2.268381,1268408000.0
cdd_18p3,mask_400,pop_SSP3,2060,21,505250000.0,3036.266350461586,2.268381,508313340.0
cdd_18p3,mask_400,pop_SSP3,2060,22,348124450.0,2722.9437994518557,2.268381,349039870.0
cdd_18p3,mask_400,pop_SSP3,2060,23,91671360.0,879.9740068528423,2.268381,98318810.0
cdd_18p3,mask_400,pop_SSP3,2060,24,32461606.0,688.2377353080482,2.268381,43135644.0
cdd_18p3,mask_400,pop_SSP3,2060,25,816449400.0,2641.6478986965512,2.268381,845022850.0
cdd_18p3,mask_400,pop_SSP3,2060,26,458524740.0,1993.7791934110292,2.268381,461982820.0
cdd_18p3,mask_400,pop_SSP3,2070,1,22534010.0,374.37413217874916,2.554702,42907930.0
cdd_18p3,mask_400,pop_SSP3,2070,2,379070850.0,1140.8057497046748,2.554702,407231700.0
cdd_18p3,mask_400,pop_SSP3,2070,3,129872000.0,1409.7839336628613,2.554702,172477180.0
cdd_18p3,mask_400,pop_SSP3,2070,4,129252160.0,1854.9180174699902,2.554702,131902680.0
cdd_18p3,mask_400,pop_SSP3,2070,5,232439280.0,2486.35783419574,2.554702,232856380.0
cdd_18p3,mask_400,pop_SSP3,2070,6,206278080.0,1444.5368500850473,2.554702,287372580.0
cdd_18p3,mask_400,pop_SSP3,2070,7,373490080.0,1787.0882076076782,2.554702,373494530.0
cdd_18p3,mask_400,pop_SSP3,2070,8,1800503600.0,3434.329580089478,2.554702,1803212200.0
cdd_18p3,mask_400,pop_SSP3,2070,9,854891460.0,2114.6479725746926,2.554702,939222000.0
cdd_18p3,mask_400,pop_SSP3,2070,10,70625320.0,1123.8626587143453,2.554702,71749976.0
cdd_18p3,mask_400,pop_SSP3,2070,11,170121400.0,355.1635660164218,2.554702,430315070.0
cdd_18p3,mask_400,pop_SSP3,2070,12,46029524.0,475.36314363100223,2.554702,101163260.0
cdd_18p3,mask_400,pop_SSP3,2070,13,100798720.0,845.2730218928136,2.554702,105735150.0
cdd_18p3,mask_400,pop_SSP3,2070,14,30807652.0,543.1371250265724,2.554702,42083730.0
cdd_18p3,mask_400,pop_SSP3,2070,15,119538420.0,1150.8095576907585,2.554702,131761620.0
cdd_18p3,mask_400,pop_SSP3,2070,16,75729330.0,500.12716317519346,2.554702,151516780.0
cdd_18p3,mask_400,pop_SSP3,2070,17,466586530.0,2144.99316404088,2.554702,467048130.0
cdd_18p3,mask_400,pop_SSP3,2070,18,1805471100.0,3220.072800952706,2.554702,1821655300.0
cdd_18p3,mask_400,pop_SSP3,2070,19,60018690.0,765.6021311093684,2.554702,62143024.0
cdd_18p3,mask_400,pop_SSP3,2070,20,1132369000.0,1323.417213759461,2.554702,1177790500.0
cdd_18p3,mask_400,pop_SSP3,2070,21,518085500.0,3127.925545470034,2.554702,521132830.0
cdd_18p3,mask_400,pop_SSP3,2070,22,355221000.0,2798.441158778637,2.554702,356155140.0
cdd_18p3,mask_400,pop_SSP3,2070,23,87003540.0,926.8205566976363,2.554702,92102504.0
cdd_18p3,mask_400,pop_SSP3,2070,24,35842410.0,733.4168661462273,2.554702,45144300.0
cdd_18p3,mask_400,pop_SSP3,2070,25,902946900.0,2744.2715289998087,2.554702,929965500.0
cdd_18p3,mask_400,pop_SSP3,2070,26,534099500.0,2099.300127270648,2.554702,537235700.0
cdd_18p3,mask_400,pop_SSP3,2080,1,24656764.0,415.96338749722656,2.845921,43977050.0
cdd_18p3,mask_400,pop_SSP3,2080,2,402976500.0,1201.772774921296,2.845921,425981920.0
cdd_18p3,mask_400,pop_SSP3,2080,3,145644940.0,1493.78228414144,2.845921,179385540.0
cdd_18p3,mask_400,pop_SSP3,2080,4,133481870.0,1932.1760330560146,2.845921,136219100.0
cdd_18p3,mask_400,pop_SSP3,2080,5,228732560.0,2591.4269400539647,2.845921,229142990.0
cdd_18p3,mask_400,pop_SSP3,2080,6,217300960.0,1512.7974156806795,2.845921,293904060.0
cdd_18p3,mask_400,pop_SSP3,2080,7,400219800.0,1866.9107196450611,2.845921,400224580.0
cdd_18p3,mask_400,pop_SSP3,2080,8,2086649700.0,3543.267212911324,2.845921,2086932400.0
cdd_18p3,mask_400,pop_SSP3,2080,9,966987970.0,2212.84287833313,2.845921,1046764160.0
cdd_18p3,mask_400,pop_SSP3,2080,10,70670520.0,1209.9095978877508,2.845921,71751544.0
cdd_18p3,mask_400,pop_SSP3,2080,11,194756670.0,388.30094600727966,2.845921,439119700.0
cdd_18p3,mask_400,pop_SSP3,2080,12,53778540.0,525.1071965343704,2.845921,99345624.0
cdd_18p3,mask_400,pop_SSP3,2080,13,104378560.0,907.7101799988853,2.845921,106874620.0
cdd_18p3,mask_400,pop_SSP3,2080,14,33350036.0,593.4155027235599,2.845921,41169890.0
cdd_18p3,mask_400,pop_SSP3,2080,15,128259410.0,1216.2894279627699,2.845921,140167870.0
cdd_18p3,mask_400,pop_SSP3,2080,16,88575110.0,540.1237247851326,2.845921,152507900.0
cdd_18p3,mask_400,pop_SSP3,2080,17,491483940.0,2238.1504781554427,2.845921,491970240.0
cdd_18p3,mask_400,pop_SSP3,2080,18,1827810300.0,3327.426418748679,2.845921,1841970200.0
cdd_18p3,mask_400,pop_SSP3,2080,19,55933690.0,809.387576629497,2.845921,57913860.0
cdd_18p3,mask_400,pop_SSP3,2080,20,1062254700.0,1382.5768679035834,2.845921,1099774300.0
cdd_18p3,mask_400,pop_SSP3,2080,21,528867330.0,3215.677919958191,2.845921,531978050.0
cdd_18p3,mask_400,pop_SSP3,2080,22,360548700.0,2872.0203924646617,2.845921,361496830.0
cdd_18p3,mask_400,pop_SSP3,2080,23,84445330.0,973.8025808147931,2.845921,87160590.0
cdd_18p3,mask_400,pop_SSP3,2080,24,37587740.0,782.7687111694945,2.845921,47043750.0
cdd_18p3,mask_400,pop_SSP3,2080,25,974630600.0,2843.800408332331,2.845921,1002221500.0
cdd_18p3,mask_400,pop_SSP3,2080,26,601714400.0,2205.4269599718104,2.845921,604655900.0
cdd_18p3,mask_400,pop_SSP3,2090,1,27655218.0,467.24579491424595,3.137292,44979364.0
cdd_18p3,mask_400,pop_SSP3,2090,2,428465120.0,1263.8427679929334,3.137292,444843650.0
cdd_18p3,mask_400,pop_SSP3,2090,3,156701710.0,1563.2158677064833,3.137292,186358780.0
cdd_18p3,mask_400,pop_SSP3,2090,4,137296660.0,1999.132156532012,3.137292,140112080.0
cdd_18p3,mask_400,pop_SSP3,2090,5,225726660.0,2683.4161729929924,3.137292,226093950.0
cdd_18p3,mask_400,pop_SSP3,2090,6,222950080.0,1572.711040060974,3.137292,299846850.0
cdd_18p3,mask_400,pop_SSP3,2090,7,426190430.0,1937.8302159535895,3.137292,426195500.0
cdd_18p3,mask_400,pop_SSP3,2090,8,2344611800.0,3631.8820475392677,3.137292,2344929300.0
cdd_18p3,mask_400,pop_SSP3,2090,9,1065458600.0,2299.06791952362,3.137292,1143401300.0
cdd_18p3,mask_400,pop_SSP3,2090,10,70507416.0,1284.1046911487147,3.137292,71592950.0
cdd_18p3,mask_400,pop_SSP3,2090,11,226208940.0,424.53773780603217,3.137292,450691100.0
cdd_18p3,mask_400,pop_SSP3,2090,12,72265340.0,578.5178748241772,3.137292,99307016.0
cdd_18p3,mask_400,pop_SSP3,2090,13,106339040.0,957.7328134352846,3.137292,108132840.0
cdd_18p3,mask_400,pop_SSP3,2090,14,35994190.0,649.1407059622542,3.137292,40975320.0
cdd_18p3,mask_400,pop_SSP3,2090,15,136931090.0,1281.167026432326,3.137292,147985220.0
cdd_18p3,mask_400,pop_SSP3,2090,16,116059736.0,585.8572621689051,3.137292,155349680.0
cdd_18p3,mask_400,pop_SSP3,2090,17,516227040.0,2321.0365332277875,3.137292,516737860.0
cdd_18p3,mask_400,pop_SSP3,2090,18,1853134100.0,3431.276819074241,3.137292,1862041900.0
cdd_18p3,mask_400,pop_SSP3,2090,19,52856890.0,855.0713369643179,3.137292,54595016.0
cdd_18p3,mask_400,pop_SSP3,2090,20,1006980800.0,1450.609558802503,3.137292,1036669800.0
cdd_18p3,mask_400,pop_SSP3,2090,21,539447300.0,3299.8936015266763,3.137292,542610940.0
cdd_18p3,mask_400,pop_SSP3,2090,22,364967600.0,2937.324670524564,3.137292,365927360.0
cdd_18p3,mask_400,pop_SSP3,2090,23,81288340.0,1020.8393832337216,3.137292,83576390.0
cdd_18p3,mask_400,pop_SSP3,2090,24,41674036.0,825.428283702433,3.137292,48830816.0
cdd_18p3,mask_400,pop_SSP3,2090,25,1039983740.0,2941.7728892189343,3.137292,1067009540.0
cdd_18p3,mask_400,pop_SSP3,2090,26,657091650.0,2291.130011394741,3.137292,659791700.0
cdd_18p3,mask_400,pop_SSP3,2100,1,31016824.0,528.0290916748912,3.422318,46129350.0
cdd_18p3,mask_400,pop_SSP3,2100,2,456048900.0,1325.7370427121614,3.422318,466091900.0
cdd_18p3,mask_400,pop_SSP3,2100,3,165032580.0,1615.0996236934516,3.422318,194026940.0
cdd_18p3,mask_400,pop_SSP3,2100,4,143938080.0,2053.2761903805235,3.422318,144284480.0
cdd_18p3,mask_400,pop_SSP3,2100,5,224798770.0,2758.982490670719,3.422318,225164530.0
cdd_18p3,mask_400,pop_SSP3,2100,6,234594540.0,1622.1173004797195,3.422318,306703700.0
cdd_18p3,mask_400,pop_SSP3,2100,7,449402700.0,1997.385578301633,3.422318,449408030.0
cdd_18p3,mask_400,pop_SSP3,2100,8,2563139800.0,3696.1937082610802,3.422318,2563487200.0
cdd_18p3,mask_400,pop_SSP3,2100,9,1149548300.0,2370.2181115953704,3.422318,1230168000.0
cdd_18p3,mask_400,pop_SSP3,2100,10,70599850.0,1343.6234294536885,3.422318,71287580.0
cdd_18p3,mask_400,pop_SSP3,2100,11,265303780.0,463.3690734731558,3.422318,464625340.0
cdd_18p3,mask_400,pop_SSP3,2100,12,82077016.0,634.7623024044133,3.422318,100308620.0
cdd_18p3,mask_400,pop_SSP3,2100,13,108342730.0,993.0012812616479,3.422318,109952550.0
cdd_18p3,mask_400,pop_SSP3,2100,14,39259910.0,709.6033132795458,3.422318,41067064.0
cdd_18p3,mask_400,pop_SSP3,2100,15,144238910.0,1343.9331124629593,3.422318,154809780.0
cdd_18p3,mask_400,pop_SSP3,2100,16,129598590.0,636.8702138753398,3.422318,158531020.0
cdd_18p3,mask_400,pop_SSP3,2100,17,540023230.0,2390.7881223195523,3.422318,540557630.0
cdd_18p3,mask_400,pop_SSP3,2100,18,1884860800.0,3528.9582726416684,3.422318,1893265500.0
cdd_18p3,mask_400,pop_SSP3,2100,19,50300200.0,901.8192149580119,3.422318,51911252.0
cdd_18p3,mask_400,pop_SSP3,2100,20,967637440.0,1526.8679609820306,3.422318,991126700.0
cdd_18p3,mask_400,pop_SSP3,2100,21,551559700.0,3378.3423902527798,3.422318,554794400.0
cdd_18p3,mask_400,pop_SSP3,2100,22,369201400.0,2992.0801763395903,3.422318,370172320.0
cdd_18p3,mask_400,pop_SSP3,2100,23,79469070.0,1066.8851116670626,3.422318,80829896.0
cdd_18p3,mask_400,pop_SSP3,2100,24,44085280.0,859.7836078827908,3.422318,50759870.0
cdd_18p3,mask_400,pop_SSP3,2100,25,1103582200.0,3035.846189296871,3.422318,1129486200.0
cdd_18p3,mask_400,pop_SSP3,2100,26,703546600.0,2352.484044976444,3.422318,706413600.0
cdd_18p3,mask_400,pop_SSP5,2040,1,7143048.5,258.38006257978435,1.693643,43332450.0
cdd_18p3,mask_400,pop_SSP5,2040,2,333697860.0,958.0430567553046,1.693643,380137380.0
cdd_18p3,mask_400,pop_SSP5,2040,3,97060020.0,1184.6882738926522,1.693643,137109700.0
cdd_18p3,mask_400,pop_SSP5,2040,4,99318820.0,1626.8707899878566,1.693643,103039730.0
cdd_18p3,mask_400,pop_SSP5,2040,5,223734540.0,2178.409632255299,1.693643,224136160.0
cdd_18p3,mask_400,pop_SSP5,2040,6,165829920.0,1253.7443309645707,1.693643,240428000.0
cdd_18p3,mask_400,pop_SSP5,2040,7,257343950.0,1554.4382937126595,1.693643,257347000.0
cdd_18p3,mask_400,pop_SSP5,2040,8,838215940.0,3115.691935224468,1.693643,844544500.0
cdd_18p3,mask_400,pop_SSP5,2040,9,414413440.0,1819.7895396006095,1.693643,499649440.0
cdd_18p3,mask_400,pop_SSP5,2040,10,63658456.0,893.2643747469402,1.693643,67583850.0
cdd_18p3,mask_400,pop_SSP5,2040,11,133297240.0,266.39509080095706,1.693643,444985760.0
cdd_18p3,mask_400,pop_SSP5,2040,12,38170268.0,344.34379684572434,1.693643,110979220.0
cdd_18p3,mask_400,pop_SSP5,2040,13,81441176.0,672.7615366479898,1.693643,94398980.0
cdd_18p3,mask_400,pop_SSP5,2040,14,28147152.0,397.95468553279886,1.693643,49036920.0
cdd_18p3,mask_400,pop_SSP5,2040,15,75850290.0,956.844910503954,1.693643,91172590.0
cdd_18p3,mask_400,pop_SSP5,2040,16,49406972.0,374.21522205541845,1.693643,160273680.0
cdd_18p3,mask_400,pop_SSP5,2040,17,338890750.0,1874.345035325427,1.693643,345014200.0
cdd_18p3,mask_400,pop_SSP5,2040,18,1545523700.0,2903.6469993752607,1.693643,1561527600.0
cdd_18p3,mask_400,pop_SSP5,2040,19,71739900.0,630.1191576171981,1.693643,76385490.0
cdd_18p3,mask_400,pop_SSP5,2040,20,1313530100.0,1135.3738754262456,1.693643,1411498900.0
cdd_18p3,mask_400,pop_SSP5,2040,21,442630940.0,2859.8136338938943,1.693643,445349380.0
cdd_18p3,mask_400,pop_SSP5,2040,22,311087170.0,2578.977165551063,1.693643,311905200.0
cdd_18p3,mask_400,pop_SSP5,2040,23,104759710.0,791.6916939588799,1.693643,114660220.0
cdd_18p3,mask_400,pop_SSP5,2040,24,24754026.0,607.6405504742019,1.693643,40330000.0
cdd_18p3,mask_400,pop_SSP5,2040,25,569397900.0,2450.328336547876,1.693643,594712060.0
cdd_18p3,mask_400,pop_SSP5,2040,26,276659100.0,1792.0555115388056,1.693643,279094100.0
cdd_18p3,mask_400,pop_SSP5,2050,1,11157295.0,293.9322948015098,1.980731,46331800.0
cdd_18p3,mask_400,pop_SSP5,2050,2,362586000.0,1015.1074963807097,1.980731,402577570.0
cdd_18p3,mask_400,pop_SSP5,2050,3,98483090.0,1248.6907626008115,1.980731,138332980.0
cdd_18p3,mask_400,pop_SSP5,2050,4,99544460.0,1696.6992445062808,1.980731,103273816.0
cdd_18p3,mask_400,pop_SSP5,2050,5,221488800.0,2274.198637014711,1.980731,221886370.0
cdd_18p3,mask_400,pop_SSP5,2050,6,168293800.0,1313.6540570013992,1.980731,242080480.0
cdd_18p3,mask_400,pop_SSP5,2050,7,273580380.0,1625.12414640338,1.980731,273583650.0
cdd_18p3,mask_400,pop_SSP5,2050,8,969108860.0,3212.2958667045045,1.980731,972528600.0
cdd_18p3,mask_400,pop_SSP5,2050,9,481722530.0,1911.7349358932377,1.980731,557712000.0
cdd_18p3,mask_400,pop_SSP5,2050,10,66607892.0,968.0831102606513,1.980731,69496184.0
cdd_18p3,mask_400,pop_SSP5,2050,11,146689180.0,294.39763790489434,1.980731,461321340.0
cdd_18p3,mask_400,pop_SSP5,2050,12,42908228.0,383.16914418236047,1.980731,106517320.0
cdd_18p3,mask_400,pop_SSP5,2050,13,86348240.0,722.547824856835,1.980731,96206350.0
cdd_18p3,mask_400,pop_SSP5,2050,14,30459126.0,438.50736915884187,1.980731,47891656.0
cdd_18p3,mask_400,pop_SSP5,2050,15,80980750.0,1015.5061034620738,1.980731,95126180.0
cdd_18p3,mask_400,pop_SSP5,2050,16,55917530.0,410.5302790921089,1.980731,161663440.0
cdd_18p3,mask_400,pop_SSP5,2050,17,364443900.0,1958.1679880362053,1.980731,370126800.0
cdd_18p3,mask_400,pop_SSP5,2050,18,1553418800.0,2997.420351920628,1.980731,1569378600.0
cdd_18p3,mask_400,pop_SSP5,2050,19,69862570.0,672.9371308838568,1.980731,73432060.0
cdd_18p3,mask_400,pop_SSP5,2050,20,1266589600.0,1194.4632044230016,1.980731,1347515400.0
cdd_18p3,mask_400,pop_SSP5,2050,21,446895520.0,2944.151129078382,1.980731,449605060.0
cdd_18p3,mask_400,pop_SSP5,2050,22,313269440.0,2647.720230629192,1.980731,314093250.0
cdd_18p3,mask_400,pop_SSP5,2050,23,101161800.0,833.1996287256251,1.980731,109667816.0
cdd_18p3,mask_400,pop_SSP5,2050,24,32517532.0,644.2572200295808,1.980731,43495732.0
cdd_18p3,mask_400,pop_SSP5,2050,25,602793000.0,2539.5099246959994,1.980731,625951600.0
cdd_18p3,mask_400,pop_SSP5,2050,26,315501820.0,1889.0613207513468,1.980731,318077120.0
cdd_18p3,mask_400,pop_SSP5,2060,1,21953618.0,333.84120307533914,2.268381,48951268.0
cdd_18p3,mask_400,pop_SSP5,2060,2,385562200.0,1077.3011781538257,2.268381,421112130.0
cdd_18p3,mask_400,pop_SSP5,2060,3,100557544.0,1328.275114232051,2.268381,136508750.0
cdd_18p3,mask_400,pop_SSP5,2060,4,99036510.0,1775.6623569552687,2.268381,101067450.0
cdd_18p3,mask_400,pop_SSP5,2060,5,214657400.0,2380.0199264326848,2.268381,215042690.0
cdd_18p3,mask_400,pop_SSP5,2060,6,170225250.0,1378.3555812622699,2.268381,238479630.0
cdd_18p3,mask_400,pop_SSP5,2060,7,281905630.0,1705.404497620987,2.268381,281909000.0
cdd_18p3,mask_400,pop_SSP5,2060,8,1071859800.0,3323.380410507638,2.268381,1075628300.0
cdd_18p3,mask_400,pop_SSP5,2060,9,526108600.0,2013.840109616903,2.268381,599240960.0
cdd_18p3,mask_400,pop_SSP5,2060,10,68488220.0,1044.5074640674193,2.268381,69534510.0
cdd_18p3,mask_400,pop_SSP5,2060,11,176473400.0,324.51819619406984,2.268381,474071840.0
cdd_18p3,mask_400,pop_SSP5,2060,12,44213270.0,428.824241053309,2.268381,102216340.0
cdd_18p3,mask_400,pop_SSP5,2060,13,89250970.0,782.6973474723953,2.268381,95719980.0
cdd_18p3,mask_400,pop_SSP5,2060,14,31559036.0,490.8002666891315,2.268381,46516504.0
cdd_18p3,mask_400,pop_SSP5,2060,15,85217830.0,1082.0529381836407,2.268381,95867900.0
cdd_18p3,mask_400,pop_SSP5,2060,16,69510640.0,455.55925385150806,2.268381,162185360.0
cdd_18p3,mask_400,pop_SSP5,2060,17,379331400.0,2050.5264991987547,2.268381,385069500.0
cdd_18p3,mask_400,pop_SSP5,2060,18,1525360100.0,3109.6112314775814,2.268381,1539514600.0
cdd_18p3,mask_400,pop_SSP5,2060,19,66210244.0,719.670129937512,2.268381,68967150.0
cdd_18p3,mask_400,pop_SSP5,2060,20,1190149900.0,1259.3805766914395,2.268381,1251398500.0
cdd_18p3,mask_400,pop_SSP5,2060,21,440642560.0,3036.9893347042803,2.268381,443314000.0
cdd_18p3,mask_400,pop_SSP5,2060,22,308051460.0,2723.7967581257076,2.268381,308861500.0
cdd_18p3,mask_400,pop_SSP5,2060,23,97980660.0,880.0446284989513,2.268381,105085610.0
cdd_18p3,mask_400,pop_SSP5,2060,24,34776020.0,688.3251693625778,2.268381,46211076.0
cdd_18p3,mask_400,pop_SSP5,2060,25,617836400.0,2642.778075329904,2.268381,639516160.0
cdd_18p3,mask_400,pop_SSP5,2060,26,345028640.0,1994.8535485227726,2.268381,347721730.0
cdd_18p3,mask_400,pop_SSP5,2070,1,26720268.0,374.0342255084976,2.554702,50957204.0
cdd_18p3,mask_400,pop_SSP5,2070,2,405482000.0,1139.1141883582836,2.554702,435736060.0
cdd_18p3,mask_400,pop_SSP5,2070,3,99893340.0,1409.019189096217,2.554702,132594584.0
cdd_18p3,mask_400,pop_SSP5,2070,4,95372776.0,1854.2450578164578,2.554702,97328590.0
cdd_18p3,mask_400,pop_SSP5,2070,5,203900930.0,2485.5317042172564,2.554702,204266880.0
cdd_18p3,mask_400,pop_SSP5,2070,6,165687870.0,1443.5437104769446,2.554702,230797540.0
cdd_18p3,mask_400,pop_SSP5,2070,7,282726800.0,1785.581229637531,2.554702,282730140.0
cdd_18p3,mask_400,pop_SSP5,2070,8,1149277300.0,3434.1161932817427,2.554702,1151005600.0
cdd_18p3,mask_400,pop_SSP5,2070,9,567486340.0,2115.0802470567282,2.554702,623450400.0
cdd_18p3,mask_400,pop_SSP5,2070,10,66802892.0,1122.2748920310555,2.554702,67827340.0
cdd_18p3,mask_400,pop_SSP5,2070,11,190029070.0,355.11435903179205,2.554702,480712100.0
cdd_18p3,mask_400,pop_SSP5,2070,12,44325290.0,475.31986676004965,2.554702,97409496.0
cdd_18p3,mask_400,pop_SSP5,2070,13,88985390.0,843.4412991536195,2.554702,93346936.0
cdd_18p3,mask_400,pop_SSP5,2070,14,32848016.0,543.0236945441476,2.554702,44880170.0
cdd_18p3,mask_400,pop_SSP5,2070,15,85669100.0,1148.3664166534418,2.554702,94441750.0
cdd_18p3,mask_400,pop_SSP5,2070,16,80278960.0,499.8274309212789,2.554702,160806910.0
cdd_18p3,mask_400,pop_SSP5,2070,17,388632000.0,2142.870943464126,2.554702,389016320.0
cdd_18p3,mask_400,pop_SSP5,2070,18,1464959500.0,3221.1633187517004,2.554702,1478133200.0
cdd_18p3,mask_400,pop_SSP5,2070,19,61215570.0,765.7472551074522,2.554702,63368810.0
cdd_18p3,mask_400,pop_SSP5,2070,20,1096515300.0,1323.0946339628326,2.554702,1140496000.0
cdd_18p3,mask_400,pop_SSP5,2070,21,425905200.0,3128.719998316917,2.554702,428410430.0
cdd_18p3,mask_400,pop_SSP5,2070,22,296336640.0,2799.291621344015,2.554702,297115900.0
cdd_18p3,mask_400,pop_SSP5,2070,23,94190620.0,926.8941236797197,2.554702,99710800.0
cdd_18p3,mask_400,pop_SSP5,2070,24,38230170.0,733.5063233203914,2.554702,48151736.0
cdd_18p3,mask_400,pop_SSP5,2070,25,619528960.0,2745.4421372708343,2.554702,638131300.0
cdd_18p3,mask_400,pop_SSP5,2070,26,364837120.0,2100.4963576019995,2.554702,367066000.0
cdd_18p3,mask_400,pop_SSP5,2080,1,29253244.0,415.6130209139298,2.845921,52262844.0
cdd_18p3,mask_400,pop_SSP5,2080,2,421801280.0,1200.038427136745,2.845921,446012320.0
cdd_18p3,mask_400,pop_SSP5,2080,3,103518380.0,1492.9654018533022,2.845921,127441710.0
cdd_18p3,mask_400,pop_SSP5,2080,4,90725370.0,1931.3355723159812,2.845921,92585890.0
cdd_18p3,mask_400,pop_SSP5,2080,5,190394000.0,2590.591086293907,2.845921,190735710.0
cdd_18p3,mask_400,pop_SSP5,2080,6,162820860.0,1511.7913146425121,2.845921,220191060.0
cdd_18p3,mask_400,pop_SSP5,2080,7,278586560.0,1865.370284790587,2.845921,278589900.0
cdd_18p3,mask_400,pop_SSP5,2080,8,1198804600.0,3543.0560443673144,2.845921,1198967000.0
cdd_18p3,mask_400,pop_SSP5,2080,9,583229440.0,2213.2869803228373,2.845921,631325600.0
cdd_18p3,mask_400,pop_SSP5,2080,10,63713908.0,1208.2283449709882,2.845921,64640944.0
cdd_18p3,mask_400,pop_SSP5,2080,11,214188640.0,388.2464961053766,2.845921,482969020.0
cdd_18p3,mask_400,pop_SSP5,2080,12,49981320.0,525.0605095825929,2.845921,92288720.0
cdd_18p3,mask_400,pop_SSP5,2080,13,87667416.0,905.8216362016648,2.845921,89766420.0
cdd_18p3,mask_400,pop_SSP5,2080,14,34797920.0,593.2928937424678,2.845921,42962130.0
cdd_18p3,mask_400,pop_SSP5,2080,15,84100776.0,1213.7417713768325,2.845921,91924680.0
cdd_18p3,mask_400,pop_SSP5,2080,16,91518700.0,539.8123302296932,2.845921,157745150.0
cdd_18p3,mask_400,pop_SSP5,2080,17,383775200.0,2235.9956840976206,2.845921,384154720.0
cdd_18p3,mask_400,pop_SSP5,2080,18,1379161500.0,3328.493004438398,2.845921,1389885600.0
cdd_18p3,mask_400,pop_SSP5,2080,19,55958680.0,809.5387195470553,2.845921,57924530.0
cdd_18p3,mask_400,pop_SSP5,2080,20,996294900.0,1382.2499610538675,2.845921,1031476350.0
cdd_18p3,mask_400,pop_SSP5,2080,21,405143170.0,3216.531846760483,2.845921,407526200.0
cdd_18p3,mask_400,pop_SSP5,2080,22,280563550.0,2872.8710285709612,2.845921,281301340.0
cdd_18p3,mask_400,pop_SSP5,2080,23,89946850.0,973.8789072258909,2.845921,92839010.0
cdd_18p3,mask_400,pop_SSP5,2080,24,39378730.0,782.8601190758895,2.845921,49285304.0
cdd_18p3,mask_400,pop_SSP5,2080,25,607370400.0,2845.0338659758922,2.845921,624636300.0
cdd_18p3,mask_400,pop_SSP5,2080,26,374788930.0,2206.7620750563997,2.845921,376710100.0
cdd_18p3,mask_400,pop_SSP5,2090,1,31982676.0,466.88456376805794,3.137292,52095904.0
cdd_18p3,mask_400,pop_SSP5,2090,2,431717000.0,1262.0804089162373,3.137292,448334460.0
cdd_18p3,mask_400,pop_SSP5,2090,3,101988060.0,1562.3589585143777,3.137292,121236936.0
cdd_18p3,mask_400,pop_SSP5,2090,4,85220240.0,1998.1547809398257,3.137292,86967870.0
cdd_18p3,mask_400,pop_SSP5,2090,5,175516770.0,2682.570443982608,3.137292,175802430.0
cdd_18p3,mask_400,pop_SSP5,2090,6,154021820.0,1571.7000933971556,3.137292,207117020.0
cdd_18p3,mask_400,pop_SSP5,2090,7,271135070.0,1936.257065000503,3.137292,271138300.0
cdd_18p3,mask_400,pop_SSP5,2090,8,1216001300.0,3631.669127013622,3.137292,1216166100.0
cdd_18p3,mask_400,pop_SSP5,2090,9,581664300.0,2299.5221084368623,3.137292,624225340.0
cdd_18p3,mask_400,pop_SSP5,2090,10,59454000.0,1282.3529564053642,3.137292,60318396.0
cdd_18p3,mask_400,pop_SSP5,2090,11,238284100.0,424.4773732148296,3.137292,474767650.0
cdd_18p3,mask_400,pop_SSP5,2090,12,63423704.0,578.4645859696014,3.137292,87156970.0
cdd_18p3,mask_400,pop_SSP5,2090,13,83964750.0,955.7997543704465,3.137292,85383620.0
cdd_18p3,mask_400,pop_SSP5,2090,14,35824904.0,649.0118428314111,3.137292,40788630.0
cdd_18p3,mask_400,pop_SSP5,2090,15,81973090.0,1278.5305675242287,3.137292,88606020.0
cdd_18p3,mask_400,pop_SSP5,2090,16,114377050.0,585.5392853993708,3.137292,153171410.0
cdd_18p3,mask_400,pop_SSP5,2090,17,372351550.0,2318.8486009315493,3.137292,372719740.0
cdd_18p3,mask_400,pop_SSP5,2090,18,1273998600.0,3432.303535427094,3.137292,1280144800.0
cdd_18p3,mask_400,pop_SSP5,2090,19,50940060.0,855.2280232290258,3.137292,52603030.0
cdd_18p3,mask_400,pop_SSP5,2090,20,896323840.0,1450.2828281387224,3.137292,922740200.0
cdd_18p3,mask_400,pop_SSP5,2090,21,379652930.0,3300.8203308976417,3.137292,381879500.0
cdd_18p3,mask_400,pop_SSP5,2090,22,262249380.0,2938.1698157365004,3.137292,262939000.0
cdd_18p3,mask_400,pop_SSP5,2090,23,83074180.0,1020.9176302795427,3.137292,85412500.0
cdd_18p3,mask_400,pop_SSP5,2090,24,41875444.0,825.5210994452942,3.137292,49066810.0
cdd_18p3,mask_400,pop_SSP5,2090,25,586143200.0,2943.080090488097,3.137292,601448960.0
cdd_18p3,mask_400,pop_SSP5,2090,26,374629120.0,2292.5671992885805,3.137292,376255400.0
cdd_18p3,mask_400,pop_SSP5,2100,1,33490880.0,527.6567943120103,3.422318,49873596.0
cdd_18p3,mask_400,pop_SSP5,2100,2,430317760.0,1323.9635274905734,3.422318,439881250.0
cdd_18p3,mask_400,pop_SSP5,2100,3,96526424.0,1614.216884770926,3.422318,113432290.0
cdd_18p3,mask_400,pop_SSP5,2100,4,80372584.0,2052.1985560072753,3.422318,80566170.0
cdd_18p3,mask_400,pop_SSP5,2100,5,159278430.0,2758.1269407413865,3.422318,159537630.0
cdd_18p3,mask_400,pop_SSP5,2100,6,146583870.0,1621.110530937125,3.422318,191616370.0
cdd_18p3,mask_400,pop_SSP5,2100,7,260874130.0,1995.7812561177188,3.422318,260877220.0
cdd_18p3,mask_400,pop_SSP5,2100,8,1201820800.0,3695.9747139671986,3.422318,1201983700.0
cdd_18p3,mask_400,pop_SSP5,2100,9,564824600.0,2370.680250127296,3.422318,604439230.0
cdd_18p3,mask_400,pop_SSP5,2100,10,54878260.0,1341.828056292102,3.422318,55405904.0
cdd_18p3,mask_400,pop_SSP5,2100,11,258614110.0,463.3021885036375,3.422318,453007740.0
cdd_18p3,mask_400,pop_SSP5,2100,12,67045424.0,634.6990532782229,3.422318,81932770.0
cdd_18p3,mask_400,pop_SSP5,2100,13,79364670.0,991.038218574265,3.422318,80546520.0
cdd_18p3,mask_400,pop_SSP5,2100,14,36741996.0,709.4715478983436,3.422318,38433052.0
cdd_18p3,mask_400,pop_SSP5,2100,15,79152280.0,1341.2270954144801,3.422318,84967690.0
cdd_18p3,mask_400,pop_SSP5,2100,16,120521620.0,636.551381999769,3.422318,147491890.0
cdd_18p3,mask_400,pop_SSP5,2100,17,355404260.0,2388.567172070592,3.422318,355755700.0
cdd_18p3,mask_400,pop_SSP5,2100,18,1153013800.0,3529.9285051619113,3.422318,1158173400.0
cdd_18p3,mask_400,pop_SSP5,2100,19,45557504.0,901.9807983079543,3.422318,47005696.0
cdd_18p3,mask_400,pop_SSP5,2100,20,805220900.0,1526.54634895238,3.422318,824748540.0
cdd_18p3,mask_400,pop_SSP5,2100,21,350613760.0,3379.354935332985,3.422318,352670080.0
cdd_18p3,mask_400,pop_SSP5,2100,22,241608450.0,2992.9137315241273,3.422318,242243790.0
cdd_18p3,mask_400,pop_SSP5,2100,23,76078130.0,1066.964315085751,3.422318,77380890.0
cdd_18p3,mask_400,pop_SSP5,2100,24,41057120.0,859.8772036777697,3.422318,47273250.0
cdd_18p3,mask_400,pop_SSP5,2100,25,558763260.0,3037.2374523837425,3.422318,571949250.0
cdd_18p3,mask_400,pop_SSP5,2100,26,365548300.0,2353.980589947777,3.422318,367119550.0
cdd_20p0,mask_50,pop_SSP1,2040,1,32916652.0,150.08800876103479,1.693643,41337404.0
cdd_20p0,mask_50,pop_SSP1,2040,2,363100350.0,719.9584751304134,1.693643,367037060.0
cdd_20p0,mask_50,pop_SSP1,2040,3,104623060.0,856.7977831665194,1.693643,138872290.0
cdd_20p0,mask_50,pop_SSP1,2040,4,101409500.0,1224.771371696333,1.693643,105208740.0
cdd_20p0,mask_50,pop_SSP1,2040,5,223861490.0,1652.72778472589,1.693643,224225860.0
cdd_20p0,mask_50,pop_SSP1,2040,6,184558320.0,937.9523060239156,1.693643,242465470.0
cdd_20p0,mask_50,pop_SSP1,2040,7,258728100.0,1221.7063530710245,1.693643,258731170.0
cdd_20p0,mask_50,pop_SSP1,2040,8,844831360.0,2547.4597116400496,1.693643,848988800.0
cdd_20p0,mask_50,pop_SSP1,2040,9,442846270.0,1336.4855303736447,1.693643,504946800.0
cdd_20p0,mask_50,pop_SSP1,2040,10,66947412.0,577.2504666697861,1.693643,67584720.0
cdd_20p0,mask_50,pop_SSP1,2040,11,312007140.0,169.86888218303457,1.693643,431206400.0
cdd_20p0,mask_50,pop_SSP1,2040,12,107427090.0,216.5120366209674,1.693643,111707960.0
cdd_20p0,mask_50,pop_SSP1,2040,13,94331140.0,493.07207355144874,1.693643,94843990.0
cdd_20p0,mask_50,pop_SSP1,2040,14,47959824.0,254.34773749449042,1.693643,48440990.0
cdd_20p0,mask_50,pop_SSP1,2040,15,89423490.0,734.7652389704266,1.693643,92945240.0
cdd_20p0,mask_50,pop_SSP1,2040,16,150040960.0,249.4159549381653,1.693643,156855440.0
cdd_20p0,mask_50,pop_SSP1,2040,17,341798820.0,1535.9724671039519,1.693643,342136600.0
cdd_20p0,mask_50,pop_SSP1,2040,18,1558230500.0,2389.264612937642,1.693643,1563959600.0
cdd_20p0,mask_50,pop_SSP1,2040,19,74877160.0,443.23578681136394,1.693643,76428100.0
cdd_20p0,mask_50,pop_SSP1,2040,20,1390807400.0,862.1528285762126,1.693643,1414905100.0
cdd_20p0,mask_50,pop_SSP1,2040,21,443241920.0,2338.7852401906744,1.693643,445849020.0
cdd_20p0,mask_50,pop_SSP1,2040,22,311212100.0,2098.408318247191,1.693643,312030500.0
cdd_20p0,mask_50,pop_SSP1,2040,23,113035660.0,577.3407146720455,1.693643,113431120.0
cdd_20p0,mask_50,pop_SSP1,2040,24,34588900.0,408.1313871597596,1.693643,38909136.0
cdd_20p0,mask_50,pop_SSP1,2040,25,592186700.0,2014.5303909578708,1.693643,606828100.0
cdd_20p0,mask_50,pop_SSP1,2040,26,279853500.0,1278.0999664659623,1.693643,281171600.0
cdd_20p0,mask_50,pop_SSP1,2050,1,38102604.0,176.05342656911998,1.980731,42730160.0
cdd_20p0,mask_50,pop_SSP1,2050,2,376425400.0,769.6237892118318,1.980731,379067230.0
cdd_20p0,mask_50,pop_SSP1,2050,3,114737380.0,909.537294253474,1.980731,141275540.0
cdd_20p0,mask_50,pop_SSP1,2050,4,102876260.0,1290.1615580274868,1.980731,106730440.0
cdd_20p0,mask_50,pop_SSP1,2050,5,221647170.0,1742.5696722457387,1.980731,222007940.0
cdd_20p0,mask_50,pop_SSP1,2050,6,188390530.0,992.1792244638987,1.980731,245458220.0
cdd_20p0,mask_50,pop_SSP1,2050,7,276051260.0,1285.7834662170376,1.980731,276054530.0
cdd_20p0,mask_50,pop_SSP1,2050,8,978325000.0,2643.088171838658,1.980731,981780860.0
cdd_20p0,mask_50,pop_SSP1,2050,9,512244600.0,1414.7071065428372,1.980731,567637300.0
cdd_20p0,mask_50,pop_SSP1,2050,10,68843030.0,638.5220390067523,1.980731,69499650.0
cdd_20p0,mask_50,pop_SSP1,2050,11,319406270.0,190.97081339763355,1.980731,436203360.0
cdd_20p0,mask_50,pop_SSP1,2050,12,105217590.0,246.50921832445565,1.980731,107122160.0
cdd_20p0,mask_50,pop_SSP1,2050,13,96673800.0,536.4996990692359,1.980731,96936720.0
cdd_20p0,mask_50,pop_SSP1,2050,14,46496684.0,286.6932639007406,1.980731,46647932.0
cdd_20p0,mask_50,pop_SSP1,2050,15,94826330.0,786.8478967834013,1.980731,98202280.0
cdd_20p0,mask_50,pop_SSP1,2050,16,150080910.0,278.0611122826782,1.980731,155298020.0
cdd_20p0,mask_50,pop_SSP1,2050,17,365334800.0,1612.8766414883846,1.980731,365695940.0
cdd_20p0,mask_50,pop_SSP1,2050,18,1568814000.0,2477.780759090994,1.980731,1573453300.0
cdd_20p0,mask_50,pop_SSP1,2050,19,72607650.0,479.70831365162826,1.980731,73376910.0
cdd_20p0,mask_50,pop_SSP1,2050,20,1331821300.0,914.4296195434865,1.980731,1352791300.0
cdd_20p0,mask_50,pop_SSP1,2050,21,447669860.0,2421.8229586792013,1.980731,450295300.0
cdd_20p0,mask_50,pop_SSP1,2050,22,313463700.0,2167.0147224502784,1.980731,314288030.0
cdd_20p0,mask_50,pop_SSP1,2050,23,107103780.0,612.6370435421674,1.980731,107435820.0
cdd_20p0,mask_50,pop_SSP1,2050,24,37069416.0,437.12849031994523,1.980731,40958290.0
cdd_20p0,mask_50,pop_SSP1,2050,25,635381000.0,2096.7906124295187,1.980731,647567100.0
cdd_20p0,mask_50,pop_SSP1,2050,26,320676400.0,1367.721070441584,1.980731,322151000.0
cdd_20p0,mask_50,pop_SSP1,2060,1,39941344.0,206.3532397059748,2.268381,43724424.0
cdd_20p0,mask_50,pop_SSP1,2060,2,385001020.0,824.9726660488712,2.268381,386854980.0
cdd_20p0,mask_50,pop_SSP1,2060,3,119290696.0,975.1300712571988,2.268381,140542530.0
cdd_20p0,mask_50,pop_SSP1,2060,4,103473220.0,1364.925350251223,2.268381,105595120.0
cdd_20p0,mask_50,pop_SSP1,2060,5,214815650.0,1842.4962889962198,2.268381,215165280.0
cdd_20p0,mask_50,pop_SSP1,2060,6,187825420.0,1050.8600925718088,2.268381,243065360.0
cdd_20p0,mask_50,pop_SSP1,2060,7,285473000.0,1358.09814152026,2.268381,285476380.0
cdd_20p0,mask_50,pop_SSP1,2060,8,1088373400.0,2753.2239893639553,2.268381,1090710100.0
cdd_20p0,mask_50,pop_SSP1,2060,9,567706050.0,1503.687426537541,2.268381,614193150.0
cdd_20p0,mask_50,pop_SSP1,2060,10,69449970.0,701.5904173259995,2.268381,69521660.0
cdd_20p0,mask_50,pop_SSP1,2060,11,345617500.0,214.0444837832221,2.268381,437019330.0
cdd_20p0,mask_50,pop_SSP1,2060,12,101588550.0,282.89344516515985,2.268381,102368690.0
cdd_20p0,mask_50,pop_SSP1,2060,13,96518760.0,589.2363669206054,2.268381,96692240.0
cdd_20p0,mask_50,pop_SSP1,2060,14,44342224.0,329.8676658719088,2.268381,44486428.0
cdd_20p0,mask_50,pop_SSP1,2060,15,97014850.0,846.5749032833536,2.268381,100182490.0
cdd_20p0,mask_50,pop_SSP1,2060,16,148846800.0,314.6977066611024,2.268381,152653250.0
cdd_20p0,mask_50,pop_SSP1,2060,17,378872700.0,1697.6816723316003,2.268381,379247300.0
cdd_20p0,mask_50,pop_SSP1,2060,18,1540610600.0,2583.8072184182447,2.268381,1545084400.0
cdd_20p0,mask_50,pop_SSP1,2060,19,67989660.0,520.0737569796049,2.268381,68708940.0
cdd_20p0,mask_50,pop_SSP1,2060,20,1239652600.0,972.3566745928956,2.268381,1258049700.0
cdd_20p0,mask_50,pop_SSP1,2060,21,441429660.0,2513.3218540827934,2.268381,444014660.0
cdd_20p0,mask_50,pop_SSP1,2060,22,308284100.0,2242.996384058378,2.268381,309094800.0
cdd_20p0,mask_50,pop_SSP1,2060,23,101608770.0,653.0479294951731,2.268381,101781510.0
cdd_20p0,mask_50,pop_SSP1,2060,24,38840550.0,472.09424326986755,2.268381,42555550.0
cdd_20p0,mask_50,pop_SSP1,2060,25,659827300.0,2192.2541712634593,2.268381,671092740.0
cdd_20p0,mask_50,pop_SSP1,2060,26,352518700.0,1466.8790016615703,2.268381,354106900.0
cdd_20p0,mask_50,pop_SSP1,2070,1,41203010.0,237.24867886501153,2.554702,44364012.0
cdd_20p0,mask_50,pop_SSP1,2070,2,390346180.0,880.0919671170112,2.554702,392172800.0
cdd_20p0,mask_50,pop_SSP1,2070,3,117500130.0,1041.8385646201318,2.554702,137426370.0
cdd_20p0,mask_50,pop_SSP1,2070,4,100485990.0,1439.566358407229,2.554702,102546620.0
cdd_20p0,mask_50,pop_SSP1,2070,5,204026980.0,1942.280868255017,2.554702,204359040.0
cdd_20p0,mask_50,pop_SSP1,2070,6,183600800.0,1109.8874687176426,2.554702,236221260.0
cdd_20p0,mask_50,pop_SSP1,2070,7,287184900.0,1430.3672937084439,2.554702,287188320.0
cdd_20p0,mask_50,pop_SSP1,2070,8,1171555600.0,2863.090722228573,2.554702,1171714300.0
cdd_20p0,mask_50,pop_SSP1,2070,9,602707200.0,1592.3962638175833,2.554702,642925440.0
cdd_20p0,mask_50,pop_SSP1,2070,10,67723144.0,766.2043657950254,2.554702,67755464.0
cdd_20p0,mask_50,pop_SSP1,2070,11,361871200.0,237.7072902324372,2.554702,433117380.0
cdd_20p0,mask_50,pop_SSP1,2070,12,96583000.0,320.34562842005784,2.554702,96934740.0
cdd_20p0,mask_50,pop_SSP1,2070,13,94350160.0,642.7062282987207,2.554702,94466090.0
cdd_20p0,mask_50,pop_SSP1,2070,14,42071104.0,373.3754712745704,2.554702,42106644.0
cdd_20p0,mask_50,pop_SSP1,2070,15,96967256.0,906.1440882558346,2.554702,99628890.0
cdd_20p0,mask_50,pop_SSP1,2070,16,145593420.0,350.9327969074891,2.554702,148472910.0
cdd_20p0,mask_50,pop_SSP1,2070,17,381678240.0,1782.6028247460597,2.554702,382055680.0
cdd_20p0,mask_50,pop_SSP1,2070,18,1480526600.0,2689.3693694250614,2.554702,1484759600.0
cdd_20p0,mask_50,pop_SSP1,2070,19,62241900.0,559.8841176572781,2.554702,62868164.0
cdd_20p0,mask_50,pop_SSP1,2070,20,1134016400.0,1029.2492775391888,2.554702,1147859800.0
cdd_20p0,mask_50,pop_SSP1,2070,21,426393730.0,2603.77971557275,2.554702,428890880.0
cdd_20p0,mask_50,pop_SSP1,2070,22,296577760.0,2318.4091932573483,2.554702,297357660.0
cdd_20p0,mask_50,pop_SSP1,2070,23,95305310.0,693.4471968172094,2.554702,95463000.0
cdd_20p0,mask_50,pop_SSP1,2070,24,40632610.0,508.00512212471284,2.554702,43537636.0
cdd_20p0,mask_50,pop_SSP1,2070,25,667493760.0,2287.3440206993014,2.554702,677983000.0
cdd_20p0,mask_50,pop_SSP1,2070,26,374053020.0,1566.2127404308465,2.554702,375558880.0
cdd_20p0,mask_50,pop_SSP1,2080,1,43138230.0,270.5222910023888,2.845921,44620250.0
cdd_20p0,mask_50,pop_SSP1,2080,2,393549900.0,934.5474447472758,2.845921,395203330.0
cdd_20p0,mask_50,pop_SSP1,2080,3,115062740.0,1111.8741841476924,2.845921,132715140.0
cdd_20p0,mask_50,pop_SSP1,2080,4,97863180.0,1513.5974849433478,2.845921,98098780.0
cdd_20p0,mask_50,pop_SSP1,2080,5,190463550.0,2042.0993141209324,2.845921,190773550.0
cdd_20p0,mask_50,pop_SSP1,2080,6,177744850.0,1171.2463460173544,2.845921,226005010.0
cdd_20p0,mask_50,pop_SSP1,2080,7,283654700.0,1502.6188477691255,2.845921,283658080.0
cdd_20p0,mask_50,pop_SSP1,2080,8,1223970300.0,2971.4620969943344,2.845921,1224136200.0
cdd_20p0,mask_50,pop_SSP1,2080,9,617429900.0,1679.9597760704519,2.845921,654119700.0
cdd_20p0,mask_50,pop_SSP1,2080,10,64471650.0,839.3186468834564,2.845921,64471650.0
cdd_20p0,mask_50,pop_SSP1,2080,11,369402100.0,264.1770483819958,2.845921,426984860.0
cdd_20p0,mask_50,pop_SSP1,2080,12,90860220.0,361.8140393850219,2.845921,91174940.0
cdd_20p0,mask_50,pop_SSP1,2080,13,90865870.0,698.4587726705158,2.845921,90921100.0
cdd_20p0,mask_50,pop_SSP1,2080,14,39598330.0,416.6090853207529,2.845921,39598330.0
cdd_20p0,mask_50,pop_SSP1,2080,15,95571860.0,964.9196801957248,2.845921,97576300.0
cdd_20p0,mask_50,pop_SSP1,2080,16,141013300.0,384.34528749304735,2.845921,143305800.0
cdd_20p0,mask_50,pop_SSP1,2080,17,375913150.0,1868.7788409596644,2.845921,376284930.0
cdd_20p0,mask_50,pop_SSP1,2080,18,1393348900.0,2791.5114827836383,2.845921,1396979000.0
cdd_20p0,mask_50,pop_SSP1,2080,19,56918004.0,597.611967844304,2.845921,57179110.0
cdd_20p0,mask_50,pop_SSP1,2080,20,1027660540.0,1082.1052095837742,2.845921,1038973760.0
cdd_20p0,mask_50,pop_SSP1,2080,21,405191420.0,2690.5681496378943,2.845921,407564600.0
cdd_20p0,mask_50,pop_SSP1,2080,22,280793100.0,2391.94548537008,2.845921,281531460.0
cdd_20p0,mask_50,pop_SSP1,2080,23,87746856.0,733.738730678631,2.845921,87863890.0
cdd_20p0,mask_50,pop_SSP1,2080,24,41765320.0,547.4768217778349,2.845921,43898824.0
cdd_20p0,mask_50,pop_SSP1,2080,25,662436000.0,2380.3364985463486,2.845921,669882750.0
cdd_20p0,mask_50,pop_SSP1,2080,26,385256220.0,1667.0946769145496,2.845921,386785280.0
cdd_20p0,mask_50,pop_SSP1,2090,1,43197676.0,312.3743613517865,3.137292,43763460.0
cdd_20p0,mask_50,pop_SSP1,2090,2,391253400.0,989.8766079507546,3.137292,392706430.0
cdd_20p0,mask_50,pop_SSP1,2090,3,110174930.0,1169.6685829916375,3.137292,126606850.0
cdd_20p0,mask_50,pop_SSP1,2090,4,92187960.0,1577.900949206913,3.137292,92409900.0
cdd_20p0,mask_50,pop_SSP1,2090,5,175490240.0,2130.193708591128,3.137292,175775840.0
cdd_20p0,mask_50,pop_SSP1,2090,6,167847420.0,1225.047160761476,3.137292,212886300.0
cdd_20p0,mask_50,pop_SSP1,2090,7,276510560.0,1567.0405382888753,3.137292,276513900.0
cdd_20p0,mask_50,pop_SSP1,2090,8,1243817500.0,3059.645992602131,3.137292,1243985900.0
cdd_20p0,mask_50,pop_SSP1,2090,9,622788030.0,1757.5541688630983,3.137292,648780400.0
cdd_20p0,mask_50,pop_SSP1,2090,10,60033336.0,902.6977858979984,3.137292,60033336.0
cdd_20p0,mask_50,pop_SSP1,2090,11,366688960.0,292.8318959253183,3.137292,413250300.0
cdd_20p0,mask_50,pop_SSP1,2090,12,85501380.0,406.7583587104581,3.137292,85553730.0
cdd_20p0,mask_50,pop_SSP1,2090,13,86464890.0,743.0362403473521,3.137292,86465120.0
cdd_20p0,mask_50,pop_SSP1,2090,14,37064172.0,465.5917784886608,3.137292,37064172.0
cdd_20p0,mask_50,pop_SSP1,2090,15,92724536.0,1023.1617261542241,3.137292,94346904.0
cdd_20p0,mask_50,pop_SSP1,2090,16,135676380.0,423.18455062942513,3.137292,137513820.0
cdd_20p0,mask_50,pop_SSP1,2090,17,363947780.0,1945.399375687814,3.137292,364307700.0
cdd_20p0,mask_50,pop_SSP1,2090,18,1283811600.0,2890.5819052662623,3.137292,1287154300.0
cdd_20p0,mask_50,pop_SSP1,2090,19,51469540.0,637.1240831296168,3.137292,51643520.0
cdd_20p0,mask_50,pop_SSP1,2090,20,920503700.0,1143.0805649591825,3.137292,929867260.0
cdd_20p0,mask_50,pop_SSP1,2090,21,379109200.0,2773.8986798241076,3.137292,381329660.0
cdd_20p0,mask_50,pop_SSP1,2090,22,262458750.0,2457.2138812912262,3.137292,263148960.0
cdd_20p0,mask_50,pop_SSP1,2090,23,79922430.0,774.3047330779428,3.137292,80022490.0
cdd_20p0,mask_50,pop_SSP1,2090,24,41165384.0,582.3019284647021,3.137292,43116236.0
cdd_20p0,mask_50,pop_SSP1,2090,25,642702600.0,2472.4592360309302,3.137292,648921200.0
cdd_20p0,mask_50,pop_SSP1,2090,26,385664960.0,1748.9946657879611,3.137292,387177100.0
cdd_20p0,mask_50,pop_SSP1,2100,1,40934836.0,362.71369639950655,3.422318,41334500.0
cdd_20p0,mask_50,pop_SSP1,2100,2,381014000.0,1044.9288610012459,3.422318,382343550.0
cdd_20p0,mask_50,pop_SSP1,2100,3,103925050.0,1212.7254803588867,3.422318,118474700.0
cdd_20p0,mask_50,pop_SSP1,2100,4,85398560.0,1630.0823467367895,3.422318,85604180.0
cdd_20p0,mask_50,pop_SSP1,2100,5,159189730.0,2203.441477800088,3.422318,159448770.0
cdd_20p0,mask_50,pop_SSP1,2100,6,157453820.0,1269.3437382192462,3.422318,196914220.0
cdd_20p0,mask_50,pop_SSP1,2100,7,266229020.0,1621.4220737612052,3.422318,266232200.0
cdd_20p0,mask_50,pop_SSP1,2100,8,1230179800.0,3123.6849807920285,3.422318,1230346500.0
cdd_20p0,mask_50,pop_SSP1,2100,9,605267800.0,1822.4642329857043,3.422318,629134000.0
cdd_20p0,mask_50,pop_SSP1,2100,10,55014532.0,953.967300403677,3.422318,55014532.0
cdd_20p0,mask_50,pop_SSP1,2100,11,358196100.0,323.2464415557759,3.422318,389888200.0
cdd_20p0,mask_50,pop_SSP1,2100,12,80079790.0,454.51616032841326,3.422318,80128870.0
cdd_20p0,mask_50,pop_SSP1,2100,13,81468990.0,774.3426558175062,3.422318,81469210.0
cdd_20p0,mask_50,pop_SSP1,2100,14,34660790.0,519.7945637932654,3.422318,34660790.0
cdd_20p0,mask_50,pop_SSP1,2100,15,89127384.0,1079.516048950456,3.422318,90474380.0
cdd_20p0,mask_50,pop_SSP1,2100,16,130261656.0,467.1165816060593,3.422318,131682300.0
cdd_20p0,mask_50,pop_SSP1,2100,17,347037400.0,2009.8116893907713,3.422318,347380600.0
cdd_20p0,mask_50,pop_SSP1,2100,18,1161677000.0,2984.0642019792485,3.422318,1164688100.0
cdd_20p0,mask_50,pop_SSP1,2100,19,45765880.0,677.7129755210018,3.422318,45889290.0
cdd_20p0,mask_50,pop_SSP1,2100,20,823018500.0,1211.6115849178302,3.422318,831249700.0
cdd_20p0,mask_50,pop_SSP1,2100,21,349473470.0,2851.5686421160235,3.422318,351520450.0
cdd_20p0,mask_50,pop_SSP1,2100,22,241789950.0,2511.9420610375732,3.422318,242425780.0
cdd_20p0,mask_50,pop_SSP1,2100,23,71895500.0,814.265588909696,3.422318,71976080.0
cdd_20p0,mask_50,pop_SSP1,2100,24,39253656.0,611.2448693140179,3.422318,41043690.0
cdd_20p0,mask_50,pop_SSP1,2100,25,613606100.0,2561.567760299112,3.422318,618490500.0
cdd_20p0,mask_50,pop_SSP1,2100,26,376781440.0,1808.214351962569,3.422318,378042140.0
cdd_20p0,mask_50,pop_SSP2,2040,1,32836192.0,150.09632773937545,1.693643,41235690.0
cdd_20p0,mask_50,pop_SSP2,2040,2,363440960.0,720.51093600671,1.693643,367379520.0
cdd_20p0,mask_50,pop_SSP2,2040,3,107370110.0,857.0006690072265,1.693643,142523300.0
cdd_20p0,mask_50,pop_SSP2,2040,4,104631020.0,1224.6985216459514,1.693643,108550970.0
cdd_20p0,mask_50,pop_SSP2,2040,5,227477220.0,1653.0357836715334,1.693643,227847470.0
cdd_20p0,mask_50,pop_SSP2,2040,6,188845570.0,938.3293761660651,1.693643,248099980.0
cdd_20p0,mask_50,pop_SSP2,2040,7,267325980.0,1222.2293991260171,1.693643,267329170.0
cdd_20p0,mask_50,pop_SSP2,2040,8,908068100.0,2547.7628561503802,1.693643,912532350.0
cdd_20p0,mask_50,pop_SSP2,2040,9,470694370.0,1336.1375589268525,1.693643,536728770.0
cdd_20p0,mask_50,pop_SSP2,2040,10,67084612.0,577.8067631094559,1.693643,67723840.0
cdd_20p0,mask_50,pop_SSP2,2040,11,310869380.0,169.86574069102963,1.693643,429634530.0
cdd_20p0,mask_50,pop_SSP2,2040,12,106845500.0,216.50651043219924,1.693643,111103150.0
cdd_20p0,mask_50,pop_SSP2,2040,13,94962880.0,493.9565052987382,1.693643,95478960.0
cdd_20p0,mask_50,pop_SSP2,2040,14,47619480.0,254.3457434426478,1.693643,48097216.0
cdd_20p0,mask_50,pop_SSP2,2040,15,92218530.0,735.4581624412739,1.693643,95847944.0
cdd_20p0,mask_50,pop_SSP2,2040,16,149487120.0,249.5497572060803,1.693643,156275730.0
cdd_20p0,mask_50,pop_SSP2,2040,17,351711600.0,1536.856460616121,1.693643,352059260.0
cdd_20p0,mask_50,pop_SSP2,2040,18,1599013000.0,2388.883967816877,1.693643,1604890600.0
cdd_20p0,mask_50,pop_SSP2,2040,19,74465970.0,443.21356910598814,1.693643,76008750.0
cdd_20p0,mask_50,pop_SSP2,2040,20,1386231600.0,862.0969962270686,1.693643,1410251500.0
cdd_20p0,mask_50,pop_SSP2,2040,21,454076220.0,2338.6275094511057,1.693643,456747040.0
cdd_20p0,mask_50,pop_SSP2,2040,22,317946340.0,2098.042677387415,1.693643,318782430.0
cdd_20p0,mask_50,pop_SSP2,2040,23,112006560.0,577.3273527138537,1.693643,112398424.0
cdd_20p0,mask_50,pop_SSP2,2040,24,34739668.0,408.19768930264786,1.693643,39078732.0
cdd_20p0,mask_50,pop_SSP2,2040,25,615704960.0,2014.286938720712,1.693643,630920060.0
cdd_20p0,mask_50,pop_SSP2,2040,26,296596480.0,1277.936155326932,1.693643,297976000.0
cdd_20p0,mask_50,pop_SSP2,2050,1,37949790.0,176.0624560677852,1.980731,42558132.0
cdd_20p0,mask_50,pop_SSP2,2050,2,377501820.0,770.1885911582326,1.980731,380150100.0
cdd_20p0,mask_50,pop_SSP2,2050,3,120016750.0,909.763220177311,1.980731,147781920.0
cdd_20p0,mask_50,pop_SSP2,2050,4,108526080.0,1290.1220350170145,1.980731,112591950.0
cdd_20p0,mask_50,pop_SSP2,2050,5,227657460.0,1742.8851468147616,1.980731,228028000.0
cdd_20p0,mask_50,pop_SSP2,2050,6,196112700.0,992.5629908866559,1.980731,255523500.0
cdd_20p0,mask_50,pop_SSP2,2050,7,292863870.0,1286.320238869273,1.980731,292867360.0
cdd_20p0,mask_50,pop_SSP2,2050,8,1107972500.0,2643.3963666290883,1.980731,1111875200.0
cdd_20p0,mask_50,pop_SSP2,2050,9,567028700.0,1414.3578643608473,1.980731,628347100.0
cdd_20p0,mask_50,pop_SSP2,2050,10,68947550.0,639.1134847458948,1.980731,69606420.0
cdd_20p0,mask_50,pop_SSP2,2050,11,317539800.0,190.96719797206623,1.980731,433655460.0
cdd_20p0,mask_50,pop_SSP2,2050,12,104250620.0,246.50289723000932,1.980731,106137620.0
cdd_20p0,mask_50,pop_SSP2,2050,13,97571890.0,537.4186685955008,1.980731,97837060.0
cdd_20p0,mask_50,pop_SSP2,2050,14,45989430.0,286.6910342738353,1.980731,46139016.0
cdd_20p0,mask_50,pop_SSP2,2050,15,100528344.0,787.575187273943,1.980731,104102540.0
cdd_20p0,mask_50,pop_SSP2,2050,16,149402030.0,278.20069969684437,1.980731,154594640.0
cdd_20p0,mask_50,pop_SSP2,2050,17,383634850.0,1613.773605733625,1.980731,384014180.0
cdd_20p0,mask_50,pop_SSP2,2050,18,1639426300.0,2477.3972026607526,1.980731,1644272400.0
cdd_20p0,mask_50,pop_SSP2,2050,19,71584990.0,479.6845218188317,1.980731,72344100.0
cdd_20p0,mask_50,pop_SSP2,2050,20,1318565900.0,914.3733527553029,1.980731,1339330600.0
cdd_20p0,mask_50,pop_SSP2,2050,21,467013660.0,2421.64338014656,1.980731,469752540.0
cdd_20p0,mask_50,pop_SSP2,2050,22,325433950.0,2166.650408244402,1.980731,326289730.0
cdd_20p0,mask_50,pop_SSP2,2050,23,105403464.0,612.6231553967167,1.980731,105730216.0
cdd_20p0,mask_50,pop_SSP2,2050,24,37380292.0,437.19722341116596,1.980731,41301784.0
cdd_20p0,mask_50,pop_SSP2,2050,25,681579900.0,2096.5608055984753,1.980731,694634560.0
cdd_20p0,mask_50,pop_SSP2,2050,26,353757500.0,1367.5089214847458,1.980731,355352580.0
cdd_20p0,mask_50,pop_SSP2,2060,1,39894320.0,206.36300938969157,2.268381,43672144.0
cdd_20p0,mask_50,pop_SSP2,2060,2,388658050.0,825.5513818887162,2.268381,390528700.0
cdd_20p0,mask_50,pop_SSP2,2060,3,127663980.0,975.3846694938509,2.268381,150414260.0
cdd_20p0,mask_50,pop_SSP2,2060,4,111900984.0,1364.935328105829,2.268381,114195710.0
cdd_20p0,mask_50,pop_SSP2,2060,5,223385620.0,1842.818799795436,2.268381,223749180.0
cdd_20p0,mask_50,pop_SSP2,2060,6,199492580.0,1051.2502082839676,2.268381,258169620.0
cdd_20p0,mask_50,pop_SSP2,2060,7,311798400.0,1358.6520888005518,2.268381,311802100.0
cdd_20p0,mask_50,pop_SSP2,2060,8,1302752100.0,2753.5372559652424,2.268381,1305529200.0
cdd_20p0,mask_50,pop_SSP2,2060,9,656172900.0,1503.332564397076,2.268381,709911600.0
cdd_20p0,mask_50,pop_SSP2,2060,10,69692450.0,702.2180155097501,2.268381,69768220.0
cdd_20p0,mask_50,pop_SSP2,2060,11,343944580.0,214.04021847342733,2.268381,434905060.0
cdd_20p0,mask_50,pop_SSP2,2060,12,100598180.0,282.88612720350517,2.268381,101370700.0
cdd_20p0,mask_50,pop_SSP2,2060,13,97638824.0,590.1921350575527,2.268381,97814136.0
cdd_20p0,mask_50,pop_SSP2,2060,14,43851336.0,329.8651304531041,2.268381,43993936.0
cdd_20p0,mask_50,pop_SSP2,2060,15,106091410.0,847.3416422139504,2.268381,109548380.0
cdd_20p0,mask_50,pop_SSP2,2060,16,148515070.0,314.8448177038806,2.268381,152312130.0
cdd_20p0,mask_50,pop_SSP2,2060,17,406214660.0,1698.5908609568914,2.268381,406616400.0
cdd_20p0,mask_50,pop_SSP2,2060,18,1644036900.0,2583.4235430971294,2.268381,1648807700.0
cdd_20p0,mask_50,pop_SSP2,2060,19,66407756.0,520.0482142014221,2.268381,67111020.0
cdd_20p0,mask_50,pop_SSP2,2060,20,1216823300.0,972.300458513945,2.268381,1234886400.0
cdd_20p0,mask_50,pop_SSP2,2060,21,470260930.0,2513.1119612589177,2.268381,473015070.0
cdd_20p0,mask_50,pop_SSP2,2060,22,326448500.0,2242.6325434211976,2.268381,327306980.0
cdd_20p0,mask_50,pop_SSP2,2060,23,99328150.0,653.0333245852065,2.268381,99497010.0
cdd_20p0,mask_50,pop_SSP2,2060,24,39442010.0,472.16548867449814,2.268381,43214544.0
cdd_20p0,mask_50,pop_SSP2,2060,25,733703800.0,2192.0149958747984,2.268381,746201660.0
cdd_20p0,mask_50,pop_SSP2,2060,26,405565120.0,1466.6173536910096,2.268381,407346560.0
cdd_20p0,mask_50,pop_SSP2,2070,1,41454460.0,237.25921842651468,2.554702,44633880.0
cdd_20p0,mask_50,pop_SSP2,2070,2,398317440.0,880.6850193385499,2.554702,400180160.0
cdd_20p0,mask_50,pop_SSP2,2070,3,129047360.0,1042.1214624138327,2.554702,150940340.0
cdd_20p0,mask_50,pop_SSP2,2070,4,111751360.0,1439.6265112939943,2.554702,114043016.0
cdd_20p0,mask_50,pop_SSP2,2070,5,215537010.0,1942.6101743872991,2.554702,215887780.0
cdd_20p0,mask_50,pop_SSP2,2070,6,199579550.0,1110.2835755410424,2.554702,256786940.0
cdd_20p0,mask_50,pop_SSP2,2070,7,323478140.0,1430.938062331369,2.554702,323482020.0
cdd_20p0,mask_50,pop_SSP2,2070,8,1482059800.0,2863.408554180038,2.554702,1482260500.0
cdd_20p0,mask_50,pop_SSP2,2070,9,727138400.0,1592.035275763038,2.554702,775675140.0
cdd_20p0,mask_50,pop_SSP2,2070,10,68601820.0,766.8687575493415,2.554702,68638130.0
cdd_20p0,mask_50,pop_SSP2,2070,11,362577920.0,237.7023587557505,2.554702,433964700.0
cdd_20p0,mask_50,pop_SSP2,2070,12,95924400.0,320.3372817271769,2.554702,96273770.0
cdd_20p0,mask_50,pop_SSP2,2070,13,95823980.0,643.6989065976907,2.554702,95941550.0
cdd_20p0,mask_50,pop_SSP2,2070,14,41826496.0,373.37262183472194,2.554702,41861824.0
cdd_20p0,mask_50,pop_SSP2,2070,15,109581970.0,906.9502715081254,2.554702,112581130.0
cdd_20p0,mask_50,pop_SSP2,2070,16,146139200.0,351.08744226936733,2.554702,149028450.0
cdd_20p0,mask_50,pop_SSP2,2070,17,418327780.0,1783.5247060639015,2.554702,418741570.0
cdd_20p0,mask_50,pop_SSP2,2070,18,1618064900.0,2688.986326205181,2.554702,1622686700.0
cdd_20p0,mask_50,pop_SSP2,2070,19,60587692.0,559.8569171912503,2.554702,61197800.0
cdd_20p0,mask_50,pop_SSP2,2070,20,1107987000.0,1029.1931688020186,2.554702,1121519900.0
cdd_20p0,mask_50,pop_SSP2,2070,21,465715840.0,2603.5402709063824,2.554702,468443650.0
cdd_20p0,mask_50,pop_SSP2,2070,22,322414300.0,2318.045582613071,2.554702,323262140.0
cdd_20p0,mask_50,pop_SSP2,2070,23,92581020.0,693.4318793432553,2.554702,92734200.0
cdd_20p0,mask_50,pop_SSP2,2070,24,41683830.0,508.07884053695193,2.554702,44664010.0
cdd_20p0,mask_50,pop_SSP2,2070,25,770519040.0,2287.0916533836366,2.554702,782588300.0
cdd_20p0,mask_50,pop_SSP2,2070,26,448959360.0,1565.9000401643393,2.554702,450714980.0
cdd_20p0,mask_50,pop_SSP2,2080,1,43762730.0,270.5337475131597,2.845921,45265812.0
cdd_20p0,mask_50,pop_SSP2,2080,2,405696260.0,935.1566983093016,2.845921,407399500.0
cdd_20p0,mask_50,pop_SSP2,2080,3,129792510.0,1112.1831112162588,2.845921,149714400.0
cdd_20p0,mask_50,pop_SSP2,2080,4,112127900.0,1513.707601696417,2.845921,112397820.0
cdd_20p0,mask_50,pop_SSP2,2080,5,205007300.0,2042.4347741188785,2.845921,205340940.0
cdd_20p0,mask_50,pop_SSP2,2080,6,198166940.0,1171.6472410641197,2.845921,251980200.0
cdd_20p0,mask_50,pop_SSP2,2080,7,330352580.0,1503.2044928060357,2.845921,330356480.0
cdd_20p0,mask_50,pop_SSP2,2080,8,1632773900.0,2971.7824885879804,2.845921,1632995200.0
cdd_20p0,mask_50,pop_SSP2,2080,9,775765760.0,1679.5916043393595,2.845921,821835840.0
cdd_20p0,mask_50,pop_SSP2,2080,10,66502090.0,840.0236544923762,2.845921,66502090.0
cdd_20p0,mask_50,pop_SSP2,2080,11,374756160.0,264.1714101557795,2.845921,433175170.0
cdd_20p0,mask_50,pop_SSP2,2080,12,91019900.0,361.80455098092455,2.845921,91335220.0
cdd_20p0,mask_50,pop_SSP2,2080,13,92986040.0,699.4895301323444,2.845921,93042460.0
cdd_20p0,mask_50,pop_SSP2,2080,14,39881184.0,416.6058964327146,2.845921,39881184.0
cdd_20p0,mask_50,pop_SSP2,2080,15,111943400.0,965.7652064897043,2.845921,114282900.0
cdd_20p0,mask_50,pop_SSP2,2080,16,143253380.0,384.5072602260515,2.845921,145581340.0
cdd_20p0,mask_50,pop_SSP2,2080,17,422117280.0,1869.716129706277,2.845921,422534880.0
cdd_20p0,mask_50,pop_SSP2,2080,18,1564588400.0,2791.1314531656335,2.845921,1568660100.0
cdd_20p0,mask_50,pop_SSP2,2080,19,55500090.0,597.5835015909463,2.845921,55754692.0
cdd_20p0,mask_50,pop_SSP2,2080,20,1003663200.0,1082.0493053506273,2.845921,1014721300.0
cdd_20p0,mask_50,pop_SSP2,2080,21,455225800.0,2690.3039206168005,2.845921,457892400.0
cdd_20p0,mask_50,pop_SSP2,2080,22,314518600.0,2391.581332443142,2.845921,315345660.0
cdd_20p0,mask_50,pop_SSP2,2080,23,85829420.0,733.7227506173341,2.845921,85943896.0
cdd_20p0,mask_50,pop_SSP2,2080,24,43414916.0,547.5529126382926,2.845921,45632690.0
cdd_20p0,mask_50,pop_SSP2,2080,25,793614140.0,2380.061152738867,2.845921,802491800.0
cdd_20p0,mask_50,pop_SSP2,2080,26,481352770.0,1666.7227049648523,2.845921,483205730.0
cdd_20p0,mask_50,pop_SSP2,2090,1,44679604.0,312.38691822172296,3.137292,45264700.0
cdd_20p0,mask_50,pop_SSP2,2090,2,408206300.0,990.4943111700161,3.137292,409720960.0
cdd_20p0,mask_50,pop_SSP2,2090,3,128173336.0,1169.9982648904374,3.137292,147301260.0
cdd_20p0,mask_50,pop_SSP2,2090,4,109284300.0,1578.0518124589335,3.137292,109547370.0
cdd_20p0,mask_50,pop_SSP2,2090,5,193335730.0,2130.534886192786,3.137292,193650340.0
cdd_20p0,mask_50,pop_SSP2,2090,6,192778850.0,1225.4495378699464,3.137292,244516750.0
cdd_20p0,mask_50,pop_SSP2,2090,7,333704320.0,1567.640787308857,3.137292,333708300.0
cdd_20p0,mask_50,pop_SSP2,2090,8,1748262500.0,3059.969824848012,3.137292,1748499300.0
cdd_20p0,mask_50,pop_SSP2,2090,9,816463100.0,1757.180696431005,3.137292,850514400.0
cdd_20p0,mask_50,pop_SSP2,2090,10,63799784.0,903.4336772014312,3.137292,63799784.0
cdd_20p0,mask_50,pop_SSP2,2090,11,382061250.0,292.82541194828815,3.137292,430576960.0
cdd_20p0,mask_50,pop_SSP2,2090,12,87129330.0,406.7477404769117,3.137292,87182820.0
cdd_20p0,mask_50,pop_SSP2,2090,13,89494080.0,744.0982930465161,3.137292,89494320.0
cdd_20p0,mask_50,pop_SSP2,2090,14,38088804.0,465.588385335617,3.137292,38088804.0
cdd_20p0,mask_50,pop_SSP2,2090,15,112901224.0,1024.0404059232499,3.137292,114867560.0
cdd_20p0,mask_50,pop_SSP2,2090,16,140334140.0,423.35136782512535,3.137292,142233840.0
cdd_20p0,mask_50,pop_SSP2,2090,17,420896600.0,1946.3522341510309,3.137292,421313020.0
cdd_20p0,mask_50,pop_SSP2,2090,18,1494160900.0,2890.2106986292165,3.137292,1498046700.0
cdd_20p0,mask_50,pop_SSP2,2090,19,50524270.0,637.0939814612176,3.137292,50695056.0
cdd_20p0,mask_50,pop_SSP2,2090,20,904701800.0,1143.0257523613393,3.137292,913915000.0
cdd_20p0,mask_50,pop_SSP2,2090,21,440236030.0,2773.6039402843753,3.137292,442814980.0
cdd_20p0,mask_50,pop_SSP2,2090,22,303268860.0,2456.851837791022,3.137292,304066370.0
cdd_20p0,mask_50,pop_SSP2,2090,23,80121090.0,774.2883042598576,3.137292,80221390.0
cdd_20p0,mask_50,pop_SSP2,2090,24,43890956.0,582.3798194713295,3.137292,45970976.0
cdd_20p0,mask_50,pop_SSP2,2090,25,801089860.0,2472.1576189697394,3.137292,808838660.0
cdd_20p0,mask_50,pop_SSP2,2090,26,500661950.0,1748.5798145434796,3.137292,502567100.0
cdd_20p0,mask_50,pop_SSP2,2100,1,44286770.0,362.72753049485215,3.422318,44719280.0
cdd_20p0,mask_50,pop_SSP2,2100,2,407080740.0,1045.5463105359913,3.422318,408499700.0
cdd_20p0,mask_50,pop_SSP2,2100,3,126469340.0,1213.0696597476851,3.422318,144189000.0
cdd_20p0,mask_50,pop_SSP2,2100,4,105786700.0,1630.2629214154401,3.422318,106041360.0
cdd_20p0,mask_50,pop_SSP2,2100,5,181933470.0,2203.7877660277686,3.422318,182229540.0
cdd_20p0,mask_50,pop_SSP2,2100,6,188401460.0,1269.7439327576799,3.422318,235626800.0
cdd_20p0,mask_50,pop_SSP2,2100,7,333028220.0,1622.0363011346485,3.422318,333032160.0
cdd_20p0,mask_50,pop_SSP2,2100,8,1822908300.0,3124.013144500682,3.422318,1823155500.0
cdd_20p0,mask_50,pop_SSP2,2100,9,831419650.0,1822.0876465920298,3.422318,864178800.0
cdd_20p0,mask_50,pop_SSP2,2100,10,60728110.0,954.7226953051945,3.422318,60728110.0
cdd_20p0,mask_50,pop_SSP2,2100,11,390488700.0,323.2389780500514,3.422318,425041180.0
cdd_20p0,mask_50,pop_SSP2,2100,12,83642460.0,454.5044505673996,3.422318,83693990.0
cdd_20p0,mask_50,pop_SSP2,2100,13,85637410.0,775.4278528191026,3.422318,85637630.0
cdd_20p0,mask_50,pop_SSP2,2100,14,36338800.0,519.7911194264626,3.422318,36338800.0
cdd_20p0,mask_50,pop_SSP2,2100,15,112801570.0,1080.4203425766882,3.422318,114497230.0
cdd_20p0,mask_50,pop_SSP2,2100,16,136977180.0,467.28540775166476,3.422318,138470290.0
cdd_20p0,mask_50,pop_SSP2,2100,17,415984320.0,2010.7799478552352,3.422318,416395870.0
cdd_20p0,mask_50,pop_SSP2,2100,18,1417976600.0,2983.7080021933466,3.422318,1421647000.0
cdd_20p0,mask_50,pop_SSP2,2100,19,45714470.0,677.6808689866687,3.422318,45837730.0
cdd_20p0,mask_50,pop_SSP2,2100,20,817151000.0,1211.558813988465,3.422318,825335200.0
cdd_20p0,mask_50,pop_SSP2,2100,21,422987620.0,2851.237784294294,3.422318,425465700.0
cdd_20p0,mask_50,pop_SSP2,2100,22,289645660.0,2511.5849924738977,3.422318,290407300.0
cdd_20p0,mask_50,pop_SSP2,2100,23,74779070.0,814.2489562370695,3.422318,74862880.0
cdd_20p0,mask_50,pop_SSP2,2100,24,43770376.0,611.3238916145456,3.422318,45766380.0
cdd_20p0,mask_50,pop_SSP2,2100,25,800230000.0,2561.2368423399166,3.422318,806595840.0
cdd_20p0,mask_50,pop_SSP2,2100,26,509866460.0,1807.7755852501577,3.422318,511516400.0
cdd_20p0,mask_50,pop_SSP3,2040,1,32239682.0,150.19991518670872,1.693643,40483924.0
cdd_20p0,mask_50,pop_SSP3,2040,2,361451970.0,721.4427100008553,1.693643,365363970.0
cdd_20p0,mask_50,pop_SSP3,2040,3,110848800.0,857.2977194847538,1.693643,147148340.0
cdd_20p0,mask_50,pop_SSP3,2040,4,108670710.0,1224.598410310212,1.693643,112742000.0
cdd_20p0,mask_50,pop_SSP3,2040,5,231497540.0,1653.4918637471817,1.693643,231874340.0
cdd_20p0,mask_50,pop_SSP3,2040,6,194018160.0,938.864123633977,1.693643,254898480.0
cdd_20p0,mask_50,pop_SSP3,2040,7,276615970.0,1222.8681350777301,1.693643,276619230.0
cdd_20p0,mask_50,pop_SSP3,2040,8,955790340.0,2547.773147519887,1.693643,960487400.0
cdd_20p0,mask_50,pop_SSP3,2040,9,493428600.0,1336.001847609473,1.693643,562667500.0
cdd_20p0,mask_50,pop_SSP3,2040,10,66976720.0,578.3199748501172,1.693643,67615390.0
cdd_20p0,mask_50,pop_SSP3,2040,11,307687140.0,169.86589456920797,1.693643,425228200.0
cdd_20p0,mask_50,pop_SSP3,2040,12,107779340.0,216.4943544971502,1.693643,112074770.0
cdd_20p0,mask_50,pop_SSP3,2040,13,97153950.0,494.7398283201742,1.693643,97681940.0
cdd_20p0,mask_50,pop_SSP3,2040,14,47417500.0,254.33223212676057,1.693643,47893124.0
cdd_20p0,mask_50,pop_SSP3,2040,15,95981300.0,736.2721403550698,1.693643,99756710.0
cdd_20p0,mask_50,pop_SSP3,2040,16,148906600.0,249.7579446831231,1.693643,155668030.0
cdd_20p0,mask_50,pop_SSP3,2040,17,360488580.0,1537.9346233700862,1.693643,360844930.0
cdd_20p0,mask_50,pop_SSP3,2040,18,1640840800.0,2388.391609916063,1.693643,1646870800.0
cdd_20p0,mask_50,pop_SSP3,2040,19,74703864.0,443.17509061519587,1.693643,76252620.0
cdd_20p0,mask_50,pop_SSP3,2040,20,1399696900.0,862.3745522626416,1.693643,1423951500.0
cdd_20p0,mask_50,pop_SSP3,2040,21,464916000.0,2338.337233559783,1.693643,467650600.0
cdd_20p0,mask_50,pop_SSP3,2040,22,324796740.0,2097.5900881845837,1.693643,325650850.0
cdd_20p0,mask_50,pop_SSP3,2040,23,111328650.0,577.3360218522326,1.693643,111718130.0
cdd_20p0,mask_50,pop_SSP3,2040,24,34571744.0,408.2457472644473,1.693643,38889836.0
cdd_20p0,mask_50,pop_SSP3,2040,25,643086340.0,2013.9974133019787,1.693643,658968450.0
cdd_20p0,mask_50,pop_SSP3,2040,26,308308380.0,1277.7520518526608,1.693643,309730000.0
cdd_20p0,mask_50,pop_SSP3,2050,1,36755396.0,176.17678963898217,1.980731,41216212.0
cdd_20p0,mask_50,pop_SSP3,2050,2,375029500.0,771.1417870549338,1.980731,377658750.0
cdd_20p0,mask_50,pop_SSP3,2050,3,127168820.0,910.0943926506353,1.980731,156598080.0
cdd_20p0,mask_50,pop_SSP3,2050,4,116115016.0,1290.0687844492102,1.980731,120465210.0
cdd_20p0,mask_50,pop_SSP3,2050,5,234946110.0,1743.35224189202,1.980731,235328510.0
cdd_20p0,mask_50,pop_SSP3,2050,6,206030140.0,993.107312661427,1.980731,268450700.0
cdd_20p0,mask_50,pop_SSP3,2050,7,312442560.0,1286.975727614487,1.980731,312446270.0
cdd_20p0,mask_50,pop_SSP3,2050,8,1218453200.0,2643.409339952054,1.980731,1222742300.0
cdd_20p0,mask_50,pop_SSP3,2050,9,620111400.0,1414.2237848052637,1.980731,687176300.0
cdd_20p0,mask_50,pop_SSP3,2050,10,69329830.0,639.6623261296478,1.980731,69993380.0
cdd_20p0,mask_50,pop_SSP3,2050,11,312207970.0,190.9676089923226,1.980731,426360400.0
cdd_20p0,mask_50,pop_SSP3,2050,12,105978180.0,246.48746167936486,1.980731,107896490.0
cdd_20p0,mask_50,pop_SSP3,2050,13,101679060.0,538.2323373483691,1.980731,101955340.0
cdd_20p0,mask_50,pop_SSP3,2050,14,45713224.0,286.67684462278146,1.980731,45861864.0
cdd_20p0,mask_50,pop_SSP3,2050,15,108306330.0,788.4293505836171,1.980731,112153120.0
cdd_20p0,mask_50,pop_SSP3,2050,16,148930450.0,278.41828969759774,1.980731,154105740.0
cdd_20p0,mask_50,pop_SSP3,2050,17,402177150.0,1614.8674266323326,1.980731,402574850.0
cdd_20p0,mask_50,pop_SSP3,2050,18,1719719700.0,2476.9010449492225,1.980731,1724801000.0
cdd_20p0,mask_50,pop_SSP3,2050,19,71767990.0,479.6442905616979,1.980731,72531310.0
cdd_20p0,mask_50,pop_SSP3,2050,20,1340349200.0,914.6558148724818,1.980731,1361459700.0
cdd_20p0,mask_50,pop_SSP3,2050,21,488401300.0,2421.324165622007,1.980731,491265600.0
cdd_20p0,mask_50,pop_SSP3,2050,22,338480160.0,2166.1994733449455,1.980731,339370240.0
cdd_20p0,mask_50,pop_SSP3,2050,23,104431460.0,612.6321626746816,1.980731,104755220.0
cdd_20p0,mask_50,pop_SSP3,2050,24,37162092.0,437.2470513305076,1.980731,41060684.0
cdd_20p0,mask_50,pop_SSP3,2050,25,738199360.0,2096.287600629662,1.980731,752317300.0
cdd_20p0,mask_50,pop_SSP3,2050,26,382654500.0,1367.27897452163,1.980731,384356320.0
cdd_20p0,mask_50,pop_SSP3,2060,1,38302940.0,206.48779846599592,2.268381,41926972.0
cdd_20p0,mask_50,pop_SSP3,2060,2,388496740.0,826.5285806933908,2.268381,390365020.0
cdd_20p0,mask_50,pop_SSP3,2060,3,139963000.0,975.7584038706322,2.268381,164916400.0
cdd_20p0,mask_50,pop_SSP3,2060,4,124107380.0,1364.9516576637263,2.268381,126652400.0
cdd_20p0,mask_50,pop_SSP3,2060,5,234901310.0,1843.296250728684,2.268381,235283580.0
cdd_20p0,mask_50,pop_SSP3,2060,6,215619710.0,1051.8036215206369,2.268381,279048260.0
cdd_20p0,mask_50,pop_SSP3,2060,7,345181400.0,1359.3285778600489,2.268381,345185540.0
cdd_20p0,mask_50,pop_SSP3,2060,8,1505858600.0,2753.55229180552,2.268381,1509065200.0
cdd_20p0,mask_50,pop_SSP3,2060,9,754242240.0,1503.194146682019,2.268381,816020200.0
cdd_20p0,mask_50,pop_SSP3,2060,10,71139720.0,702.8034418003372,2.268381,71220456.0
cdd_20p0,mask_50,pop_SSP3,2060,11,337454460.0,214.04103166627468,2.268381,426685060.0
cdd_20p0,mask_50,pop_SSP3,2060,12,103550130.0,282.8659111664912,2.268381,104345420.0
cdd_20p0,mask_50,pop_SSP3,2060,13,104162300.0,591.0390397098153,2.268381,104349270.0
cdd_20p0,mask_50,pop_SSP3,2060,14,43644944.0,329.8499668285393,2.268381,43786800.0
cdd_20p0,mask_50,pop_SSP3,2060,15,118996910.0,848.2423445919471,2.268381,122868824.0
cdd_20p0,mask_50,pop_SSP3,2060,16,148841550.0,315.0742763612749,2.268381,152645900.0
cdd_20p0,mask_50,pop_SSP3,2060,17,437791330.0,1699.6998110290788,2.268381,438224400.0
cdd_20p0,mask_50,pop_SSP3,2060,18,1776800500.0,2582.927195119217,2.268381,1781953500.0
cdd_20p0,mask_50,pop_SSP3,2060,19,66691060.0,520.0059419560395,2.268381,67400760.0
cdd_20p0,mask_50,pop_SSP3,2060,20,1249849900.0,972.5870105027242,2.268381,1268408000.0
cdd_20p0,mask_50,pop_SSP3,2060,21,505353500.0,2512.75324263426,2.268381,508313340.0
cdd_20p0,mask_50,pop_SSP3,2060,22,348124450.0,2242.1822103188683,2.268381,349039870.0
cdd_20p0,mask_50,pop_SSP3,2060,23,98151940.0,653.0427944497416,2.268381,98318810.0
cdd_20p0,mask_50,pop_SSP3,2060,24,39369996.0,472.2171486145887,2.268381,43135644.0
cdd_20p0,mask_50,pop_SSP3,2060,25,830903200.0,2191.730933829567,2.268381,845022850.0
cdd_20p0,mask_50,pop_SSP3,2060,26,459997400.0,1466.3401706750283,2.268381,461982820.0
cdd_20p0,mask_50,pop_SSP3,2070,1,39854788.0,237.39391890285933,2.554702,42907930.0
cdd_20p0,mask_50,pop_SSP3,2070,2,405338050.0,881.6868784982802,2.554702,407231700.0
cdd_20p0,mask_50,pop_SSP3,2070,3,147447840.0,1042.537230527783,2.554702,172477180.0
cdd_20p0,mask_50,pop_SSP3,2070,4,129252160.0,1439.7133662596975,2.554702,131902680.0
cdd_20p0,mask_50,pop_SSP3,2070,5,232478060.0,1943.0976227437588,2.554702,232856380.0
cdd_20p0,mask_50,pop_SSP3,2070,6,223343140.0,1110.845574602072,2.554702,287372580.0
cdd_20p0,mask_50,pop_SSP3,2070,7,373490080.0,1431.6351177957242,2.554702,373494530.0
cdd_20p0,mask_50,pop_SSP3,2070,8,1802967900.0,2863.4251392915235,2.554702,1803212200.0
cdd_20p0,mask_50,pop_SSP3,2070,9,880443140.0,1591.8917925692365,2.554702,939222000.0
cdd_20p0,mask_50,pop_SSP3,2070,10,71708670.0,767.4916146608819,2.554702,71749976.0
cdd_20p0,mask_50,pop_SSP3,2070,11,359538430.0,237.70358548864607,2.554702,430315070.0
cdd_20p0,mask_50,pop_SSP3,2070,12,100796350.0,320.31225216238744,2.554702,101163260.0
cdd_20p0,mask_50,pop_SSP3,2070,13,105605620.0,644.5786797965675,2.554702,105735150.0
cdd_20p0,mask_50,pop_SSP3,2070,14,42048230.0,373.3565601265071,2.554702,42083730.0
cdd_20p0,mask_50,pop_SSP3,2070,15,128257540.0,907.8975905474011,2.554702,131761620.0
cdd_20p0,mask_50,pop_SSP3,2070,16,148581180.0,351.32882073440896,2.554702,151516780.0
cdd_20p0,mask_50,pop_SSP3,2070,17,466586530.0,1784.649420270687,2.554702,467048130.0
cdd_20p0,mask_50,pop_SSP3,2070,18,1816470800.0,2688.4907203962994,2.554702,1821655300.0
cdd_20p0,mask_50,pop_SSP3,2070,19,61518784.0,559.8125175906977,2.554702,62143024.0
cdd_20p0,mask_50,pop_SSP3,2070,20,1163572200.0,1029.4836833062495,2.554702,1177790500.0
cdd_20p0,mask_50,pop_SSP3,2070,21,518097950.0,2603.1430853172533,2.554702,521132830.0
cdd_20p0,mask_50,pop_SSP3,2070,22,355221000.0,2317.5955504542208,2.554702,356155140.0
cdd_20p0,mask_50,pop_SSP3,2070,23,91950376.0,693.4418090254946,2.554702,92102504.0
cdd_20p0,mask_50,pop_SSP3,2070,24,42132076.0,508.13230467488665,2.554702,45144300.0
cdd_20p0,mask_50,pop_SSP3,2070,25,915666560.0,2286.792202269155,2.554702,929965500.0
cdd_20p0,mask_50,pop_SSP3,2070,26,535183600.0,1565.5742947460972,2.554702,537235700.0
cdd_20p0,mask_50,pop_SSP3,2080,1,42518560.0,270.67648963984374,2.845921,43977050.0
cdd_20p0,mask_50,pop_SSP3,2080,2,424203070.0,936.1861671959442,2.845921,425981920.0
cdd_20p0,mask_50,pop_SSP3,2080,3,155500700.0,1112.6376273466637,2.845921,179385540.0
cdd_20p0,mask_50,pop_SSP3,2080,4,135892060.0,1513.8646797508893,2.845921,136219100.0
cdd_20p0,mask_50,pop_SSP3,2080,5,228770740.0,2042.9312628448095,2.845921,229142990.0
cdd_20p0,mask_50,pop_SSP3,2080,6,231128130.0,1172.2161305044433,2.845921,293904060.0
cdd_20p0,mask_50,pop_SSP3,2080,7,400219800.0,1503.9197184760474,2.845921,400224580.0
cdd_20p0,mask_50,pop_SSP3,2080,8,2086649700.0,2971.7986724147677,2.845921,2086932400.0
cdd_20p0,mask_50,pop_SSP3,2080,9,988078900.0,1679.4415887777022,2.845921,1046764160.0
cdd_20p0,mask_50,pop_SSP3,2080,10,71751544.0,840.6886811878392,2.845921,71751544.0
cdd_20p0,mask_50,pop_SSP3,2080,11,379908540.0,264.17306997878757,2.845921,439119700.0
cdd_20p0,mask_50,pop_SSP3,2080,12,99002920.0,361.7748480831362,2.845921,99345624.0
cdd_20p0,mask_50,pop_SSP3,2080,13,106809840.0,700.4009421687958,2.845921,106874620.0
cdd_20p0,mask_50,pop_SSP3,2080,14,41169890.0,416.58931930897165,2.845921,41169890.0
cdd_20p0,mask_50,pop_SSP3,2080,15,137303620.0,966.7592685289345,2.845921,140167870.0
cdd_20p0,mask_50,pop_SSP3,2080,16,150070960.0,384.7604655020561,2.845921,152507900.0
cdd_20p0,mask_50,pop_SSP3,2080,17,491483940.0,1870.8600855323705,2.845921,491970240.0
cdd_20p0,mask_50,pop_SSP3,2080,18,1837193100.0,2790.6395008717245,2.845921,1841970200.0
cdd_20p0,mask_50,pop_SSP3,2080,19,57649364.0,597.5366133339569,2.845921,57913860.0
cdd_20p0,mask_50,pop_SSP3,2080,20,1087781600.0,1082.3436372233518,2.845921,1099774300.0
cdd_20p0,mask_50,pop_SSP3,2080,21,528879700.0,2689.8745249018575,2.845921,531978050.0
cdd_20p0,mask_50,pop_SSP3,2080,22,360548700.0,2391.1306476171535,2.845921,361496830.0
cdd_20p0,mask_50,pop_SSP3,2080,23,87044500.0,733.7331071650884,2.845921,87160590.0
cdd_20p0,mask_50,pop_SSP3,2080,24,44757404.0,547.608110432436,2.845921,47043750.0
cdd_20p0,mask_50,pop_SSP3,2080,25,991181300.0,2379.734690061604,2.845921,1002221500.0
cdd_20p0,mask_50,pop_SSP3,2080,26,602383400.0,1666.3413154058742,2.845921,604655900.0
cdd_20p0,mask_50,pop_SSP3,2090,1,44399092.0,312.5383114433879,3.137292,44979364.0
cdd_20p0,mask_50,pop_SSP3,2090,2,443201280.0,991.5384000301151,3.137292,444843650.0
cdd_20p0,mask_50,pop_SSP3,2090,3,162141730.0,1170.4836393750538,3.137292,186358780.0
cdd_20p0,mask_50,pop_SSP3,2090,4,139775700.0,1578.2661637233828,3.137292,140112080.0
cdd_20p0,mask_50,pop_SSP3,2090,5,225726660.0,2131.0397846333185,3.137292,226093950.0
cdd_20p0,mask_50,pop_SSP3,2090,6,236391340.0,1226.0206269913606,3.137292,299846850.0
cdd_20p0,mask_50,pop_SSP3,2090,7,426190430.0,1568.3738494566787,3.137292,426195500.0
cdd_20p0,mask_50,pop_SSP3,2090,8,2344611800.0,3059.987334526272,3.137292,2344929300.0
cdd_20p0,mask_50,pop_SSP3,2090,9,1097613800.0,1757.0244992448615,3.137292,1143401300.0
cdd_20p0,mask_50,pop_SSP3,2090,10,71592950.0,904.1305700401772,3.137292,71592950.0
cdd_20p0,mask_50,pop_SSP3,2090,11,399918460.0,292.8275349022283,3.137292,450691100.0
cdd_20p0,mask_50,pop_SSP3,2090,12,99246660.0,406.7162186519643,3.137292,99307016.0
cdd_20p0,mask_50,pop_SSP3,2090,13,108132560.0,745.0332726305348,3.137292,108132840.0
cdd_20p0,mask_50,pop_SSP3,2090,14,40975320.0,465.57117706835334,3.137292,40975320.0
cdd_20p0,mask_50,pop_SSP3,2090,15,145456480.0,1025.07354687908,3.137292,147985220.0
cdd_20p0,mask_50,pop_SSP3,2090,16,153276540.0,423.6121265870021,3.137292,155349680.0
cdd_20p0,mask_50,pop_SSP3,2090,17,516227040.0,1947.515253610071,3.137292,516737860.0
cdd_20p0,mask_50,pop_SSP3,2090,18,1857216400.0,2889.7298994101293,3.137292,1862041900.0
cdd_20p0,mask_50,pop_SSP3,2090,19,54411012.0,637.0454870228264,3.137292,54595016.0
cdd_20p0,mask_50,pop_SSP3,2090,20,1026210370.0,1143.319265063095,3.137292,1036669800.0
cdd_20p0,mask_50,pop_SSP3,2090,21,539450500.0,2773.1351198641564,3.137292,542610940.0
cdd_20p0,mask_50,pop_SSP3,2090,22,364967600.0,2456.4037908257383,3.137292,365927360.0
cdd_20p0,mask_50,pop_SSP3,2090,23,83471900.0,774.298946491,3.137292,83576390.0
cdd_20p0,mask_50,pop_SSP3,2090,24,46621396.0,582.4363354697485,3.137292,48830816.0
cdd_20p0,mask_50,pop_SSP3,2090,25,1056789440.0,2471.800391786441,3.137292,1067009540.0
cdd_20p0,mask_50,pop_SSP3,2090,26,657339400.0,1748.1580594988461,3.137292,659791700.0
cdd_20p0,mask_50,pop_SSP3,2100,1,45684200.0,362.888050882788,3.422318,46129350.0
cdd_20p0,mask_50,pop_SSP3,2100,2,464475040.0,1046.5904245961276,3.422318,466091900.0
cdd_20p0,mask_50,pop_SSP3,2100,3,170163940.0,1213.576536867556,3.422318,194026940.0
cdd_20p0,mask_50,pop_SSP3,2100,4,143938080.0,1630.519041642144,3.422318,144284480.0
cdd_20p0,mask_50,pop_SSP3,2100,5,224798770.0,2204.300193515852,3.422318,225164530.0
cdd_20p0,mask_50,pop_SSP3,2100,6,245222500.0,1270.3120201065276,3.422318,306703700.0
cdd_20p0,mask_50,pop_SSP3,2100,7,449402700.0,1622.7864345575238,3.422318,449408030.0
cdd_20p0,mask_50,pop_SSP3,2100,8,2563139800.0,3124.033847495619,3.422318,2563487200.0
cdd_20p0,mask_50,pop_SSP3,2100,9,1183517000.0,1821.9257911954955,3.422318,1230168000.0
cdd_20p0,mask_50,pop_SSP3,2100,10,71287580.0,955.4394247355671,3.422318,71287580.0
cdd_20p0,mask_50,pop_SSP3,2100,11,426862460.0,323.2415867812633,3.422318,464625340.0
cdd_20p0,mask_50,pop_SSP3,2100,12,100247540.0,454.4742857643513,3.422318,100308620.0
cdd_20p0,mask_50,pop_SSP3,2100,13,109952264.0,776.3770076755867,3.422318,109952550.0
cdd_20p0,mask_50,pop_SSP3,2100,14,41067064.0,519.7731670049886,3.422318,41067064.0
cdd_20p0,mask_50,pop_SSP3,2100,15,152519760.0,1081.4832707830453,3.422318,154809780.0
cdd_20p0,mask_50,pop_SSP3,2100,16,156823140.0,467.5488573368316,3.422318,158531020.0
cdd_20p0,mask_50,pop_SSP3,2100,17,540023230.0,2011.9614093857429,3.422318,540557630.0
cdd_20p0,mask_50,pop_SSP3,2100,18,1888381400.0,2983.246344348236,3.422318,1893265500.0
cdd_20p0,mask_50,pop_SSP3,2100,19,51771540.0,677.6317735801003,3.422318,51911252.0
cdd_20p0,mask_50,pop_SSP3,2100,20,981289000.0,1211.8464330233323,3.422318,991126700.0
cdd_20p0,mask_50,pop_SSP3,2100,21,551562750.0,2850.722495746955,3.422318,554794400.0
cdd_20p0,mask_50,pop_SSP3,2100,22,369201400.0,2511.1431387511034,3.422318,370172320.0
cdd_20p0,mask_50,pop_SSP3,2100,23,80739410.0,814.259722691427,3.422318,80829896.0
cdd_20p0,mask_50,pop_SSP3,2100,24,48546090.0,611.3812400212124,3.422318,50759870.0
cdd_20p0,mask_50,pop_SSP3,2100,25,1120577000.0,2560.8454159615712,3.422318,1129486200.0
cdd_20p0,mask_50,pop_SSP3,2100,26,704185150.0,1807.3311490330395,3.422318,706413600.0
cdd_20p0,mask_50,pop_SSP5,2040,1,34503220.0,149.99932996218874,1.693643,43332450.0
cdd_20p0,mask_50,pop_SSP5,2040,2,376054880.0,720.0663700483417,1.693643,380137380.0
cdd_20p0,mask_50,pop_SSP5,2040,3,103302296.0,857.0434308100689,1.693643,137109700.0
cdd_20p0,mask_50,pop_SSP5,2040,4,99318820.0,1224.8049620120212,1.693643,103039730.0
cdd_20p0,mask_50,pop_SSP5,2040,5,223771900.0,1652.716685460456,1.693643,224136160.0
cdd_20p0,mask_50,pop_SSP5,2040,6,183009340.0,937.8746166151848,1.693643,240428000.0
cdd_20p0,mask_50,pop_SSP5,2040,7,257343950.0,1221.6512638555087,1.693643,257347000.0
cdd_20p0,mask_50,pop_SSP5,2040,8,840410900.0,2547.5449938166284,1.693643,844544500.0
cdd_20p0,mask_50,pop_SSP5,2040,9,438191420.0,1336.4492485856038,1.693643,499649440.0
cdd_20p0,mask_50,pop_SSP5,2040,10,66946624.0,577.1686467988618,1.693643,67583850.0
cdd_20p0,mask_50,pop_SSP5,2040,11,321965540.0,169.84642529251468,1.693643,444985760.0
cdd_20p0,mask_50,pop_SSP5,2040,12,106727400.0,216.46970829854246,1.693643,110979220.0
cdd_20p0,mask_50,pop_SSP5,2040,13,93888664.0,493.2893435944102,1.693643,94398980.0
cdd_20p0,mask_50,pop_SSP5,2040,14,48549736.0,254.26825848046224,1.693643,49036920.0
cdd_20p0,mask_50,pop_SSP5,2040,15,87717100.0,734.5020256426483,1.693643,91172590.0
cdd_20p0,mask_50,pop_SSP5,2040,16,153310000.0,249.53119443797627,1.693643,160273680.0
cdd_20p0,mask_50,pop_SSP5,2040,17,344673570.0,1536.103649896121,1.693643,345014200.0
cdd_20p0,mask_50,pop_SSP5,2040,18,1555806500.0,2389.4723308778694,1.693643,1561527600.0
cdd_20p0,mask_50,pop_SSP5,2040,19,74835720.0,443.27096552868113,1.693643,76385490.0
cdd_20p0,mask_50,pop_SSP5,2040,20,1387459800.0,862.1173785334898,1.693643,1411498900.0
cdd_20p0,mask_50,pop_SSP5,2040,21,442745200.0,2338.8112884040856,1.693643,445349380.0
cdd_20p0,mask_50,pop_SSP5,2040,22,311087170.0,2098.411166544547,1.693643,311905200.0
cdd_20p0,mask_50,pop_SSP5,2040,23,114260480.0,577.3847974894898,1.693643,114660220.0
cdd_20p0,mask_50,pop_SSP5,2040,24,35852000.0,408.3083890994011,1.693643,40330000.0
cdd_20p0,mask_50,pop_SSP5,2040,25,580354300.0,2014.6843314175455,1.693643,594712060.0
cdd_20p0,mask_50,pop_SSP5,2040,26,277783600.0,1278.1230831969822,1.693643,279094100.0
cdd_20p0,mask_50,pop_SSP5,2050,1,41312244.0,175.95455775891938,1.980731,46331800.0
cdd_20p0,mask_50,pop_SSP5,2050,2,399769860.0,769.7297902064133,1.980731,402577570.0
cdd_20p0,mask_50,pop_SSP5,2050,3,112357490.0,909.7804084584513,1.980731,138332980.0
cdd_20p0,mask_50,pop_SSP5,2050,4,99544460.0,1290.1806348544483,1.980731,103273816.0
cdd_20p0,mask_50,pop_SSP5,2050,5,221525780.0,1742.558069312099,1.980731,221886370.0
cdd_20p0,mask_50,pop_SSP5,2050,6,185801040.0,992.1010151102838,1.980731,242080480.0
cdd_20p0,mask_50,pop_SSP5,2050,7,273580380.0,1285.7270969355916,1.980731,273583650.0
cdd_20p0,mask_50,pop_SSP5,2050,8,969108860.0,2643.173636603535,1.980731,972528600.0
cdd_20p0,mask_50,pop_SSP5,2050,9,503290100.0,1414.6697687033507,1.980731,557712000.0
cdd_20p0,mask_50,pop_SSP5,2050,10,68839750.0,638.4356302757942,1.980731,69496184.0
cdd_20p0,mask_50,pop_SSP5,2050,11,337780450.0,190.94507665265613,1.980731,461321340.0
cdd_20p0,mask_50,pop_SSP5,2050,12,104623730.0,246.4612295212407,1.980731,106517320.0
cdd_20p0,mask_50,pop_SSP5,2050,13,95945500.0,536.7249367163197,1.980731,96206350.0
cdd_20p0,mask_50,pop_SSP5,2050,14,47736320.0,286.60623661638397,1.980731,47891656.0
cdd_20p0,mask_50,pop_SSP5,2050,15,91854550.0,786.5709923319112,1.980731,95126180.0
cdd_20p0,mask_50,pop_SSP5,2050,16,156231660.0,278.18111524560396,1.980731,161663440.0
cdd_20p0,mask_50,pop_SSP5,2050,17,369761280.0,1613.0085577649347,1.980731,370126800.0
cdd_20p0,mask_50,pop_SSP5,2050,18,1564750100.0,2477.98992365569,1.980731,1569378600.0
cdd_20p0,mask_50,pop_SSP5,2050,19,72662984.0,479.7456206789228,1.980731,73432060.0
cdd_20p0,mask_50,pop_SSP5,2050,20,1326628200.0,914.3934816085816,1.980731,1347515400.0
cdd_20p0,mask_50,pop_SSP5,2050,21,446983600.0,2421.8497881970584,1.980731,449605060.0
cdd_20p0,mask_50,pop_SSP5,2050,22,313269440.0,2167.0175502460997,1.980731,314093250.0
cdd_20p0,mask_50,pop_SSP5,2050,23,109328900.0,612.6828833000473,1.980731,109667816.0
cdd_20p0,mask_50,pop_SSP5,2050,24,39365932.0,437.31199466774746,1.980731,43495732.0
cdd_20p0,mask_50,pop_SSP5,2050,25,614155100.0,2096.940414476808,1.980731,625951600.0
cdd_20p0,mask_50,pop_SSP5,2050,26,316617400.0,1367.7498327252672,1.980731,318077120.0
cdd_20p0,mask_50,pop_SSP5,2060,1,44713780.0,206.24477024456172,2.268381,48951268.0
cdd_20p0,mask_50,pop_SSP5,2060,2,419092220.0,825.0788074386262,2.268381,421112130.0
cdd_20p0,mask_50,pop_SSP5,2060,3,115878720.0,975.3678732275484,2.268381,136508750.0
cdd_20p0,mask_50,pop_SSP5,2060,4,99036510.0,1364.922862652734,2.268381,101067450.0
cdd_20p0,mask_50,pop_SSP5,2060,5,214693250.0,1842.4842757913104,2.268381,215042690.0
cdd_20p0,mask_50,pop_SSP5,2060,6,184285730.0,1050.781507634954,2.268381,238479630.0
cdd_20p0,mask_50,pop_SSP5,2060,7,281905630.0,1358.0400396436155,2.268381,281909000.0
cdd_20p0,mask_50,pop_SSP5,2060,8,1073328960.0,2753.30993299247,2.268381,1075628300.0
cdd_20p0,mask_50,pop_SSP5,2060,9,553886700.0,1503.6505342694477,2.268381,599240960.0
cdd_20p0,mask_50,pop_SSP5,2060,10,69463280.0,701.4992776341462,2.268381,69534510.0
cdd_20p0,mask_50,pop_SSP5,2060,11,374901900.0,214.01424657041662,2.268381,474071840.0
cdd_20p0,mask_50,pop_SSP5,2060,12,101437500.0,282.83875567034966,2.268381,102216340.0
cdd_20p0,mask_50,pop_SSP5,2060,13,95548296.0,589.4698930796727,2.268381,95719980.0
cdd_20p0,mask_50,pop_SSP5,2060,14,46365640.0,329.7703420286123,2.268381,46516504.0
cdd_20p0,mask_50,pop_SSP5,2060,15,92834910.0,846.2819255310716,2.268381,95867900.0
cdd_20p0,mask_50,pop_SSP5,2060,16,158140240.0,314.8259021784025,2.268381,162185360.0
cdd_20p0,mask_50,pop_SSP5,2060,17,384689150.0,1697.814899680375,2.268381,385069500.0
cdd_20p0,mask_50,pop_SSP5,2060,18,1535055200.0,2584.0163269842487,2.268381,1539514600.0
cdd_20p0,mask_50,pop_SSP5,2060,19,68246560.0,520.1134645348196,2.268381,68967150.0
cdd_20p0,mask_50,pop_SSP5,2060,20,1233100400.0,972.3198762654504,2.268381,1251398500.0
cdd_20p0,mask_50,pop_SSP5,2060,21,440733000.0,2513.3495167151827,2.268381,443314000.0
cdd_20p0,mask_50,pop_SSP5,2060,22,308051460.0,2242.99919785493,2.268381,308861500.0
cdd_20p0,mask_50,pop_SSP5,2060,23,104907260.0,653.0961497110959,2.268381,105085610.0
cdd_20p0,mask_50,pop_SSP5,2060,24,42176956.0,472.2844721740433,2.268381,46211076.0
cdd_20p0,mask_50,pop_SSP5,2060,25,628755600.0,2192.411947002293,2.268381,639516160.0
cdd_20p0,mask_50,pop_SSP5,2060,26,346156640.0,1466.9135705799654,2.268381,347721730.0
cdd_20p0,mask_50,pop_SSP5,2070,1,47324268.0,237.1315484311441,2.554702,50957204.0
cdd_20p0,mask_50,pop_SSP5,2070,2,433704450.0,880.1987462599391,2.554702,435736060.0
cdd_20p0,mask_50,pop_SSP5,2070,3,113383544.0,1042.0712632554594,2.554702,132594584.0
cdd_20p0,mask_50,pop_SSP5,2070,4,95372776.0,1439.5420093901487,2.554702,97328590.0
cdd_20p0,mask_50,pop_SSP5,2070,5,203934940.0,1942.2684364366373,2.554702,204266880.0
cdd_20p0,mask_50,pop_SSP5,2070,6,179389680.0,1109.8086036012548,2.554702,230797540.0
cdd_20p0,mask_50,pop_SSP5,2070,7,282726800.0,1430.3074976191458,2.554702,282730140.0
cdd_20p0,mask_50,pop_SSP5,2070,8,1150849800.0,2863.177243519746,2.554702,1151005600.0
cdd_20p0,mask_50,pop_SSP5,2070,9,584450240.0,1592.3600036972032,2.554702,623450400.0
cdd_20p0,mask_50,pop_SSP5,2070,10,67795440.0,766.108446937503,2.554702,67827340.0
cdd_20p0,mask_50,pop_SSP5,2070,11,401619780.0,237.67244650912778,2.554702,480712100.0
cdd_20p0,mask_50,pop_SSP5,2070,12,97055680.0,320.2840037714026,2.554702,97409496.0
cdd_20p0,mask_50,pop_SSP5,2070,13,93232460.0,642.9480877285102,2.554702,93346936.0
cdd_20p0,mask_50,pop_SSP5,2070,14,44842264.0,373.26782488594273,2.554702,44880170.0
cdd_20p0,mask_50,pop_SSP5,2070,15,91916770.0,905.8349823513845,2.554702,94441750.0
cdd_20p0,mask_50,pop_SSP5,2070,16,157686350.0,351.06915155188716,2.554702,160806910.0
cdd_20p0,mask_50,pop_SSP5,2070,17,388632000.0,1782.7373896236363,2.554702,389016320.0
cdd_20p0,mask_50,pop_SSP5,2070,18,1473917200.0,2689.57771313322,2.554702,1478133200.0
cdd_20p0,mask_50,pop_SSP5,2070,19,62739576.0,559.9261618182122,2.554702,63368810.0
cdd_20p0,mask_50,pop_SSP5,2070,20,1126743300.0,1029.2118465587166,2.554702,1140496000.0
cdd_20p0,mask_50,pop_SSP5,2070,21,425915970.0,2603.808192354664,2.554702,428410430.0
cdd_20p0,mask_50,pop_SSP5,2070,22,296336640.0,2318.411995273771,2.554702,297115900.0
cdd_20p0,mask_50,pop_SSP5,2070,23,99546110.0,693.4977839178666,2.554702,99710800.0
cdd_20p0,mask_50,pop_SSP5,2070,24,44938840.0,508.20197172127183,2.554702,48151736.0
cdd_20p0,mask_50,pop_SSP5,2070,25,628227300.0,2287.5117066940534,2.554702,638131300.0
cdd_20p0,mask_50,pop_SSP5,2070,26,365587800.0,1566.2532781162415,2.554702,367066000.0
cdd_20p0,mask_50,pop_SSP5,2080,1,50525990.0,270.40001972492047,2.845921,52262844.0
cdd_20p0,mask_50,pop_SSP5,2080,2,444144200.0,934.6563900291939,2.845921,446012320.0
cdd_20p0,mask_50,pop_SSP5,2080,3,110506490.0,1112.1033398182835,2.845921,127441710.0
cdd_20p0,mask_50,pop_SSP5,2080,4,92363460.0,1513.5513537740346,2.845921,92585890.0
cdd_20p0,mask_50,pop_SSP5,2080,5,190425780.0,2042.086383389154,2.845921,190735710.0
cdd_20p0,mask_50,pop_SSP5,2080,6,173176910.0,1171.1675545795247,2.845921,220191060.0
cdd_20p0,mask_50,pop_SSP5,2080,7,278586560.0,1502.557597816018,2.845921,278589900.0
cdd_20p0,mask_50,pop_SSP5,2080,8,1198804600.0,2971.549549772764,2.845921,1198967000.0
cdd_20p0,mask_50,pop_SSP5,2080,9,595922370.0,1679.9245084938702,2.845921,631325600.0
cdd_20p0,mask_50,pop_SSP5,2080,10,64640944.0,839.217606340707,2.845921,64640944.0
cdd_20p0,mask_50,pop_SSP5,2080,11,417821440.0,264.13734681015757,2.845921,482969020.0
cdd_20p0,mask_50,pop_SSP5,2080,12,91969730.0,361.74453461698914,2.845921,92288720.0
cdd_20p0,mask_50,pop_SSP5,2080,13,89711910.0,698.7093716383249,2.845921,89766420.0
cdd_20p0,mask_50,pop_SSP5,2080,14,42962130.0,416.4914643204927,2.845921,42962130.0
cdd_20p0,mask_50,pop_SSP5,2080,15,90034904.0,964.594339123663,2.845921,91924680.0
cdd_20p0,mask_50,pop_SSP5,2080,16,155219900.0,384.4889073728756,2.845921,157745150.0
cdd_20p0,mask_50,pop_SSP5,2080,17,383775200.0,1868.9147289470816,2.845921,384154720.0
cdd_20p0,mask_50,pop_SSP5,2080,18,1386272100.0,2791.7164579838545,2.845921,1389885600.0
cdd_20p0,mask_50,pop_SSP5,2080,19,57660030.0,597.6560785580998,2.845921,57924530.0
cdd_20p0,mask_50,pop_SSP5,2080,20,1020246850.0,1082.0672325731814,2.845921,1031476350.0
cdd_20p0,mask_50,pop_SSP5,2080,21,405153200.0,2690.597373923209,2.845921,407526200.0
cdd_20p0,mask_50,pop_SSP5,2080,22,280563550.0,2391.9482826697217,2.845921,281301340.0
cdd_20p0,mask_50,pop_SSP5,2080,23,92715336.0,733.7915232187153,2.845921,92839010.0
cdd_20p0,mask_50,pop_SSP5,2080,24,46890020.0,547.6800273687965,2.845921,49285304.0
cdd_20p0,mask_50,pop_SSP5,2080,25,617659100.0,2380.5190327502114,2.845921,624636300.0
cdd_20p0,mask_50,pop_SSP5,2080,26,375213570.0,1667.142053078094,2.845921,376710100.0
cdd_20p0,mask_50,pop_SSP5,2090,1,51421824.0,312.2472934882779,3.137292,52095904.0
cdd_20p0,mask_50,pop_SSP5,2090,2,446673730.0,989.981193972975,3.137292,448334460.0
cdd_20p0,mask_50,pop_SSP5,2090,3,105518900.0,1169.895391582969,3.137292,121236936.0
cdd_20p0,mask_50,pop_SSP5,2090,4,86758930.0,1577.8370552762708,3.137292,86967870.0
cdd_20p0,mask_50,pop_SSP5,2090,5,175516770.0,2130.1804697374055,3.137292,175802430.0
cdd_20p0,mask_50,pop_SSP5,2090,6,163303140.0,1224.9690404781823,3.137292,207117020.0
cdd_20p0,mask_50,pop_SSP5,2090,7,271135070.0,1566.977932178976,3.137292,271138300.0
cdd_20p0,mask_50,pop_SSP5,2090,8,1216001300.0,3059.73380475231,3.137292,1216166100.0
cdd_20p0,mask_50,pop_SSP5,2090,9,599223200.0,1757.520305025155,3.137292,624225340.0
cdd_20p0,mask_50,pop_SSP5,2090,10,60318396.0,902.5928153578826,3.137292,60318396.0
cdd_20p0,mask_50,pop_SSP5,2090,11,421262200.0,292.7864913541419,3.137292,474767650.0
cdd_20p0,mask_50,pop_SSP5,2090,12,87102840.0,406.6810295145476,3.137292,87156970.0
cdd_20p0,mask_50,pop_SSP5,2090,13,85383390.0,743.2945062826769,3.137292,85383620.0
cdd_20p0,mask_50,pop_SSP5,2090,14,40788630.0,465.46680018783053,3.137292,40788630.0
cdd_20p0,mask_50,pop_SSP5,2090,15,87081130.0,1022.8224257912956,3.137292,88606020.0
cdd_20p0,mask_50,pop_SSP5,2090,16,151123220.0,423.33342549193156,3.137292,153171410.0
cdd_20p0,mask_50,pop_SSP5,2090,17,372351550.0,1945.536825610636,3.137292,372719740.0
cdd_20p0,mask_50,pop_SSP5,2090,18,1276818200.0,2890.7802458472365,3.137292,1280144800.0
cdd_20p0,mask_50,pop_SSP5,2090,19,52425868.0,637.1703228881856,3.137292,52603030.0
cdd_20p0,mask_50,pop_SSP5,2090,20,913450600.0,1143.0424447724156,3.137292,922740200.0
cdd_20p0,mask_50,pop_SSP5,2090,21,379655740.0,2773.928644711647,3.137292,381879500.0
cdd_20p0,mask_50,pop_SSP5,2090,22,262249380.0,2457.216652735432,3.137292,262939000.0
cdd_20p0,mask_50,pop_SSP5,2090,23,85305704.0,774.3590415015285,3.137292,85412500.0
cdd_20p0,mask_50,pop_SSP5,2090,24,46846710.0,582.5099612101297,3.137292,49066810.0
cdd_20p0,mask_50,pop_SSP5,2090,25,595685950.0,2472.659316549031,3.137292,601448960.0
cdd_20p0,mask_50,pop_SSP5,2090,26,374778100.0,1749.046987849253,3.137292,376255400.0
cdd_20p0,mask_50,pop_SSP5,2100,1,49390880.0,362.58231728527676,3.422318,49873596.0
cdd_20p0,mask_50,pop_SSP5,2100,2,438349820.0,1045.0220176518294,3.422318,439881250.0
cdd_20p0,mask_50,pop_SSP5,2100,3,99518380.0,1212.951307894765,3.422318,113432290.0
cdd_20p0,mask_50,pop_SSP5,2100,4,80372584.0,1630.0055019553638,3.422318,80566170.0
cdd_20p0,mask_50,pop_SSP5,2100,5,159278430.0,2203.4281472772664,3.422318,159537630.0
cdd_20p0,mask_50,pop_SSP5,2100,6,153221470.0,1269.2669303619496,3.422318,191616370.0
cdd_20p0,mask_50,pop_SSP5,2100,7,260874130.0,1621.3582491257566,3.422318,260877220.0
cdd_20p0,mask_50,pop_SSP5,2100,8,1201820800.0,3123.7725158669814,3.422318,1201983700.0
cdd_20p0,mask_50,pop_SSP5,2100,9,581516000.0,1822.4321931727156,3.422318,604439230.0
cdd_20p0,mask_50,pop_SSP5,2100,10,55405904.0,953.8597966565357,3.422318,55405904.0
cdd_20p0,mask_50,pop_SSP5,2100,11,416175680.0,323.1945331247716,3.422318,453007740.0
cdd_20p0,mask_50,pop_SSP5,2100,12,81881780.0,454.43124274753507,3.422318,81932770.0
cdd_20p0,mask_50,pop_SSP5,2100,13,80546310.0,774.6072392503341,3.422318,80546520.0
cdd_20p0,mask_50,pop_SSP5,2100,14,38433052.0,519.6652674936863,3.422318,38433052.0
cdd_20p0,mask_50,pop_SSP5,2100,15,83701700.0,1079.1656011152086,3.422318,84967690.0
cdd_20p0,mask_50,pop_SSP5,2100,16,145899470.0,467.26838593153474,3.422318,147491890.0
cdd_20p0,mask_50,pop_SSP5,2100,17,355404260.0,2009.9509286682207,3.422318,355755700.0
cdd_20p0,mask_50,pop_SSP5,2100,18,1155177300.0,2984.252468703497,3.422318,1158173400.0
cdd_20p0,mask_50,pop_SSP5,2100,19,46879348.0,677.7613653830433,3.422318,47005696.0
cdd_20p0,mask_50,pop_SSP5,2100,20,816583900.0,1211.5737672520772,3.422318,824748540.0
cdd_20p0,mask_50,pop_SSP5,2100,21,350616320.0,2851.5993234734938,3.422318,352670080.0
cdd_20p0,mask_50,pop_SSP5,2100,22,241608450.0,2511.9447839853624,3.422318,242243790.0
cdd_20p0,mask_50,pop_SSP5,2100,23,77294260.0,814.3206219252139,3.422318,77380890.0
cdd_20p0,mask_50,pop_SSP5,2100,24,45211524.0,611.4559420427345,3.422318,47273250.0
cdd_20p0,mask_50,pop_SSP5,2100,25,567431700.0,2561.7879585979204,3.422318,571949250.0
cdd_20p0,mask_50,pop_SSP5,2100,26,365887420.0,1808.2694305617972,3.422318,367119550.0
cdd_20p0,mask_100,pop_SSP1,2040,1,25484828.0,150.08800876103479,1.693643,41337404.0
cdd_20p0,mask_100,pop_SSP1,2040,2,350964100.0,719.9584751304134,1.693643,367037060.0
cdd_20p0,mask_100,pop_SSP1,2040,3,99602800.0,856.7977831665194,1.693643,138872290.0
cdd_20p0,mask_100,pop_SSP1,2040,4,100874370.0,1224.771371696333,1.693643,105208740.0
cdd_20p0,mask_100,pop_SSP1,2040,5,223824110.0,1652.72778472589,1.693643,224225860.0
cdd_20p0,mask_100,pop_SSP1,2040,6,176048700.0,937.9523060239156,1.693643,242465470.0
cdd_20p0,mask_100,pop_SSP1,2040,7,258728100.0,1221.7063530710245,1.693643,258731170.0
cdd_20p0,mask_100,pop_SSP1,2040,8,841947260.0,2547.4597116400496,1.693643,848988800.0
cdd_20p0,mask_100,pop_SSP1,2040,9,415630140.0,1336.4855303736447,1.693643,504946800.0
cdd_20p0,mask_100,pop_SSP1,2040,10,66655490.0,577.2504666697861,1.693643,67584720.0
cdd_20p0,mask_100,pop_SSP1,2040,11,242674530.0,169.86888218303457,1.693643,431206400.0
cdd_20p0,mask_100,pop_SSP1,2040,12,86703016.0,216.5120366209674,1.693643,111707960.0
cdd_20p0,mask_100,pop_SSP1,2040,13,93148820.0,493.07207355144874,1.693643,94843990.0
cdd_20p0,mask_100,pop_SSP1,2040,14,45738436.0,254.34773749449042,1.693643,48440990.0
cdd_20p0,mask_100,pop_SSP1,2040,15,85948670.0,734.7652389704266,1.693643,92945240.0
cdd_20p0,mask_100,pop_SSP1,2040,16,128257380.0,249.4159549381653,1.693643,156855440.0
cdd_20p0,mask_100,pop_SSP1,2040,17,337170880.0,1535.9724671039519,1.693643,342136600.0
cdd_20p0,mask_100,pop_SSP1,2040,18,1551430400.0,2389.264612937642,1.693643,1563959600.0
cdd_20p0,mask_100,pop_SSP1,2040,19,74062456.0,443.23578681136394,1.693643,76428100.0
cdd_20p0,mask_100,pop_SSP1,2040,20,1376842800.0,862.1528285762126,1.693643,1414905100.0
cdd_20p0,mask_100,pop_SSP1,2040,21,443161920.0,2338.7852401906744,1.693643,445849020.0
cdd_20p0,mask_100,pop_SSP1,2040,22,310786700.0,2098.408318247191,1.693643,312030500.0
cdd_20p0,mask_100,pop_SSP1,2040,23,111754820.0,577.3407146720455,1.693643,113431120.0
cdd_20p0,mask_100,pop_SSP1,2040,24,32195084.0,408.1313871597596,1.693643,38909136.0
cdd_20p0,mask_100,pop_SSP1,2040,25,588995140.0,2014.5303909578708,1.693643,606828100.0
cdd_20p0,mask_100,pop_SSP1,2040,26,279344450.0,1278.0999664659623,1.693643,281171600.0
cdd_20p0,mask_100,pop_SSP1,2050,1,28692500.0,176.05342656911998,1.980731,42730160.0
cdd_20p0,mask_100,pop_SSP1,2050,2,366707870.0,769.6237892118318,1.980731,379067230.0
cdd_20p0,mask_100,pop_SSP1,2050,3,104163620.0,909.537294253474,1.980731,141275540.0
cdd_20p0,mask_100,pop_SSP1,2050,4,102333384.0,1290.1615580274868,1.980731,106730440.0
cdd_20p0,mask_100,pop_SSP1,2050,5,221647170.0,1742.5696722457387,1.980731,222007940.0
cdd_20p0,mask_100,pop_SSP1,2050,6,180119230.0,992.1792244638987,1.980731,245458220.0
cdd_20p0,mask_100,pop_SSP1,2050,7,276051260.0,1285.7834662170376,1.980731,276054530.0
cdd_20p0,mask_100,pop_SSP1,2050,8,974456000.0,2643.088171838658,1.980731,981780860.0
cdd_20p0,mask_100,pop_SSP1,2050,9,486096160.0,1414.7071065428372,1.980731,567637300.0
cdd_20p0,mask_100,pop_SSP1,2050,10,68534850.0,638.5220390067523,1.980731,69499650.0
cdd_20p0,mask_100,pop_SSP1,2050,11,270882530.0,190.97081339763355,1.980731,436203360.0
cdd_20p0,mask_100,pop_SSP1,2050,12,89733340.0,246.50921832445565,1.980731,107122160.0
cdd_20p0,mask_100,pop_SSP1,2050,13,95344856.0,536.4996990692359,1.980731,96936720.0
cdd_20p0,mask_100,pop_SSP1,2050,14,45615820.0,286.6932639007406,1.980731,46647932.0
cdd_20p0,mask_100,pop_SSP1,2050,15,91504400.0,786.8478967834013,1.980731,98202280.0
cdd_20p0,mask_100,pop_SSP1,2050,16,131778220.0,278.0611122826782,1.980731,155298020.0
cdd_20p0,mask_100,pop_SSP1,2050,17,360386700.0,1612.8766414883846,1.980731,365695940.0
cdd_20p0,mask_100,pop_SSP1,2050,18,1565874200.0,2477.780759090994,1.980731,1573453300.0
cdd_20p0,mask_100,pop_SSP1,2050,19,71361300.0,479.70831365162826,1.980731,73376910.0
cdd_20p0,mask_100,pop_SSP1,2050,20,1319634200.0,914.4296195434865,1.980731,1352791300.0
cdd_20p0,mask_100,pop_SSP1,2050,21,447662200.0,2421.8229586792013,1.980731,450295300.0
cdd_20p0,mask_100,pop_SSP1,2050,22,313100350.0,2167.0147224502784,1.980731,314288030.0
cdd_20p0,mask_100,pop_SSP1,2050,23,106026030.0,612.6370435421674,1.980731,107435820.0
cdd_20p0,mask_100,pop_SSP1,2050,24,33921030.0,437.12849031994523,1.980731,40958290.0
cdd_20p0,mask_100,pop_SSP1,2050,25,630627600.0,2096.7906124295187,1.980731,647567100.0
cdd_20p0,mask_100,pop_SSP1,2050,26,320432540.0,1367.721070441584,1.980731,322151000.0
cdd_20p0,mask_100,pop_SSP1,2060,1,32652626.0,206.3532397059748,2.268381,43724424.0
cdd_20p0,mask_100,pop_SSP1,2060,2,381560600.0,824.9726660488712,2.268381,386854980.0
cdd_20p0,mask_100,pop_SSP1,2060,3,105873064.0,975.1300712571988,2.268381,140542530.0
cdd_20p0,mask_100,pop_SSP1,2060,4,101781940.0,1364.925350251223,2.268381,105595120.0
cdd_20p0,mask_100,pop_SSP1,2060,5,214815650.0,1842.4962889962198,2.268381,215165280.0
cdd_20p0,mask_100,pop_SSP1,2060,6,184032750.0,1050.8600925718088,2.268381,243065360.0
cdd_20p0,mask_100,pop_SSP1,2060,7,285473000.0,1358.09814152026,2.268381,285476380.0
cdd_20p0,mask_100,pop_SSP1,2060,8,1086883700.0,2753.2239893639553,2.268381,1090710100.0
cdd_20p0,mask_100,pop_SSP1,2060,9,543533440.0,1503.687426537541,2.268381,614193150.0
cdd_20p0,mask_100,pop_SSP1,2060,10,68863630.0,701.5904173259995,2.268381,69521660.0
cdd_20p0,mask_100,pop_SSP1,2060,11,291899140.0,214.0444837832221,2.268381,437019330.0
cdd_20p0,mask_100,pop_SSP1,2060,12,92614740.0,282.89344516515985,2.268381,102368690.0
cdd_20p0,mask_100,pop_SSP1,2060,13,95604930.0,589.2363669206054,2.268381,96692240.0
cdd_20p0,mask_100,pop_SSP1,2060,14,43977028.0,329.8676658719088,2.268381,44486428.0
cdd_20p0,mask_100,pop_SSP1,2060,15,95766170.0,846.5749032833536,2.268381,100182490.0
cdd_20p0,mask_100,pop_SSP1,2060,16,139978510.0,314.6977066611024,2.268381,152653250.0
cdd_20p0,mask_100,pop_SSP1,2060,17,378872700.0,1697.6816723316003,2.268381,379247300.0
cdd_20p0,mask_100,pop_SSP1,2060,18,1537656300.0,2583.8072184182447,2.268381,1545084400.0
cdd_20p0,mask_100,pop_SSP1,2060,19,67008484.0,520.0737569796049,2.268381,68708940.0
cdd_20p0,mask_100,pop_SSP1,2060,20,1230748000.0,972.3566745928956,2.268381,1258049700.0
cdd_20p0,mask_100,pop_SSP1,2060,21,441418300.0,2513.3218540827934,2.268381,444014660.0
cdd_20p0,mask_100,pop_SSP1,2060,22,308284100.0,2242.996384058378,2.268381,309094800.0
cdd_20p0,mask_100,pop_SSP1,2060,23,100781336.0,653.0479294951731,2.268381,101781510.0
cdd_20p0,mask_100,pop_SSP1,2060,24,37271740.0,472.09424326986755,2.268381,42555550.0
cdd_20p0,mask_100,pop_SSP1,2060,25,654300900.0,2192.2541712634593,2.268381,671092740.0
cdd_20p0,mask_100,pop_SSP1,2060,26,352516930.0,1466.8790016615703,2.268381,354106900.0
cdd_20p0,mask_100,pop_SSP1,2070,1,36781828.0,237.24867886501153,2.554702,44364012.0
cdd_20p0,mask_100,pop_SSP1,2070,2,387715620.0,880.0919671170112,2.554702,392172800.0
cdd_20p0,mask_100,pop_SSP1,2070,3,111613600.0,1041.8385646201318,2.554702,137426370.0
cdd_20p0,mask_100,pop_SSP1,2070,4,100485990.0,1439.566358407229,2.554702,102546620.0
cdd_20p0,mask_100,pop_SSP1,2070,5,204026980.0,1942.280868255017,2.554702,204359040.0
cdd_20p0,mask_100,pop_SSP1,2070,6,179693570.0,1109.8874687176426,2.554702,236221260.0
cdd_20p0,mask_100,pop_SSP1,2070,7,287184900.0,1430.3672937084439,2.554702,287188320.0
cdd_20p0,mask_100,pop_SSP1,2070,8,1167616800.0,2863.090722228573,2.554702,1171714300.0
cdd_20p0,mask_100,pop_SSP1,2070,9,583034500.0,1592.3962638175833,2.554702,642925440.0
cdd_20p0,mask_100,pop_SSP1,2070,10,67112990.0,766.2043657950254,2.554702,67755464.0
cdd_20p0,mask_100,pop_SSP1,2070,11,304652260.0,237.7072902324372,2.554702,433117380.0
cdd_20p0,mask_100,pop_SSP1,2070,12,92127730.0,320.34562842005784,2.554702,96934740.0
cdd_20p0,mask_100,pop_SSP1,2070,13,94175190.0,642.7062282987207,2.554702,94466090.0
cdd_20p0,mask_100,pop_SSP1,2070,14,41904740.0,373.3754712745704,2.554702,42106644.0
cdd_20p0,mask_100,pop_SSP1,2070,15,95872850.0,906.1440882558346,2.554702,99628890.0
cdd_20p0,mask_100,pop_SSP1,2070,16,141224670.0,350.9327969074891,2.554702,148472910.0
cdd_20p0,mask_100,pop_SSP1,2070,17,381678240.0,1782.6028247460597,2.554702,382055680.0
cdd_20p0,mask_100,pop_SSP1,2070,18,1479842000.0,2689.3693694250614,2.554702,1484759600.0
cdd_20p0,mask_100,pop_SSP1,2070,19,61558092.0,559.8841176572781,2.554702,62868164.0
cdd_20p0,mask_100,pop_SSP1,2070,20,1128098700.0,1029.2492775391888,2.554702,1147859800.0
cdd_20p0,mask_100,pop_SSP1,2070,21,426390270.0,2603.77971557275,2.554702,428890880.0
cdd_20p0,mask_100,pop_SSP1,2070,22,296577760.0,2318.4091932573483,2.554702,297357660.0
cdd_20p0,mask_100,pop_SSP1,2070,23,94793020.0,693.4471968172094,2.554702,95463000.0
cdd_20p0,mask_100,pop_SSP1,2070,24,38713004.0,508.00512212471284,2.554702,43537636.0
cdd_20p0,mask_100,pop_SSP1,2070,25,663682400.0,2287.3440206993014,2.554702,677983000.0
cdd_20p0,mask_100,pop_SSP1,2070,26,373899500.0,1566.2127404308465,2.554702,375558880.0
cdd_20p0,mask_100,pop_SSP1,2080,1,39895536.0,270.5222910023888,2.845921,44620250.0
cdd_20p0,mask_100,pop_SSP1,2080,2,392433950.0,934.5474447472758,2.845921,395203330.0
cdd_20p0,mask_100,pop_SSP1,2080,3,112843880.0,1111.8741841476924,2.845921,132715140.0
cdd_20p0,mask_100,pop_SSP1,2080,4,96127520.0,1513.5974849433478,2.845921,98098780.0
cdd_20p0,mask_100,pop_SSP1,2080,5,190463550.0,2042.0993141209324,2.845921,190773550.0
cdd_20p0,mask_100,pop_SSP1,2080,6,174068130.0,1171.2463460173544,2.845921,226005010.0
cdd_20p0,mask_100,pop_SSP1,2080,7,283654700.0,1502.6188477691255,2.845921,283658080.0
cdd_20p0,mask_100,pop_SSP1,2080,8,1223970300.0,2971.4620969943344,2.845921,1224136200.0
cdd_20p0,mask_100,pop_SSP1,2080,9,606880700.0,1679.9597760704519,2.845921,654119700.0
cdd_20p0,mask_100,pop_SSP1,2080,10,63922350.0,839.3186468834564,2.845921,64471650.0
cdd_20p0,mask_100,pop_SSP1,2080,11,305332350.0,264.1770483819958,2.845921,426984860.0
cdd_20p0,mask_100,pop_SSP1,2080,12,88638670.0,361.8140393850219,2.845921,91174940.0
cdd_20p0,mask_100,pop_SSP1,2080,13,90709930.0,698.4587726705158,2.845921,90921100.0
cdd_20p0,mask_100,pop_SSP1,2080,14,39470020.0,416.6090853207529,2.845921,39598330.0
cdd_20p0,mask_100,pop_SSP1,2080,15,94237600.0,964.9196801957248,2.845921,97576300.0
cdd_20p0,mask_100,pop_SSP1,2080,16,138063820.0,384.34528749304735,2.845921,143305800.0
cdd_20p0,mask_100,pop_SSP1,2080,17,375913150.0,1868.7788409596644,2.845921,376284930.0
cdd_20p0,mask_100,pop_SSP1,2080,18,1392939000.0,2791.5114827836383,2.845921,1396979000.0
cdd_20p0,mask_100,pop_SSP1,2080,19,56465772.0,597.611967844304,2.845921,57179110.0
cdd_20p0,mask_100,pop_SSP1,2080,20,1023055170.0,1082.1052095837742,2.845921,1038973760.0
cdd_20p0,mask_100,pop_SSP1,2080,21,405191420.0,2690.5681496378943,2.845921,407564600.0
cdd_20p0,mask_100,pop_SSP1,2080,22,280793100.0,2391.94548537008,2.845921,281531460.0
cdd_20p0,mask_100,pop_SSP1,2080,23,87557570.0,733.738730678631,2.845921,87863890.0
cdd_20p0,mask_100,pop_SSP1,2080,24,39839320.0,547.4768217778349,2.845921,43898824.0
cdd_20p0,mask_100,pop_SSP1,2080,25,658355500.0,2380.3364985463486,2.845921,669882750.0
cdd_20p0,mask_100,pop_SSP1,2080,26,385102080.0,1667.0946769145496,2.845921,386785280.0
cdd_20p0,mask_100,pop_SSP1,2090,1,40176490.0,312.3743613517865,3.137292,43763460.0
cdd_20p0,mask_100,pop_SSP1,2090,2,390681100.0,989.8766079507546,3.137292,392706430.0
cdd_20p0,mask_100,pop_SSP1,2090,3,107667360.0,1169.6685829916375,3.137292,126606850.0
cdd_20p0,mask_100,pop_SSP1,2090,4,90552970.0,1577.900949206913,3.137292,92409900.0
cdd_20p0,mask_100,pop_SSP1,2090,5,175490240.0,2130.193708591128,3.137292,175775840.0
cdd_20p0,mask_100,pop_SSP1,2090,6,165399940.0,1225.047160761476,3.137292,212886300.0
cdd_20p0,mask_100,pop_SSP1,2090,7,276510560.0,1567.0405382888753,3.137292,276513900.0
cdd_20p0,mask_100,pop_SSP1,2090,8,1243817500.0,3059.645992602131,3.137292,1243985900.0
cdd_20p0,mask_100,pop_SSP1,2090,9,606201200.0,1757.5541688630983,3.137292,648780400.0
cdd_20p0,mask_100,pop_SSP1,2090,10,59965444.0,902.6977858979984,3.137292,60033336.0
cdd_20p0,mask_100,pop_SSP1,2090,11,304435600.0,292.8318959253183,3.137292,413250300.0
cdd_20p0,mask_100,pop_SSP1,2090,12,84915660.0,406.7583587104581,3.137292,85553730.0
cdd_20p0,mask_100,pop_SSP1,2090,13,86310190.0,743.0362403473521,3.137292,86465120.0
cdd_20p0,mask_100,pop_SSP1,2090,14,36998224.0,465.5917784886608,3.137292,37064172.0
cdd_20p0,mask_100,pop_SSP1,2090,15,91617784.0,1023.1617261542241,3.137292,94346904.0
cdd_20p0,mask_100,pop_SSP1,2090,16,133522104.0,423.18455062942513,3.137292,137513820.0
cdd_20p0,mask_100,pop_SSP1,2090,17,363947780.0,1945.399375687814,3.137292,364307700.0
cdd_20p0,mask_100,pop_SSP1,2090,18,1283489000.0,2890.5819052662623,3.137292,1287154300.0
cdd_20p0,mask_100,pop_SSP1,2090,19,51104824.0,637.1240831296168,3.137292,51643520.0
cdd_20p0,mask_100,pop_SSP1,2090,20,916312060.0,1143.0805649591825,3.137292,929867260.0
cdd_20p0,mask_100,pop_SSP1,2090,21,379109150.0,2773.8986798241076,3.137292,381329660.0
cdd_20p0,mask_100,pop_SSP1,2090,22,262458750.0,2457.2138812912262,3.137292,263148960.0
cdd_20p0,mask_100,pop_SSP1,2090,23,79775176.0,774.3047330779428,3.137292,80022490.0
cdd_20p0,mask_100,pop_SSP1,2090,24,39367664.0,582.3019284647021,3.137292,43116236.0
cdd_20p0,mask_100,pop_SSP1,2090,25,638610800.0,2472.4592360309302,3.137292,648921200.0
cdd_20p0,mask_100,pop_SSP1,2090,26,385515460.0,1748.9946657879611,3.137292,387177100.0
cdd_20p0,mask_100,pop_SSP1,2100,1,39839850.0,362.71369639950655,3.422318,41334500.0
cdd_20p0,mask_100,pop_SSP1,2100,2,380579400.0,1044.9288610012459,3.422318,382343550.0
cdd_20p0,mask_100,pop_SSP1,2100,3,101371520.0,1212.7254803588867,3.422318,118474700.0
cdd_20p0,mask_100,pop_SSP1,2100,4,85398560.0,1630.0823467367895,3.422318,85604180.0
cdd_20p0,mask_100,pop_SSP1,2100,5,159189730.0,2203.441477800088,3.422318,159448770.0
cdd_20p0,mask_100,pop_SSP1,2100,6,153705090.0,1269.3437382192462,3.422318,196914220.0
cdd_20p0,mask_100,pop_SSP1,2100,7,266229020.0,1621.4220737612052,3.422318,266232200.0
cdd_20p0,mask_100,pop_SSP1,2100,8,1230179800.0,3123.6849807920285,3.422318,1230346500.0
cdd_20p0,mask_100,pop_SSP1,2100,9,592379460.0,1822.4642329857043,3.422318,629134000.0
cdd_20p0,mask_100,pop_SSP1,2100,10,54984580.0,953.967300403677,3.422318,55014532.0
cdd_20p0,mask_100,pop_SSP1,2100,11,308009440.0,323.2464415557759,3.422318,389888200.0
cdd_20p0,mask_100,pop_SSP1,2100,12,79837850.0,454.51616032841326,3.422318,80128870.0
cdd_20p0,mask_100,pop_SSP1,2100,13,81369340.0,774.3426558175062,3.422318,81469210.0
cdd_20p0,mask_100,pop_SSP1,2100,14,34631550.0,519.7945637932654,3.422318,34660790.0
cdd_20p0,mask_100,pop_SSP1,2100,15,88151650.0,1079.516048950456,3.422318,90474380.0
cdd_20p0,mask_100,pop_SSP1,2100,16,128953576.0,467.1165816060593,3.422318,131682300.0
cdd_20p0,mask_100,pop_SSP1,2100,17,347037400.0,2009.8116893907713,3.422318,347380600.0
cdd_20p0,mask_100,pop_SSP1,2100,18,1161664900.0,2984.0642019792485,3.422318,1164688100.0
cdd_20p0,mask_100,pop_SSP1,2100,19,45410020.0,677.7129755210018,3.422318,45889290.0
cdd_20p0,mask_100,pop_SSP1,2100,20,821492350.0,1211.6115849178302,3.422318,831249700.0
cdd_20p0,mask_100,pop_SSP1,2100,21,349473440.0,2851.5686421160235,3.422318,351520450.0
cdd_20p0,mask_100,pop_SSP1,2100,22,241789950.0,2511.9420610375732,3.422318,242425780.0
cdd_20p0,mask_100,pop_SSP1,2100,23,71857190.0,814.265588909696,3.422318,71976080.0
cdd_20p0,mask_100,pop_SSP1,2100,24,37567800.0,611.2448693140179,3.422318,41043690.0
cdd_20p0,mask_100,pop_SSP1,2100,25,609906370.0,2561.567760299112,3.422318,618490500.0
cdd_20p0,mask_100,pop_SSP1,2100,26,376435970.0,1808.214351962569,3.422318,378042140.0
cdd_20p0,mask_100,pop_SSP2,2040,1,25422968.0,150.09632773937545,1.693643,41235690.0
cdd_20p0,mask_100,pop_SSP2,2040,2,351296220.0,720.51093600671,1.693643,367379520.0
cdd_20p0,mask_100,pop_SSP2,2040,3,102217360.0,857.0006690072265,1.693643,142523300.0
cdd_20p0,mask_100,pop_SSP2,2040,4,104078900.0,1224.6985216459514,1.693643,108550970.0
cdd_20p0,mask_100,pop_SSP2,2040,5,227439250.0,1653.0357836715334,1.693643,227847470.0
cdd_20p0,mask_100,pop_SSP2,2040,6,180138020.0,938.3293761660651,1.693643,248099980.0
cdd_20p0,mask_100,pop_SSP2,2040,7,267325980.0,1222.2293991260171,1.693643,267329170.0
cdd_20p0,mask_100,pop_SSP2,2040,8,904983400.0,2547.7628561503802,1.693643,912532350.0
cdd_20p0,mask_100,pop_SSP2,2040,9,441767550.0,1336.1375589268525,1.693643,536728770.0
cdd_20p0,mask_100,pop_SSP2,2040,10,66788170.0,577.8067631094559,1.693643,67723840.0
cdd_20p0,mask_100,pop_SSP2,2040,11,241789540.0,169.86574069102963,1.693643,429634530.0
cdd_20p0,mask_100,pop_SSP2,2040,12,86233810.0,216.50651043219924,1.693643,111103150.0
cdd_20p0,mask_100,pop_SSP2,2040,13,93773070.0,493.9565052987382,1.693643,95478960.0
cdd_20p0,mask_100,pop_SSP2,2040,14,45413884.0,254.3457434426478,1.693643,48097216.0
cdd_20p0,mask_100,pop_SSP2,2040,15,88635780.0,735.4581624412739,1.693643,95847944.0
cdd_20p0,mask_100,pop_SSP2,2040,16,127786910.0,249.5497572060803,1.693643,156275730.0
cdd_20p0,mask_100,pop_SSP2,2040,17,346948860.0,1536.856460616121,1.693643,352059260.0
cdd_20p0,mask_100,pop_SSP2,2040,18,1592036600.0,2388.883967816877,1.693643,1604890600.0
cdd_20p0,mask_100,pop_SSP2,2040,19,73655640.0,443.21356910598814,1.693643,76008750.0
cdd_20p0,mask_100,pop_SSP2,2040,20,1372312700.0,862.0969962270686,1.693643,1410251500.0
cdd_20p0,mask_100,pop_SSP2,2040,21,453994200.0,2338.6275094511057,1.693643,456747040.0
cdd_20p0,mask_100,pop_SSP2,2040,22,317511700.0,2098.042677387415,1.693643,318782430.0
cdd_20p0,mask_100,pop_SSP2,2040,23,110737380.0,577.3273527138537,1.693643,112398424.0
cdd_20p0,mask_100,pop_SSP2,2040,24,32335420.0,408.19768930264786,1.693643,39078732.0
cdd_20p0,mask_100,pop_SSP2,2040,25,612385600.0,2014.286938720712,1.693643,630920060.0
cdd_20p0,mask_100,pop_SSP2,2040,26,296057500.0,1277.936155326932,1.693643,297976000.0
cdd_20p0,mask_100,pop_SSP2,2050,1,28578708.0,176.0624560677852,1.980731,42558132.0
cdd_20p0,mask_100,pop_SSP2,2050,2,367762340.0,770.1885911582326,1.980731,380150100.0
cdd_20p0,mask_100,pop_SSP2,2050,3,108954104.0,909.763220177311,1.980731,147781920.0
cdd_20p0,mask_100,pop_SSP2,2050,4,107953384.0,1290.1220350170145,1.980731,112591950.0
cdd_20p0,mask_100,pop_SSP2,2050,5,227657460.0,1742.8851468147616,1.980731,228028000.0
cdd_20p0,mask_100,pop_SSP2,2050,6,187501870.0,992.5629908866559,1.980731,255523500.0
cdd_20p0,mask_100,pop_SSP2,2050,7,292863870.0,1286.320238869273,1.980731,292867360.0
cdd_20p0,mask_100,pop_SSP2,2050,8,1103614200.0,2643.3963666290883,1.980731,1111875200.0
cdd_20p0,mask_100,pop_SSP2,2050,9,538026500.0,1414.3578643608473,1.980731,628347100.0
cdd_20p0,mask_100,pop_SSP2,2050,10,68630990.0,639.1134847458948,1.980731,69606420.0
cdd_20p0,mask_100,pop_SSP2,2050,11,269299520.0,190.96719797206623,1.980731,433655460.0
cdd_20p0,mask_100,pop_SSP2,2050,12,88908670.0,246.50289723000932,1.980731,106137620.0
cdd_20p0,mask_100,pop_SSP2,2050,13,96231560.0,537.4186685955008,1.980731,97837060.0
cdd_20p0,mask_100,pop_SSP2,2050,14,45118170.0,286.6910342738353,1.980731,46139016.0
cdd_20p0,mask_100,pop_SSP2,2050,15,97007850.0,787.575187273943,1.980731,104102540.0
cdd_20p0,mask_100,pop_SSP2,2050,16,131186300.0,278.20069969684437,1.980731,154594640.0
cdd_20p0,mask_100,pop_SSP2,2050,17,378437950.0,1613.773605733625,1.980731,384014180.0
cdd_20p0,mask_100,pop_SSP2,2050,18,1636355600.0,2477.3972026607526,1.980731,1644272400.0
cdd_20p0,mask_100,pop_SSP2,2050,19,70356030.0,479.6845218188317,1.980731,72344100.0
cdd_20p0,mask_100,pop_SSP2,2050,20,1306500700.0,914.3733527553029,1.980731,1339330600.0
cdd_20p0,mask_100,pop_SSP2,2050,21,467005700.0,2421.64338014656,1.980731,469752540.0
cdd_20p0,mask_100,pop_SSP2,2050,22,325056740.0,2166.650408244402,1.980731,326289730.0
cdd_20p0,mask_100,pop_SSP2,2050,23,104342824.0,612.6231553967167,1.980731,105730216.0
cdd_20p0,mask_100,pop_SSP2,2050,24,34205504.0,437.19722341116596,1.980731,41301784.0
cdd_20p0,mask_100,pop_SSP2,2050,25,676478000.0,2096.5608055984753,1.980731,694634560.0
cdd_20p0,mask_100,pop_SSP2,2050,26,353488450.0,1367.5089214847458,1.980731,355352580.0
cdd_20p0,mask_100,pop_SSP2,2060,1,32615734.0,206.36300938969157,2.268381,43672144.0
cdd_20p0,mask_100,pop_SSP2,2060,2,385189950.0,825.5513818887162,2.268381,390528700.0
cdd_20p0,mask_100,pop_SSP2,2060,3,113300290.0,975.3846694938509,2.268381,150414260.0
cdd_20p0,mask_100,pop_SSP2,2060,4,110071940.0,1364.935328105829,2.268381,114195710.0
cdd_20p0,mask_100,pop_SSP2,2060,5,223385620.0,1842.818799795436,2.268381,223749180.0
cdd_20p0,mask_100,pop_SSP2,2060,6,195463940.0,1051.2502082839676,2.268381,258169620.0
cdd_20p0,mask_100,pop_SSP2,2060,7,311798400.0,1358.6520888005518,2.268381,311802100.0
cdd_20p0,mask_100,pop_SSP2,2060,8,1300968400.0,2753.5372559652424,2.268381,1305529200.0
cdd_20p0,mask_100,pop_SSP2,2060,9,628226700.0,1503.332564397076,2.268381,709911600.0
cdd_20p0,mask_100,pop_SSP2,2060,10,69105890.0,702.2180155097501,2.268381,69768220.0
cdd_20p0,mask_100,pop_SSP2,2060,11,290485630.0,214.04021847342733,2.268381,434905060.0
cdd_20p0,mask_100,pop_SSP2,2060,12,91711640.0,282.88612720350517,2.268381,101370700.0
cdd_20p0,mask_100,pop_SSP2,2060,13,96715410.0,590.1921350575527,2.268381,97814136.0
cdd_20p0,mask_100,pop_SSP2,2060,14,43490216.0,329.8651304531041,2.268381,43993936.0
cdd_20p0,mask_100,pop_SSP2,2060,15,104725810.0,847.3416422139504,2.268381,109548380.0
cdd_20p0,mask_100,pop_SSP2,2060,16,139669260.0,314.8448177038806,2.268381,152312130.0
cdd_20p0,mask_100,pop_SSP2,2060,17,406214660.0,1698.5908609568914,2.268381,406616400.0
cdd_20p0,mask_100,pop_SSP2,2060,18,1640886800.0,2583.4235430971294,2.268381,1648807700.0
cdd_20p0,mask_100,pop_SSP2,2060,19,65449450.0,520.0482142014221,2.268381,67111020.0
cdd_20p0,mask_100,pop_SSP2,2060,20,1208083000.0,972.300458513945,2.268381,1234886400.0
cdd_20p0,mask_100,pop_SSP2,2060,21,470249120.0,2513.1119612589177,2.268381,473015070.0
cdd_20p0,mask_100,pop_SSP2,2060,22,326448500.0,2242.6325434211976,2.268381,327306980.0
cdd_20p0,mask_100,pop_SSP2,2060,23,98519280.0,653.0333245852065,2.268381,99497010.0
cdd_20p0,mask_100,pop_SSP2,2060,24,37848904.0,472.16548867449814,2.268381,43214544.0
cdd_20p0,mask_100,pop_SSP2,2060,25,727553500.0,2192.0149958747984,2.268381,746201660.0
cdd_20p0,mask_100,pop_SSP2,2060,26,405563100.0,1466.6173536910096,2.268381,407346560.0
cdd_20p0,mask_100,pop_SSP2,2070,1,37007652.0,237.25921842651468,2.554702,44633880.0
cdd_20p0,mask_100,pop_SSP2,2070,2,395639170.0,880.6850193385499,2.554702,400180160.0
cdd_20p0,mask_100,pop_SSP2,2070,3,122579830.0,1042.1214624138327,2.554702,150940340.0
cdd_20p0,mask_100,pop_SSP2,2070,4,111751360.0,1439.6265112939943,2.554702,114043016.0
cdd_20p0,mask_100,pop_SSP2,2070,5,215537010.0,1942.6101743872991,2.554702,215887780.0
cdd_20p0,mask_100,pop_SSP2,2070,6,195331780.0,1110.2835755410424,2.554702,256786940.0
cdd_20p0,mask_100,pop_SSP2,2070,7,323478140.0,1430.938062331369,2.554702,323482020.0
cdd_20p0,mask_100,pop_SSP2,2070,8,1477105900.0,2863.408554180038,2.554702,1482260500.0
cdd_20p0,mask_100,pop_SSP2,2070,9,703414140.0,1592.035275763038,2.554702,775675140.0
cdd_20p0,mask_100,pop_SSP2,2070,10,67984640.0,766.8687575493415,2.554702,68638130.0
cdd_20p0,mask_100,pop_SSP2,2070,11,305246000.0,237.7023587557505,2.554702,433964700.0
cdd_20p0,mask_100,pop_SSP2,2070,12,91499910.0,320.3372817271769,2.554702,96273770.0
cdd_20p0,mask_100,pop_SSP2,2070,13,95646560.0,643.6989065976907,2.554702,95941550.0
cdd_20p0,mask_100,pop_SSP2,2070,14,41661104.0,373.37262183472194,2.554702,41861824.0
cdd_20p0,mask_100,pop_SSP2,2070,15,108345016.0,906.9502715081254,2.554702,112581130.0
cdd_20p0,mask_100,pop_SSP2,2070,16,141755650.0,351.08744226936733,2.554702,149028450.0
cdd_20p0,mask_100,pop_SSP2,2070,17,418327780.0,1783.5247060639015,2.554702,418741570.0
cdd_20p0,mask_100,pop_SSP2,2070,18,1617317400.0,2688.986326205181,2.554702,1622686700.0
cdd_20p0,mask_100,pop_SSP2,2070,19,59922080.0,559.8569171912503,2.554702,61197800.0
cdd_20p0,mask_100,pop_SSP2,2070,20,1102205700.0,1029.1931688020186,2.554702,1121519900.0
cdd_20p0,mask_100,pop_SSP2,2070,21,465712450.0,2603.5402709063824,2.554702,468443650.0
cdd_20p0,mask_100,pop_SSP2,2070,22,322414300.0,2318.045582613071,2.554702,323262140.0
cdd_20p0,mask_100,pop_SSP2,2070,23,92083380.0,693.4318793432553,2.554702,92734200.0
cdd_20p0,mask_100,pop_SSP2,2070,24,39714556.0,508.07884053695193,2.554702,44664010.0
cdd_20p0,mask_100,pop_SSP2,2070,25,766114800.0,2287.0916533836366,2.554702,782588300.0
cdd_20p0,mask_100,pop_SSP2,2070,26,448780100.0,1565.9000401643393,2.554702,450714980.0
cdd_20p0,mask_100,pop_SSP2,2080,1,40474190.0,270.5337475131597,2.845921,45265812.0
cdd_20p0,mask_100,pop_SSP2,2080,2,404546880.0,935.1566983093016,2.845921,407399500.0
cdd_20p0,mask_100,pop_SSP2,2080,3,127288390.0,1112.1831112162588,2.845921,149714400.0
cdd_20p0,mask_100,pop_SSP2,2080,4,110139220.0,1513.707601696417,2.845921,112397820.0
cdd_20p0,mask_100,pop_SSP2,2080,5,205007300.0,2042.4347741188785,2.845921,205340940.0
cdd_20p0,mask_100,pop_SSP2,2080,6,194067200.0,1171.6472410641197,2.845921,251980200.0
cdd_20p0,mask_100,pop_SSP2,2080,7,330352580.0,1503.2044928060357,2.845921,330356480.0
cdd_20p0,mask_100,pop_SSP2,2080,8,1632773900.0,2971.7824885879804,2.845921,1632995200.0
cdd_20p0,mask_100,pop_SSP2,2080,9,762470140.0,1679.5916043393595,2.845921,821835840.0
cdd_20p0,mask_100,pop_SSP2,2080,10,65932108.0,840.0236544923762,2.845921,66502090.0
cdd_20p0,mask_100,pop_SSP2,2080,11,309755900.0,264.1714101557795,2.845921,433175170.0
cdd_20p0,mask_100,pop_SSP2,2080,12,88794720.0,361.80455098092455,2.845921,91335220.0
cdd_20p0,mask_100,pop_SSP2,2080,13,92826770.0,699.4895301323444,2.845921,93042460.0
cdd_20p0,mask_100,pop_SSP2,2080,14,39751960.0,416.6058964327146,2.845921,39881184.0
cdd_20p0,mask_100,pop_SSP2,2080,15,110382104.0,965.7652064897043,2.845921,114282900.0
cdd_20p0,mask_100,pop_SSP2,2080,16,140258180.0,384.5072602260515,2.845921,145581340.0
cdd_20p0,mask_100,pop_SSP2,2080,17,422117280.0,1869.716129706277,2.845921,422534880.0
cdd_20p0,mask_100,pop_SSP2,2080,18,1564129000.0,2791.1314531656335,2.845921,1568660100.0
cdd_20p0,mask_100,pop_SSP2,2080,19,55058944.0,597.5835015909463,2.845921,55754692.0
cdd_20p0,mask_100,pop_SSP2,2080,20,999166000.0,1082.0493053506273,2.845921,1014721300.0
cdd_20p0,mask_100,pop_SSP2,2080,21,455225800.0,2690.3039206168005,2.845921,457892400.0
cdd_20p0,mask_100,pop_SSP2,2080,22,314518600.0,2391.581332443142,2.845921,315345660.0
cdd_20p0,mask_100,pop_SSP2,2080,23,85644264.0,733.7227506173341,2.845921,85943896.0
cdd_20p0,mask_100,pop_SSP2,2080,24,41412850.0,547.5529126382926,2.845921,45632690.0
cdd_20p0,mask_100,pop_SSP2,2080,25,788724860.0,2380.061152738867,2.845921,802491800.0
cdd_20p0,mask_100,pop_SSP2,2080,26,481165760.0,1666.7227049648523,2.845921,483205730.0
cdd_20p0,mask_100,pop_SSP2,2090,1,41555240.0,312.38691822172296,3.137292,45264700.0
cdd_20p0,mask_100,pop_SSP2,2090,2,407609730.0,990.4943111700161,3.137292,409720960.0
cdd_20p0,mask_100,pop_SSP2,2090,3,125254344.0,1169.9982648904374,3.137292,147301260.0
cdd_20p0,mask_100,pop_SSP2,2090,4,107346060.0,1578.0518124589335,3.137292,109547370.0
cdd_20p0,mask_100,pop_SSP2,2090,5,193335730.0,2130.534886192786,3.137292,193650340.0
cdd_20p0,mask_100,pop_SSP2,2090,6,189967360.0,1225.4495378699464,3.137292,244516750.0
cdd_20p0,mask_100,pop_SSP2,2090,7,333704320.0,1567.640787308857,3.137292,333708300.0
cdd_20p0,mask_100,pop_SSP2,2090,8,1748262500.0,3059.969824848012,3.137292,1748499300.0
cdd_20p0,mask_100,pop_SSP2,2090,9,794672100.0,1757.180696431005,3.137292,850514400.0
cdd_20p0,mask_100,pop_SSP2,2090,10,63720940.0,903.4336772014312,3.137292,63799784.0
cdd_20p0,mask_100,pop_SSP2,2090,11,317194800.0,292.82541194828815,3.137292,430576960.0
cdd_20p0,mask_100,pop_SSP2,2090,12,86532616.0,406.7477404769117,3.137292,87182820.0
cdd_20p0,mask_100,pop_SSP2,2090,13,89334350.0,744.0982930465161,3.137292,89494320.0
cdd_20p0,mask_100,pop_SSP2,2090,14,38021030.0,465.588385335617,3.137292,38088804.0
cdd_20p0,mask_100,pop_SSP2,2090,15,111555300.0,1024.0404059232499,3.137292,114867560.0
cdd_20p0,mask_100,pop_SSP2,2090,16,138106910.0,423.35136782512535,3.137292,142233840.0
cdd_20p0,mask_100,pop_SSP2,2090,17,420896600.0,1946.3522341510309,3.137292,421313020.0
cdd_20p0,mask_100,pop_SSP2,2090,18,1493786400.0,2890.2106986292165,3.137292,1498046700.0
cdd_20p0,mask_100,pop_SSP2,2090,19,50166144.0,637.0939814612176,3.137292,50695056.0
cdd_20p0,mask_100,pop_SSP2,2090,20,900582800.0,1143.0257523613393,3.137292,913915000.0
cdd_20p0,mask_100,pop_SSP2,2090,21,440235970.0,2773.6039402843753,3.137292,442814980.0
cdd_20p0,mask_100,pop_SSP2,2090,22,303268860.0,2456.851837791022,3.137292,304066370.0
cdd_20p0,mask_100,pop_SSP2,2090,23,79973460.0,774.2883042598576,3.137292,80221390.0
cdd_20p0,mask_100,pop_SSP2,2090,24,41974200.0,582.3798194713295,3.137292,45970976.0
cdd_20p0,mask_100,pop_SSP2,2090,25,796031550.0,2472.1576189697394,3.137292,808838660.0
cdd_20p0,mask_100,pop_SSP2,2090,26,500473500.0,1748.5798145434796,3.137292,502567100.0
cdd_20p0,mask_100,pop_SSP2,2100,1,43101856.0,362.72753049485215,3.422318,44719280.0
cdd_20p0,mask_100,pop_SSP2,2100,2,406616860.0,1045.5463105359913,3.422318,408499700.0
cdd_20p0,mask_100,pop_SSP2,2100,3,123359470.0,1213.0696597476851,3.422318,144189000.0
cdd_20p0,mask_100,pop_SSP2,2100,4,105786700.0,1630.2629214154401,3.422318,106041360.0
cdd_20p0,mask_100,pop_SSP2,2100,5,181933470.0,2203.7877660277686,3.422318,182229540.0
cdd_20p0,mask_100,pop_SSP2,2100,6,183915140.0,1269.7439327576799,3.422318,235626800.0
cdd_20p0,mask_100,pop_SSP2,2100,7,333028220.0,1622.0363011346485,3.422318,333032160.0
cdd_20p0,mask_100,pop_SSP2,2100,8,1822908300.0,3124.013144500682,3.422318,1823155500.0
cdd_20p0,mask_100,pop_SSP2,2100,9,813729400.0,1822.0876465920298,3.422318,864178800.0
cdd_20p0,mask_100,pop_SSP2,2100,10,60690270.0,954.7226953051945,3.422318,60728110.0
cdd_20p0,mask_100,pop_SSP2,2100,11,335772400.0,323.2389780500514,3.422318,425041180.0
cdd_20p0,mask_100,pop_SSP2,2100,12,83389870.0,454.5044505673996,3.422318,83693990.0
cdd_20p0,mask_100,pop_SSP2,2100,13,85532950.0,775.4278528191026,3.422318,85637630.0
cdd_20p0,mask_100,pop_SSP2,2100,14,36308144.0,519.7911194264626,3.422318,36338800.0
cdd_20p0,mask_100,pop_SSP2,2100,15,111566390.0,1080.4203425766882,3.422318,114497230.0
cdd_20p0,mask_100,pop_SSP2,2100,16,135602380.0,467.28540775166476,3.422318,138470290.0
cdd_20p0,mask_100,pop_SSP2,2100,17,415984320.0,2010.7799478552352,3.422318,416395870.0
cdd_20p0,mask_100,pop_SSP2,2100,18,1417961900.0,2983.7080021933466,3.422318,1421647000.0
cdd_20p0,mask_100,pop_SSP2,2100,19,45359624.0,677.6808689866687,3.422318,45837730.0
cdd_20p0,mask_100,pop_SSP2,2100,20,815636030.0,1211.558813988465,3.422318,825335200.0
cdd_20p0,mask_100,pop_SSP2,2100,21,422987600.0,2851.237784294294,3.422318,425465700.0
cdd_20p0,mask_100,pop_SSP2,2100,22,289645660.0,2511.5849924738977,3.422318,290407300.0
cdd_20p0,mask_100,pop_SSP2,2100,23,74739230.0,814.2489562370695,3.422318,74862880.0
cdd_20p0,mask_100,pop_SSP2,2100,24,41890540.0,611.3238916145456,3.422318,45766380.0
cdd_20p0,mask_100,pop_SSP2,2100,25,795439700.0,2561.2368423399166,3.422318,806595840.0
cdd_20p0,mask_100,pop_SSP2,2100,26,509404480.0,1807.7755852501577,3.422318,511516400.0
cdd_20p0,mask_100,pop_SSP3,2040,1,24962818.0,150.19991518670872,1.693643,40483924.0
cdd_20p0,mask_100,pop_SSP3,2040,2,349378500.0,721.4427100008553,1.693643,365363970.0
cdd_20p0,mask_100,pop_SSP3,2040,3,105528020.0,857.2977194847538,1.693643,147148340.0
cdd_20p0,mask_100,pop_SSP3,2040,4,108097256.0,1224.598410310212,1.693643,112742000.0
cdd_20p0,mask_100,pop_SSP3,2040,5,231458880.0,1653.4918637471817,1.693643,231874340.0
cdd_20p0,mask_100,pop_SSP3,2040,6,185071710.0,938.864123633977,1.693643,254898480.0
cdd_20p0,mask_100,pop_SSP3,2040,7,276615970.0,1222.8681350777301,1.693643,276619230.0
cdd_20p0,mask_100,pop_SSP3,2040,8,952549000.0,2547.773147519887,1.693643,960487400.0
cdd_20p0,mask_100,pop_SSP3,2040,9,463102980.0,1336.001847609473,1.693643,562667500.0
cdd_20p0,mask_100,pop_SSP3,2040,10,66677796.0,578.3199748501172,1.693643,67615390.0
cdd_20p0,mask_100,pop_SSP3,2040,11,239316480.0,169.86589456920797,1.693643,425228200.0
cdd_20p0,mask_100,pop_SSP3,2040,12,86987040.0,216.4943544971502,1.693643,112074770.0
cdd_20p0,mask_100,pop_SSP3,2040,13,95936700.0,494.7398283201742,1.693643,97681940.0
cdd_20p0,mask_100,pop_SSP3,2040,14,45221250.0,254.33223212676057,1.693643,47893124.0
cdd_20p0,mask_100,pop_SSP3,2040,15,92252664.0,736.2721403550698,1.693643,99756710.0
cdd_20p0,mask_100,pop_SSP3,2040,16,127294370.0,249.7579446831231,1.693643,155668030.0
cdd_20p0,mask_100,pop_SSP3,2040,17,355606660.0,1537.9346233700862,1.693643,360844930.0
cdd_20p0,mask_100,pop_SSP3,2040,18,1633684200.0,2388.391609916063,1.693643,1646870800.0
cdd_20p0,mask_100,pop_SSP3,2040,19,73890616.0,443.17509061519587,1.693643,76252620.0
cdd_20p0,mask_100,pop_SSP3,2040,20,1385642900.0,862.3745522626416,1.693643,1423951500.0
cdd_20p0,mask_100,pop_SSP3,2040,21,464831940.0,2338.337233559783,1.693643,467650600.0
cdd_20p0,mask_100,pop_SSP3,2040,22,324352740.0,2097.5900881845837,1.693643,325650850.0
cdd_20p0,mask_100,pop_SSP3,2040,23,110067140.0,577.3360218522326,1.693643,111718130.0
cdd_20p0,mask_100,pop_SSP3,2040,24,32179120.0,408.2457472644473,1.693643,38889836.0
cdd_20p0,mask_100,pop_SSP3,2040,25,639618050.0,2013.9974133019787,1.693643,658968450.0
cdd_20p0,mask_100,pop_SSP3,2040,26,307748500.0,1277.7520518526608,1.693643,309730000.0
cdd_20p0,mask_100,pop_SSP3,2050,1,27684048.0,176.17678963898217,1.980731,41216212.0
cdd_20p0,mask_100,pop_SSP3,2050,2,365367870.0,771.1417870549338,1.980731,377658750.0
cdd_20p0,mask_100,pop_SSP3,2050,3,115443110.0,910.0943926506353,1.980731,156598080.0
cdd_20p0,mask_100,pop_SSP3,2050,4,115502270.0,1290.0687844492102,1.980731,120465210.0
cdd_20p0,mask_100,pop_SSP3,2050,5,234946110.0,1743.35224189202,1.980731,235328510.0
cdd_20p0,mask_100,pop_SSP3,2050,6,196983170.0,993.107312661427,1.980731,268450700.0
cdd_20p0,mask_100,pop_SSP3,2050,7,312442560.0,1286.975727614487,1.980731,312446270.0
cdd_20p0,mask_100,pop_SSP3,2050,8,1213666400.0,2643.409339952054,1.980731,1222742300.0
cdd_20p0,mask_100,pop_SSP3,2050,9,588376200.0,1414.2237848052637,1.980731,687176300.0
cdd_20p0,mask_100,pop_SSP3,2050,10,69004984.0,639.6623261296478,1.980731,69993380.0
cdd_20p0,mask_100,pop_SSP3,2050,11,264780210.0,190.9676089923226,1.980731,426360400.0
cdd_20p0,mask_100,pop_SSP3,2050,12,90382370.0,246.48746167936486,1.980731,107896490.0
cdd_20p0,mask_100,pop_SSP3,2050,13,100282380.0,538.2323373483691,1.980731,101955340.0
cdd_20p0,mask_100,pop_SSP3,2050,14,44847104.0,286.67684462278146,1.980731,45861864.0
cdd_20p0,mask_100,pop_SSP3,2050,15,104514070.0,788.4293505836171,1.980731,112153120.0
cdd_20p0,mask_100,pop_SSP3,2050,16,130777810.0,278.41828969759774,1.980731,154105740.0
cdd_20p0,mask_100,pop_SSP3,2050,17,396728500.0,1614.8674266323326,1.980731,402574850.0
cdd_20p0,mask_100,pop_SSP3,2050,18,1716500700.0,2476.9010449492225,1.980731,1724801000.0
cdd_20p0,mask_100,pop_SSP3,2050,19,70535320.0,479.6442905616979,1.980731,72531310.0
cdd_20p0,mask_100,pop_SSP3,2050,20,1328084900.0,914.6558148724818,1.980731,1361459700.0
cdd_20p0,mask_100,pop_SSP3,2050,21,488392930.0,2421.324165622007,1.980731,491265600.0
cdd_20p0,mask_100,pop_SSP3,2050,22,338087800.0,2166.1994733449455,1.980731,339370240.0
cdd_20p0,mask_100,pop_SSP3,2050,23,103380600.0,612.6321626746816,1.980731,104755220.0
cdd_20p0,mask_100,pop_SSP3,2050,24,34005836.0,437.2470513305076,1.980731,41060684.0
cdd_20p0,mask_100,pop_SSP3,2050,25,732669800.0,2096.287600629662,1.980731,752317300.0
cdd_20p0,mask_100,pop_SSP3,2050,26,382363500.0,1367.27897452163,1.980731,384356320.0
cdd_20p0,mask_100,pop_SSP3,2060,1,31320652.0,206.48779846599592,2.268381,41926972.0
cdd_20p0,mask_100,pop_SSP3,2060,2,385045150.0,826.5285806933908,2.268381,390365020.0
cdd_20p0,mask_100,pop_SSP3,2060,3,124208340.0,975.7584038706322,2.268381,164916400.0
cdd_20p0,mask_100,pop_SSP3,2060,4,122078780.0,1364.9516576637263,2.268381,126652400.0
cdd_20p0,mask_100,pop_SSP3,2060,5,234901310.0,1843.296250728684,2.268381,235283580.0
cdd_20p0,mask_100,pop_SSP3,2060,6,211264900.0,1051.8036215206369,2.268381,279048260.0
cdd_20p0,mask_100,pop_SSP3,2060,7,345181400.0,1359.3285778600489,2.268381,345185540.0
cdd_20p0,mask_100,pop_SSP3,2060,8,1503796700.0,2753.55229180552,2.268381,1509065200.0
cdd_20p0,mask_100,pop_SSP3,2060,9,722114400.0,1503.194146682019,2.268381,816020200.0
cdd_20p0,mask_100,pop_SSP3,2060,10,70542590.0,702.8034418003372,2.268381,71220456.0
cdd_20p0,mask_100,pop_SSP3,2060,11,285011700.0,214.04103166627468,2.268381,426685060.0
cdd_20p0,mask_100,pop_SSP3,2060,12,94402850.0,282.8659111664912,2.268381,104345420.0
cdd_20p0,mask_100,pop_SSP3,2060,13,103177300.0,591.0390397098153,2.268381,104349270.0
cdd_20p0,mask_100,pop_SSP3,2060,14,43285708.0,329.8499668285393,2.268381,43786800.0
cdd_20p0,mask_100,pop_SSP3,2060,15,117464904.0,848.2423445919471,2.268381,122868824.0
cdd_20p0,mask_100,pop_SSP3,2060,16,139980020.0,315.0742763612749,2.268381,152645900.0
cdd_20p0,mask_100,pop_SSP3,2060,17,437791330.0,1699.6998110290788,2.268381,438224400.0
cdd_20p0,mask_100,pop_SSP3,2060,18,1773399400.0,2582.927195119217,2.268381,1781953500.0
cdd_20p0,mask_100,pop_SSP3,2060,19,65728920.0,520.0059419560395,2.268381,67400760.0
cdd_20p0,mask_100,pop_SSP3,2060,20,1240872700.0,972.5870105027242,2.268381,1268408000.0
cdd_20p0,mask_100,pop_SSP3,2060,21,505341000.0,2512.75324263426,2.268381,508313340.0
cdd_20p0,mask_100,pop_SSP3,2060,22,348124450.0,2242.1822103188683,2.268381,349039870.0
cdd_20p0,mask_100,pop_SSP3,2060,23,97352660.0,653.0427944497416,2.268381,98318810.0
cdd_20p0,mask_100,pop_SSP3,2060,24,37779800.0,472.2171486145887,2.268381,43135644.0
cdd_20p0,mask_100,pop_SSP3,2060,25,823931650.0,2191.730933829567,2.268381,845022850.0
cdd_20p0,mask_100,pop_SSP3,2060,26,459995140.0,1466.3401706750283,2.268381,461982820.0
cdd_20p0,mask_100,pop_SSP3,2070,1,35585156.0,237.39391890285933,2.554702,42907930.0
cdd_20p0,mask_100,pop_SSP3,2070,2,402633200.0,881.6868784982802,2.554702,407231700.0
cdd_20p0,mask_100,pop_SSP3,2070,3,140053760.0,1042.537230527783,2.554702,172477180.0
cdd_20p0,mask_100,pop_SSP3,2070,4,129252160.0,1439.7133662596975,2.554702,131902680.0
cdd_20p0,mask_100,pop_SSP3,2070,5,232478060.0,1943.0976227437588,2.554702,232856380.0
cdd_20p0,mask_100,pop_SSP3,2070,6,218588900.0,1110.845574602072,2.554702,287372580.0
cdd_20p0,mask_100,pop_SSP3,2070,7,373490080.0,1431.6351177957242,2.554702,373494530.0
cdd_20p0,mask_100,pop_SSP3,2070,8,1796944500.0,2863.4251392915235,2.554702,1803212200.0
cdd_20p0,mask_100,pop_SSP3,2070,9,851714560.0,1591.8917925692365,2.554702,939222000.0
cdd_20p0,mask_100,pop_SSP3,2070,10,71064350.0,767.4916146608819,2.554702,71749976.0
cdd_20p0,mask_100,pop_SSP3,2070,11,302696580.0,237.70358548864607,2.554702,430315070.0
cdd_20p0,mask_100,pop_SSP3,2070,12,96144360.0,320.31225216238744,2.554702,101163260.0
cdd_20p0,mask_100,pop_SSP3,2070,13,105410140.0,644.5786797965675,2.554702,105735150.0
cdd_20p0,mask_100,pop_SSP3,2070,14,41882080.0,373.3565601265071,2.554702,42083730.0
cdd_20p0,mask_100,pop_SSP3,2070,15,126809530.0,907.8975905474011,2.554702,131761620.0
cdd_20p0,mask_100,pop_SSP3,2070,16,144125220.0,351.32882073440896,2.554702,151516780.0
cdd_20p0,mask_100,pop_SSP3,2070,17,466586530.0,1784.649420270687,2.554702,467048130.0
cdd_20p0,mask_100,pop_SSP3,2070,18,1815632800.0,2688.4907203962994,2.554702,1821655300.0
cdd_20p0,mask_100,pop_SSP3,2070,19,60843216.0,559.8125175906977,2.554702,62143024.0
cdd_20p0,mask_100,pop_SSP3,2070,20,1157501200.0,1029.4836833062495,2.554702,1177790500.0
cdd_20p0,mask_100,pop_SSP3,2070,21,518094400.0,2603.1430853172533,2.554702,521132830.0
cdd_20p0,mask_100,pop_SSP3,2070,22,355221000.0,2317.5955504542208,2.554702,356155140.0
cdd_20p0,mask_100,pop_SSP3,2070,23,91456110.0,693.4418090254946,2.554702,92102504.0
cdd_20p0,mask_100,pop_SSP3,2070,24,40141620.0,508.13230467488665,2.554702,45144300.0
cdd_20p0,mask_100,pop_SSP3,2070,25,910427400.0,2286.792202269155,2.554702,929965500.0
cdd_20p0,mask_100,pop_SSP3,2070,26,534973920.0,1565.5742947460972,2.554702,537235700.0
cdd_20p0,mask_100,pop_SSP3,2080,1,39328772.0,270.67648963984374,2.845921,43977050.0
cdd_20p0,mask_100,pop_SSP3,2080,2,423003400.0,936.1861671959442,2.845921,425981920.0
cdd_20p0,mask_100,pop_SSP3,2080,3,152498460.0,1112.6376273466637,2.845921,179385540.0
cdd_20p0,mask_100,pop_SSP3,2080,4,133481870.0,1513.8646797508893,2.845921,136219100.0
cdd_20p0,mask_100,pop_SSP3,2080,5,228770740.0,2042.9312628448095,2.845921,229142990.0
cdd_20p0,mask_100,pop_SSP3,2080,6,226345730.0,1172.2161305044433,2.845921,293904060.0
cdd_20p0,mask_100,pop_SSP3,2080,7,400219800.0,1503.9197184760474,2.845921,400224580.0
cdd_20p0,mask_100,pop_SSP3,2080,8,2086649700.0,2971.7986724147677,2.845921,2086932400.0
cdd_20p0,mask_100,pop_SSP3,2080,9,971139400.0,1679.4415887777022,2.845921,1046764160.0
cdd_20p0,mask_100,pop_SSP3,2080,10,71133224.0,840.6886811878392,2.845921,71751544.0
cdd_20p0,mask_100,pop_SSP3,2080,11,314026900.0,264.17306997878757,2.845921,439119700.0
cdd_20p0,mask_100,pop_SSP3,2080,12,96581220.0,361.7748480831362,2.845921,99345624.0
cdd_20p0,mask_100,pop_SSP3,2080,13,106626960.0,700.4009421687958,2.845921,106874620.0
cdd_20p0,mask_100,pop_SSP3,2080,14,41036600.0,416.58931930897165,2.845921,41169890.0
cdd_20p0,mask_100,pop_SSP3,2080,15,135389650.0,966.7592685289345,2.845921,140167870.0
cdd_20p0,mask_100,pop_SSP3,2080,16,146933900.0,384.7604655020561,2.845921,152507900.0
cdd_20p0,mask_100,pop_SSP3,2080,17,491483940.0,1870.8600855323705,2.845921,491970240.0
cdd_20p0,mask_100,pop_SSP3,2080,18,1836654500.0,2790.6395008717245,2.845921,1841970200.0
cdd_20p0,mask_100,pop_SSP3,2080,19,57185732.0,597.5366133339569,2.845921,57913860.0
cdd_20p0,mask_100,pop_SSP3,2080,20,1082907800.0,1082.3436372233518,2.845921,1099774300.0
cdd_20p0,mask_100,pop_SSP3,2080,21,528879700.0,2689.8745249018575,2.845921,531978050.0
cdd_20p0,mask_100,pop_SSP3,2080,22,360548700.0,2391.1306476171535,2.845921,361496830.0
cdd_20p0,mask_100,pop_SSP3,2080,23,86856720.0,733.7331071650884,2.845921,87160590.0
cdd_20p0,mask_100,pop_SSP3,2080,24,42693428.0,547.608110432436,2.845921,47043750.0
cdd_20p0,mask_100,pop_SSP3,2080,25,985074000.0,2379.734690061604,2.845921,1002221500.0
cdd_20p0,mask_100,pop_SSP3,2080,26,602153900.0,1666.3413154058742,2.845921,604655900.0
cdd_20p0,mask_100,pop_SSP3,2090,1,41299840.0,312.5383114433879,3.137292,44979364.0
cdd_20p0,mask_100,pop_SSP3,2090,2,442554340.0,991.5384000301151,3.137292,444843650.0
cdd_20p0,mask_100,pop_SSP3,2090,3,158446140.0,1170.4836393750538,3.137292,186358780.0
cdd_20p0,mask_100,pop_SSP3,2090,4,137296660.0,1578.2661637233828,3.137292,140112080.0
cdd_20p0,mask_100,pop_SSP3,2090,5,225726660.0,2131.0397846333185,3.137292,226093950.0
cdd_20p0,mask_100,pop_SSP3,2090,6,232943180.0,1226.0206269913606,3.137292,299846850.0
cdd_20p0,mask_100,pop_SSP3,2090,7,426190430.0,1568.3738494566787,3.137292,426195500.0
cdd_20p0,mask_100,pop_SSP3,2090,8,2344611800.0,3059.987334526272,3.137292,2344929300.0
cdd_20p0,mask_100,pop_SSP3,2090,9,1068316000.0,1757.0244992448615,3.137292,1143401300.0
cdd_20p0,mask_100,pop_SSP3,2090,10,71497440.0,904.1305700401772,3.137292,71592950.0
cdd_20p0,mask_100,pop_SSP3,2090,11,332034600.0,292.8275349022283,3.137292,450691100.0
cdd_20p0,mask_100,pop_SSP3,2090,12,98566250.0,406.7162186519643,3.137292,99307016.0
cdd_20p0,mask_100,pop_SSP3,2090,13,107939650.0,745.0332726305348,3.137292,108132840.0
cdd_20p0,mask_100,pop_SSP3,2090,14,40902476.0,465.57117706835334,3.137292,40975320.0
cdd_20p0,mask_100,pop_SSP3,2090,15,143723580.0,1025.07354687908,3.137292,147985220.0
cdd_20p0,mask_100,pop_SSP3,2090,16,150844580.0,423.6121265870021,3.137292,155349680.0
cdd_20p0,mask_100,pop_SSP3,2090,17,516227040.0,1947.515253610071,3.137292,516737860.0
cdd_20p0,mask_100,pop_SSP3,2090,18,1856751400.0,2889.7298994101293,3.137292,1862041900.0
cdd_20p0,mask_100,pop_SSP3,2090,19,54019096.0,637.0454870228264,3.137292,54595016.0
cdd_20p0,mask_100,pop_SSP3,2090,20,1021538370.0,1143.319265063095,3.137292,1036669800.0
cdd_20p0,mask_100,pop_SSP3,2090,21,539450430.0,2773.1351198641564,3.137292,542610940.0
cdd_20p0,mask_100,pop_SSP3,2090,22,364967600.0,2456.4037908257383,3.137292,365927360.0
cdd_20p0,mask_100,pop_SSP3,2090,23,83318100.0,774.298946491,3.137292,83576390.0
cdd_20p0,mask_100,pop_SSP3,2090,24,44585400.0,582.4363354697485,3.137292,48830816.0
cdd_20p0,mask_100,pop_SSP3,2090,25,1050161660.0,2471.800391786441,3.137292,1067009540.0
cdd_20p0,mask_100,pop_SSP3,2090,26,657096770.0,1748.1580594988461,3.137292,659791700.0
cdd_20p0,mask_100,pop_SSP3,2100,1,44463910.0,362.888050882788,3.422318,46129350.0
cdd_20p0,mask_100,pop_SSP3,2100,2,463946500.0,1046.5904245961276,3.422318,466091900.0
cdd_20p0,mask_100,pop_SSP3,2100,3,165975890.0,1213.576536867556,3.422318,194026940.0
cdd_20p0,mask_100,pop_SSP3,2100,4,143938080.0,1630.519041642144,3.422318,144284480.0
cdd_20p0,mask_100,pop_SSP3,2100,5,224798770.0,2204.300193515852,3.422318,225164530.0
cdd_20p0,mask_100,pop_SSP3,2100,6,239382060.0,1270.3120201065276,3.422318,306703700.0
cdd_20p0,mask_100,pop_SSP3,2100,7,449402700.0,1622.7864345575238,3.422318,449408030.0
cdd_20p0,mask_100,pop_SSP3,2100,8,2563139800.0,3124.033847495619,3.422318,2563487200.0
cdd_20p0,mask_100,pop_SSP3,2100,9,1158325900.0,1821.9257911954955,3.422318,1230168000.0
cdd_20p0,mask_100,pop_SSP3,2100,10,71237790.0,955.4394247355671,3.422318,71287580.0
cdd_20p0,mask_100,pop_SSP3,2100,11,367062340.0,323.2415867812633,3.422318,464625340.0
cdd_20p0,mask_100,pop_SSP3,2100,12,99944490.0,454.4742857643513,3.422318,100308620.0
cdd_20p0,mask_100,pop_SSP3,2100,13,109818180.0,776.3770076755867,3.422318,109952550.0
cdd_20p0,mask_100,pop_SSP3,2100,14,41032456.0,519.7731670049886,3.422318,41067064.0
cdd_20p0,mask_100,pop_SSP3,2100,15,150849820.0,1081.4832707830453,3.422318,154809780.0
cdd_20p0,mask_100,pop_SSP3,2100,16,155250660.0,467.5488573368316,3.422318,158531020.0
cdd_20p0,mask_100,pop_SSP3,2100,17,540023230.0,2011.9614093857429,3.422318,540557630.0
cdd_20p0,mask_100,pop_SSP3,2100,18,1888362000.0,2983.246344348236,3.422318,1893265500.0
cdd_20p0,mask_100,pop_SSP3,2100,19,51362996.0,677.6317735801003,3.422318,51911252.0
cdd_20p0,mask_100,pop_SSP3,2100,20,979469760.0,1211.8464330233323,3.422318,991126700.0
cdd_20p0,mask_100,pop_SSP3,2100,21,551562700.0,2850.722495746955,3.422318,554794400.0
cdd_20p0,mask_100,pop_SSP3,2100,22,369201400.0,2511.1431387511034,3.422318,370172320.0
cdd_20p0,mask_100,pop_SSP3,2100,23,80696380.0,814.259722691427,3.422318,80829896.0
cdd_20p0,mask_100,pop_SSP3,2100,24,46461144.0,611.3812400212124,3.422318,50759870.0
cdd_20p0,mask_100,pop_SSP3,2100,25,1113903900.0,2560.8454159615712,3.422318,1129486200.0
cdd_20p0,mask_100,pop_SSP3,2100,26,703552100.0,1807.3311490330395,3.422318,706413600.0
cdd_20p0,mask_100,pop_SSP5,2040,1,26711528.0,149.99932996218874,1.693643,43332450.0
cdd_20p0,mask_100,pop_SSP5,2040,2,363479800.0,720.0663700483417,1.693643,380137380.0
cdd_20p0,mask_100,pop_SSP5,2040,3,98346810.0,857.0434308100689,1.693643,137109700.0
cdd_20p0,mask_100,pop_SSP5,2040,4,98794720.0,1224.8049620120212,1.693643,103039730.0
cdd_20p0,mask_100,pop_SSP5,2040,5,223734540.0,1652.716685460456,1.693643,224136160.0
cdd_20p0,mask_100,pop_SSP5,2040,6,174571420.0,937.8746166151848,1.693643,240428000.0
cdd_20p0,mask_100,pop_SSP5,2040,7,257343950.0,1221.6512638555087,1.693643,257347000.0
cdd_20p0,mask_100,pop_SSP5,2040,8,837548700.0,2547.5449938166284,1.693643,844544500.0
cdd_20p0,mask_100,pop_SSP5,2040,9,411262850.0,1336.4492485856038,1.693643,499649440.0
cdd_20p0,mask_100,pop_SSP5,2040,10,66655210.0,577.1686467988618,1.693643,67583850.0
cdd_20p0,mask_100,pop_SSP5,2040,11,250416220.0,169.84642529251468,1.693643,444985760.0
cdd_20p0,mask_100,pop_SSP5,2040,12,86139420.0,216.46970829854246,1.693643,110979220.0
cdd_20p0,mask_100,pop_SSP5,2040,13,92712190.0,493.2893435944102,1.693643,94398980.0
cdd_20p0,mask_100,pop_SSP5,2040,14,46301120.0,254.26825848046224,1.693643,49036920.0
cdd_20p0,mask_100,pop_SSP5,2040,15,84308690.0,734.5020256426483,1.693643,91172590.0
cdd_20p0,mask_100,pop_SSP5,2040,16,131048936.0,249.53119443797627,1.693643,160273680.0
cdd_20p0,mask_100,pop_SSP5,2040,17,340006660.0,1536.103649896121,1.693643,345014200.0
cdd_20p0,mask_100,pop_SSP5,2040,18,1549014500.0,2389.4723308778694,1.693643,1561527600.0
cdd_20p0,mask_100,pop_SSP5,2040,19,74021570.0,443.27096552868113,1.693643,76385490.0
cdd_20p0,mask_100,pop_SSP5,2040,20,1373529100.0,862.1173785334898,1.693643,1411498900.0
cdd_20p0,mask_100,pop_SSP5,2040,21,442665280.0,2338.8112884040856,1.693643,445349380.0
cdd_20p0,mask_100,pop_SSP5,2040,22,310661920.0,2098.411166544547,1.693643,311905200.0
cdd_20p0,mask_100,pop_SSP5,2040,23,112965760.0,577.3847974894898,1.693643,114660220.0
cdd_20p0,mask_100,pop_SSP5,2040,24,33370772.0,408.3083890994011,1.693643,40330000.0
cdd_20p0,mask_100,pop_SSP5,2040,25,577227900.0,2014.6843314175455,1.693643,594712060.0
cdd_20p0,mask_100,pop_SSP5,2040,26,277278200.0,1278.1230831969822,1.693643,279094100.0
cdd_20p0,mask_100,pop_SSP5,2050,1,31105232.0,175.95455775891938,1.980731,46331800.0
cdd_20p0,mask_100,pop_SSP5,2050,2,389435330.0,769.7297902064133,1.980731,402577570.0
cdd_20p0,mask_100,pop_SSP5,2050,3,102007920.0,909.7804084584513,1.980731,138332980.0
cdd_20p0,mask_100,pop_SSP5,2050,4,99019180.0,1290.1806348544483,1.980731,103273816.0
cdd_20p0,mask_100,pop_SSP5,2050,5,221525780.0,1742.558069312099,1.980731,221886370.0
cdd_20p0,mask_100,pop_SSP5,2050,6,177643900.0,992.1010151102838,1.980731,242080480.0
cdd_20p0,mask_100,pop_SSP5,2050,7,273580380.0,1285.7270969355916,1.980731,273583650.0
cdd_20p0,mask_100,pop_SSP5,2050,8,965283840.0,2643.173636603535,1.980731,972528600.0
cdd_20p0,mask_100,pop_SSP5,2050,9,477582080.0,1414.6697687033507,1.980731,557712000.0
cdd_20p0,mask_100,pop_SSP5,2050,10,68532570.0,638.4356302757942,1.980731,69496184.0
cdd_20p0,mask_100,pop_SSP5,2050,11,286460740.0,190.94507665265613,1.980731,461321340.0
cdd_20p0,mask_100,pop_SSP5,2050,12,89226030.0,246.4612295212407,1.980731,106517320.0
cdd_20p0,mask_100,pop_SSP5,2050,13,94627140.0,536.7249367163197,1.980731,96206350.0
cdd_20p0,mask_100,pop_SSP5,2050,14,46832104.0,286.60623661638397,1.980731,47891656.0
cdd_20p0,mask_100,pop_SSP5,2050,15,88636820.0,786.5709923319112,1.980731,95126180.0
cdd_20p0,mask_100,pop_SSP5,2050,16,137174180.0,278.18111524560396,1.980731,161663440.0
cdd_20p0,mask_100,pop_SSP5,2050,17,364753280.0,1613.0085577649347,1.980731,370126800.0
cdd_20p0,mask_100,pop_SSP5,2050,18,1561816300.0,2477.98992365569,1.980731,1569378600.0
cdd_20p0,mask_100,pop_SSP5,2050,19,71415880.0,479.7456206789228,1.980731,73432060.0
cdd_20p0,mask_100,pop_SSP5,2050,20,1314488600.0,914.3934816085816,1.980731,1347515400.0
cdd_20p0,mask_100,pop_SSP5,2050,21,446976000.0,2421.8497881970584,1.980731,449605060.0
cdd_20p0,mask_100,pop_SSP5,2050,22,312906300.0,2167.0175502460997,1.980731,314093250.0
cdd_20p0,mask_100,pop_SSP5,2050,23,108228750.0,612.6828833000473,1.980731,109667816.0
cdd_20p0,mask_100,pop_SSP5,2050,24,36022504.0,437.31199466774746,1.980731,43495732.0
cdd_20p0,mask_100,pop_SSP5,2050,25,609563800.0,2096.940414476808,1.980731,625951600.0
cdd_20p0,mask_100,pop_SSP5,2050,26,316376640.0,1367.7498327252672,1.980731,318077120.0
cdd_20p0,mask_100,pop_SSP5,2060,1,36549584.0,206.24477024456172,2.268381,48951268.0
cdd_20p0,mask_100,pop_SSP5,2060,2,415334270.0,825.0788074386262,2.268381,421112130.0
cdd_20p0,mask_100,pop_SSP5,2060,3,102853660.0,975.3678732275484,2.268381,136508750.0
cdd_20p0,mask_100,pop_SSP5,2060,4,97417770.0,1364.922862652734,2.268381,101067450.0
cdd_20p0,mask_100,pop_SSP5,2060,5,214693250.0,1842.4842757913104,2.268381,215042690.0
cdd_20p0,mask_100,pop_SSP5,2060,6,180564830.0,1050.781507634954,2.268381,238479630.0
cdd_20p0,mask_100,pop_SSP5,2060,7,281905630.0,1358.0400396436155,2.268381,281909000.0
cdd_20p0,mask_100,pop_SSP5,2060,8,1071859800.0,2753.30993299247,2.268381,1075628300.0
cdd_20p0,mask_100,pop_SSP5,2060,9,530302400.0,1503.6505342694477,2.268381,599240960.0
cdd_20p0,mask_100,pop_SSP5,2060,10,68876610.0,701.4992776341462,2.268381,69534510.0
cdd_20p0,mask_100,pop_SSP5,2060,11,316618850.0,214.01424657041662,2.268381,474071840.0
cdd_20p0,mask_100,pop_SSP5,2060,12,92476290.0,282.83875567034966,2.268381,102216340.0
cdd_20p0,mask_100,pop_SSP5,2060,13,94644210.0,589.4698930796727,2.268381,95719980.0
cdd_20p0,mask_100,pop_SSP5,2060,14,45983600.0,329.7703420286123,2.268381,46516504.0
cdd_20p0,mask_100,pop_SSP5,2060,15,91640350.0,846.2819255310716,2.268381,95867900.0
cdd_20p0,mask_100,pop_SSP5,2060,16,148715220.0,314.8259021784025,2.268381,162185360.0
cdd_20p0,mask_100,pop_SSP5,2060,17,384689150.0,1697.814899680375,2.268381,385069500.0
cdd_20p0,mask_100,pop_SSP5,2060,18,1532109000.0,2584.0163269842487,2.268381,1539514600.0
cdd_20p0,mask_100,pop_SSP5,2060,19,67261560.0,520.1134645348196,2.268381,68967150.0
cdd_20p0,mask_100,pop_SSP5,2060,20,1224242800.0,972.3198762654504,2.268381,1251398500.0
cdd_20p0,mask_100,pop_SSP5,2060,21,440721700.0,2513.3495167151827,2.268381,443314000.0
cdd_20p0,mask_100,pop_SSP5,2060,22,308051460.0,2242.99919785493,2.268381,308861500.0
cdd_20p0,mask_100,pop_SSP5,2060,23,104052980.0,653.0961497110959,2.268381,105085610.0
cdd_20p0,mask_100,pop_SSP5,2060,24,40473380.0,472.2844721740433,2.268381,46211076.0
cdd_20p0,mask_100,pop_SSP5,2060,25,623494500.0,2192.411947002293,2.268381,639516160.0
cdd_20p0,mask_100,pop_SSP5,2060,26,346154940.0,1466.9135705799654,2.268381,347721730.0
cdd_20p0,mask_100,pop_SSP5,2070,1,42242664.0,237.1315484311441,2.554702,50957204.0
cdd_20p0,mask_100,pop_SSP5,2070,2,430766980.0,880.1987462599391,2.554702,435736060.0
cdd_20p0,mask_100,pop_SSP5,2070,3,107708290.0,1042.0712632554594,2.554702,132594584.0
cdd_20p0,mask_100,pop_SSP5,2070,4,95372776.0,1439.5420093901487,2.554702,97328590.0
cdd_20p0,mask_100,pop_SSP5,2070,5,203934940.0,1942.2684364366373,2.554702,204266880.0
cdd_20p0,mask_100,pop_SSP5,2070,6,175572420.0,1109.8086036012548,2.554702,230797540.0
cdd_20p0,mask_100,pop_SSP5,2070,7,282726800.0,1430.3074976191458,2.554702,282730140.0
cdd_20p0,mask_100,pop_SSP5,2070,8,1146987000.0,2863.177243519746,2.554702,1151005600.0
cdd_20p0,mask_100,pop_SSP5,2070,9,565377150.0,1592.3600036972032,2.554702,623450400.0
cdd_20p0,mask_100,pop_SSP5,2070,10,67184530.0,766.108446937503,2.554702,67827340.0
cdd_20p0,mask_100,pop_SSP5,2070,11,338099500.0,237.67244650912778,2.554702,480712100.0
cdd_20p0,mask_100,pop_SSP5,2070,12,92583480.0,320.2840037714026,2.554702,97409496.0
cdd_20p0,mask_100,pop_SSP5,2070,13,93059650.0,642.9480877285102,2.554702,93346936.0
cdd_20p0,mask_100,pop_SSP5,2070,14,44664824.0,373.26782488594273,2.554702,44880170.0
cdd_20p0,mask_100,pop_SSP5,2070,15,90879680.0,905.8349823513845,2.554702,94441750.0
cdd_20p0,mask_100,pop_SSP5,2070,16,152954860.0,351.06915155188716,2.554702,160806910.0
cdd_20p0,mask_100,pop_SSP5,2070,17,388632000.0,1782.7373896236363,2.554702,389016320.0
cdd_20p0,mask_100,pop_SSP5,2070,18,1473235000.0,2689.57771313322,2.554702,1478133200.0
cdd_20p0,mask_100,pop_SSP5,2070,19,62050184.0,559.9261618182122,2.554702,63368810.0
cdd_20p0,mask_100,pop_SSP5,2070,20,1120863500.0,1029.2118465587166,2.554702,1140496000.0
cdd_20p0,mask_100,pop_SSP5,2070,21,425912500.0,2603.808192354664,2.554702,428410430.0
cdd_20p0,mask_100,pop_SSP5,2070,22,296336640.0,2318.411995273771,2.554702,297115900.0
cdd_20p0,mask_100,pop_SSP5,2070,23,99011020.0,693.4977839178666,2.554702,99710800.0
cdd_20p0,mask_100,pop_SSP5,2070,24,42815788.0,508.20197172127183,2.554702,48151736.0
cdd_20p0,mask_100,pop_SSP5,2070,25,624644400.0,2287.5117066940534,2.554702,638131300.0
cdd_20p0,mask_100,pop_SSP5,2070,26,365437120.0,1566.2532781162415,2.554702,367066000.0
cdd_20p0,mask_100,pop_SSP5,2080,1,46725064.0,270.40001972492047,2.845921,52262844.0
cdd_20p0,mask_100,pop_SSP5,2080,2,442883000.0,934.6563900291939,2.845921,446012320.0
cdd_20p0,mask_100,pop_SSP5,2080,3,108377790.0,1112.1033398182835,2.845921,127441710.0
cdd_20p0,mask_100,pop_SSP5,2080,4,90725370.0,1513.5513537740346,2.845921,92585890.0
cdd_20p0,mask_100,pop_SSP5,2080,5,190425780.0,2042.086383389154,2.845921,190735710.0
cdd_20p0,mask_100,pop_SSP5,2080,6,169595040.0,1171.1675545795247,2.845921,220191060.0
cdd_20p0,mask_100,pop_SSP5,2080,7,278586560.0,1502.557597816018,2.845921,278589900.0
cdd_20p0,mask_100,pop_SSP5,2080,8,1198804600.0,2971.549549772764,2.845921,1198967000.0
cdd_20p0,mask_100,pop_SSP5,2080,9,585733950.0,1679.9245084938702,2.845921,631325600.0
cdd_20p0,mask_100,pop_SSP5,2080,10,64090652.0,839.217606340707,2.845921,64640944.0
cdd_20p0,mask_100,pop_SSP5,2080,11,345334600.0,264.13734681015757,2.845921,482969020.0
cdd_20p0,mask_100,pop_SSP5,2080,12,89723360.0,361.74453461698914,2.845921,92288720.0
cdd_20p0,mask_100,pop_SSP5,2080,13,89558030.0,698.7093716383249,2.845921,89766420.0
cdd_20p0,mask_100,pop_SSP5,2080,14,42822816.0,416.4914643204927,2.845921,42962130.0
cdd_20p0,mask_100,pop_SSP5,2080,15,88777870.0,964.594339123663,2.845921,91924680.0
cdd_20p0,mask_100,pop_SSP5,2080,16,151972820.0,384.4889073728756,2.845921,157745150.0
cdd_20p0,mask_100,pop_SSP5,2080,17,383775200.0,1868.9147289470816,2.845921,384154720.0
cdd_20p0,mask_100,pop_SSP5,2080,18,1385863800.0,2791.7164579838545,2.845921,1389885600.0
cdd_20p0,mask_100,pop_SSP5,2080,19,57204410.0,597.6560785580998,2.845921,57924530.0
cdd_20p0,mask_100,pop_SSP5,2080,20,1015674900.0,1082.0672325731814,2.845921,1031476350.0
cdd_20p0,mask_100,pop_SSP5,2080,21,405153200.0,2690.597373923209,2.845921,407526200.0
cdd_20p0,mask_100,pop_SSP5,2080,22,280563550.0,2391.9482826697217,2.845921,281301340.0
cdd_20p0,mask_100,pop_SSP5,2080,23,92515330.0,733.7915232187153,2.845921,92839010.0
cdd_20p0,mask_100,pop_SSP5,2080,24,44727696.0,547.6800273687965,2.845921,49285304.0
cdd_20p0,mask_100,pop_SSP5,2080,25,613855100.0,2380.5190327502114,2.845921,624636300.0
cdd_20p0,mask_100,pop_SSP5,2080,26,375062720.0,1667.142053078094,2.845921,376710100.0
cdd_20p0,mask_100,pop_SSP5,2090,1,47822692.0,312.2472934882779,3.137292,52095904.0
cdd_20p0,mask_100,pop_SSP5,2090,2,446019600.0,989.981193972975,3.137292,448334460.0
cdd_20p0,mask_100,pop_SSP5,2090,3,103120280.0,1169.895391582969,3.137292,121236936.0
cdd_20p0,mask_100,pop_SSP5,2090,4,85220240.0,1577.8370552762708,3.137292,86967870.0
cdd_20p0,mask_100,pop_SSP5,2090,5,175516770.0,2130.1804697374055,3.137292,175802430.0
cdd_20p0,mask_100,pop_SSP5,2090,6,160922160.0,1224.9690404781823,3.137292,207117020.0
cdd_20p0,mask_100,pop_SSP5,2090,7,271135070.0,1566.977932178976,3.137292,271138300.0
cdd_20p0,mask_100,pop_SSP5,2090,8,1216001300.0,3059.73380475231,3.137292,1216166100.0
cdd_20p0,mask_100,pop_SSP5,2090,9,583257900.0,1757.520305025155,3.137292,624225340.0
cdd_20p0,mask_100,pop_SSP5,2090,10,60251120.0,902.5928153578826,3.137292,60318396.0
cdd_20p0,mask_100,pop_SSP5,2090,11,349724540.0,292.7864913541419,3.137292,474767650.0
cdd_20p0,mask_100,pop_SSP5,2090,12,86507120.0,406.6810295145476,3.137292,87156970.0
cdd_20p0,mask_100,pop_SSP5,2090,13,85230720.0,743.2945062826769,3.137292,85383620.0
cdd_20p0,mask_100,pop_SSP5,2090,14,40715990.0,465.46680018783053,3.137292,40788630.0
cdd_20p0,mask_100,pop_SSP5,2090,15,86041600.0,1022.8224257912956,3.137292,88606020.0
cdd_20p0,mask_100,pop_SSP5,2090,16,148723180.0,423.33342549193156,3.137292,153171410.0
cdd_20p0,mask_100,pop_SSP5,2090,17,372351550.0,1945.536825610636,3.137292,372719740.0
cdd_20p0,mask_100,pop_SSP5,2090,18,1276497000.0,2890.7802458472365,3.137292,1280144800.0
cdd_20p0,mask_100,pop_SSP5,2090,19,52057284.0,637.1703228881856,3.137292,52603030.0
cdd_20p0,mask_100,pop_SSP5,2090,20,909291460.0,1143.0424447724156,3.137292,922740200.0
cdd_20p0,mask_100,pop_SSP5,2090,21,379655700.0,2773.928644711647,3.137292,381879500.0
cdd_20p0,mask_100,pop_SSP5,2090,22,262249380.0,2457.216652735432,3.137292,262939000.0
cdd_20p0,mask_100,pop_SSP5,2090,23,85148530.0,774.3590415015285,3.137292,85412500.0
cdd_20p0,mask_100,pop_SSP5,2090,24,44800884.0,582.5099612101297,3.137292,49066810.0
cdd_20p0,mask_100,pop_SSP5,2090,25,591859100.0,2472.659316549031,3.137292,601448960.0
cdd_20p0,mask_100,pop_SSP5,2090,26,374632060.0,1749.046987849253,3.137292,376255400.0
cdd_20p0,mask_100,pop_SSP5,2100,1,48068736.0,362.58231728527676,3.422318,49873596.0
cdd_20p0,mask_100,pop_SSP5,2100,2,437849200.0,1045.0220176518294,3.422318,439881250.0
cdd_20p0,mask_100,pop_SSP5,2100,3,97076430.0,1212.951307894765,3.422318,113432290.0
cdd_20p0,mask_100,pop_SSP5,2100,4,80372584.0,1630.0055019553638,3.422318,80566170.0
cdd_20p0,mask_100,pop_SSP5,2100,5,159278430.0,2203.4281472772664,3.422318,159537630.0
cdd_20p0,mask_100,pop_SSP5,2100,6,149573870.0,1269.2669303619496,3.422318,191616370.0
cdd_20p0,mask_100,pop_SSP5,2100,7,260874130.0,1621.3582491257566,3.422318,260877220.0
cdd_20p0,mask_100,pop_SSP5,2100,8,1201820800.0,3123.7725158669814,3.422318,1201983700.0
cdd_20p0,mask_100,pop_SSP5,2100,9,569136900.0,1822.4321931727156,3.422318,604439230.0
cdd_20p0,mask_100,pop_SSP5,2100,10,55376424.0,953.8597966565357,3.422318,55405904.0
cdd_20p0,mask_100,pop_SSP5,2100,11,357849540.0,323.1945331247716,3.422318,453007740.0
cdd_20p0,mask_100,pop_SSP5,2100,12,81634750.0,454.43124274753507,3.422318,81932770.0
cdd_20p0,mask_100,pop_SSP5,2100,13,80447880.0,774.6072392503341,3.422318,80546520.0
cdd_20p0,mask_100,pop_SSP5,2100,14,38400604.0,519.6652674936863,3.422318,38433052.0
cdd_20p0,mask_100,pop_SSP5,2100,15,82785640.0,1079.1656011152086,3.422318,84967690.0
cdd_20p0,mask_100,pop_SSP5,2100,16,144433170.0,467.26838593153474,3.422318,147491890.0
cdd_20p0,mask_100,pop_SSP5,2100,17,355404260.0,2009.9509286682207,3.422318,355755700.0
cdd_20p0,mask_100,pop_SSP5,2100,18,1155165300.0,2984.252468703497,3.422318,1158173400.0
cdd_20p0,mask_100,pop_SSP5,2100,19,46518004.0,677.7613653830433,3.422318,47005696.0
cdd_20p0,mask_100,pop_SSP5,2100,20,815069900.0,1211.5737672520772,3.422318,824748540.0
cdd_20p0,mask_100,pop_SSP5,2100,21,350616300.0,2851.5993234734938,3.422318,352670080.0
cdd_20p0,mask_100,pop_SSP5,2100,22,241608450.0,2511.9447839853624,3.422318,242243790.0
cdd_20p0,mask_100,pop_SSP5,2100,23,77253070.0,814.3206219252139,3.422318,77380890.0
cdd_20p0,mask_100,pop_SSP5,2100,24,43269790.0,611.4559420427345,3.422318,47273250.0
cdd_20p0,mask_100,pop_SSP5,2100,25,563981800.0,2561.7879585979204,3.422318,571949250.0
cdd_20p0,mask_100,pop_SSP5,2100,26,365551170.0,1808.2694305617972,3.422318,367119550.0
cdd_20p0,mask_200,pop_SSP1,2040,1,13528750.0,150.08800876103479,1.693643,41337404.0
cdd_20p0,mask_200,pop_SSP1,2040,2,331837950.0,719.9584751304134,1.693643,367037060.0
cdd_20p0,mask_200,pop_SSP1,2040,3,96078240.0,856.7977831665194,1.693643,138872290.0
cdd_20p0,mask_200,pop_SSP1,2040,4,96274010.0,1224.771371696333,1.693643,105208740.0
cdd_20p0,mask_200,pop_SSP1,2040,5,223804660.0,1652.72778472589,1.693643,224225860.0
cdd_20p0,mask_200,pop_SSP1,2040,6,163555100.0,937.9523060239156,1.693643,242465470.0
cdd_20p0,mask_200,pop_SSP1,2040,7,258728100.0,1221.7063530710245,1.693643,258731170.0
cdd_20p0,mask_200,pop_SSP1,2040,8,840887940.0,2547.4597116400496,1.693643,848988800.0
cdd_20p0,mask_200,pop_SSP1,2040,9,393431200.0,1336.4855303736447,1.693643,504946800.0
cdd_20p0,mask_200,pop_SSP1,2040,10,62894236.0,577.2504666697861,1.693643,67584720.0
cdd_20p0,mask_200,pop_SSP1,2040,11,152867170.0,169.86888218303457,1.693643,431206400.0
cdd_20p0,mask_200,pop_SSP1,2040,12,45650710.0,216.5120366209674,1.693643,111707960.0
cdd_20p0,mask_200,pop_SSP1,2040,13,86896790.0,493.07207355144874,1.693643,94843990.0
cdd_20p0,mask_200,pop_SSP1,2040,14,31825844.0,254.34773749449042,1.693643,48440990.0
cdd_20p0,mask_200,pop_SSP1,2040,15,80208220.0,734.7652389704266,1.693643,92945240.0
cdd_20p0,mask_200,pop_SSP1,2040,16,67174070.0,249.4159549381653,1.693643,156855440.0
cdd_20p0,mask_200,pop_SSP1,2040,17,333928400.0,1535.9724671039519,1.693643,342136600.0
cdd_20p0,mask_200,pop_SSP1,2040,18,1547929500.0,2389.264612937642,1.693643,1563959600.0
cdd_20p0,mask_200,pop_SSP1,2040,19,73366940.0,443.23578681136394,1.693643,76428100.0
cdd_20p0,mask_200,pop_SSP1,2040,20,1329959300.0,862.1528285762126,1.693643,1414905100.0
cdd_20p0,mask_200,pop_SSP1,2040,21,443110660.0,2338.7852401906744,1.693643,445849020.0
cdd_20p0,mask_200,pop_SSP1,2040,22,310417400.0,2098.408318247191,1.693643,312030500.0
cdd_20p0,mask_200,pop_SSP1,2040,23,105247870.0,577.3407146720455,1.693643,113431120.0
cdd_20p0,mask_200,pop_SSP1,2040,24,29291890.0,408.1313871597596,1.693643,38909136.0
cdd_20p0,mask_200,pop_SSP1,2040,25,580887400.0,2014.5303909578708,1.693643,606828100.0
cdd_20p0,mask_200,pop_SSP1,2040,26,275865950.0,1278.0999664659623,1.693643,281171600.0
cdd_20p0,mask_200,pop_SSP1,2050,1,21443526.0,176.05342656911998,1.980731,42730160.0
cdd_20p0,mask_200,pop_SSP1,2050,2,348321660.0,769.6237892118318,1.980731,379067230.0
cdd_20p0,mask_200,pop_SSP1,2050,3,99243464.0,909.537294253474,1.980731,141275540.0
cdd_20p0,mask_200,pop_SSP1,2050,4,97869016.0,1290.1615580274868,1.980731,106730440.0
cdd_20p0,mask_200,pop_SSP1,2050,5,221610180.0,1742.5696722457387,1.980731,222007940.0
cdd_20p0,mask_200,pop_SSP1,2050,6,167978300.0,992.1792244638987,1.980731,245458220.0
cdd_20p0,mask_200,pop_SSP1,2050,7,276051260.0,1285.7834662170376,1.980731,276054530.0
cdd_20p0,mask_200,pop_SSP1,2050,8,972466750.0,2643.088171838658,1.980731,981780860.0
cdd_20p0,mask_200,pop_SSP1,2050,9,461934270.0,1414.7071065428372,1.980731,567637300.0
cdd_20p0,mask_200,pop_SSP1,2050,10,66213510.0,638.5220390067523,1.980731,69499650.0
cdd_20p0,mask_200,pop_SSP1,2050,11,165860480.0,190.97081339763355,1.980731,436203360.0
cdd_20p0,mask_200,pop_SSP1,2050,12,46645036.0,246.50921832445565,1.980731,107122160.0
cdd_20p0,mask_200,pop_SSP1,2050,13,90094370.0,536.4996990692359,1.980731,96936720.0
cdd_20p0,mask_200,pop_SSP1,2050,14,32791654.0,286.6932639007406,1.980731,46647932.0
cdd_20p0,mask_200,pop_SSP1,2050,15,88242696.0,786.8478967834013,1.980731,98202280.0
cdd_20p0,mask_200,pop_SSP1,2050,16,75543704.0,278.0611122826782,1.980731,155298020.0
cdd_20p0,mask_200,pop_SSP1,2050,17,359387330.0,1612.8766414883846,1.980731,365695940.0
cdd_20p0,mask_200,pop_SSP1,2050,18,1557322900.0,2477.780759090994,1.980731,1573453300.0
cdd_20p0,mask_200,pop_SSP1,2050,19,70593790.0,479.70831365162826,1.980731,73376910.0
cdd_20p0,mask_200,pop_SSP1,2050,20,1281072300.0,914.4296195434865,1.980731,1352791300.0
cdd_20p0,mask_200,pop_SSP1,2050,21,447547260.0,2421.8229586792013,1.980731,450295300.0
cdd_20p0,mask_200,pop_SSP1,2050,22,312663260.0,2167.0147224502784,1.980731,314288030.0
cdd_20p0,mask_200,pop_SSP1,2050,23,101391880.0,612.6370435421674,1.980731,107435820.0
cdd_20p0,mask_200,pop_SSP1,2050,24,31959360.0,437.12849031994523,1.980731,40958290.0
cdd_20p0,mask_200,pop_SSP1,2050,25,622766500.0,2096.7906124295187,1.980731,647567100.0
cdd_20p0,mask_200,pop_SSP1,2050,26,317304640.0,1367.721070441584,1.980731,322151000.0
cdd_20p0,mask_200,pop_SSP1,2060,1,24182464.0,206.3532397059748,2.268381,43724424.0
cdd_20p0,mask_200,pop_SSP1,2060,2,361311300.0,824.9726660488712,2.268381,386854980.0
cdd_20p0,mask_200,pop_SSP1,2060,3,99903380.0,975.1300712571988,2.268381,140542530.0
cdd_20p0,mask_200,pop_SSP1,2060,4,101244850.0,1364.925350251223,2.268381,105595120.0
cdd_20p0,mask_200,pop_SSP1,2060,5,214779780.0,1842.4962889962198,2.268381,215165280.0
cdd_20p0,mask_200,pop_SSP1,2060,6,169064180.0,1050.8600925718088,2.268381,243065360.0
cdd_20p0,mask_200,pop_SSP1,2060,7,285473000.0,1358.09814152026,2.268381,285476380.0
cdd_20p0,mask_200,pop_SSP1,2060,8,1081778000.0,2753.2239893639553,2.268381,1090710100.0
cdd_20p0,mask_200,pop_SSP1,2060,9,502158700.0,1503.687426537541,2.268381,614193150.0
cdd_20p0,mask_200,pop_SSP1,2060,10,66749244.0,701.5904173259995,2.268381,69521660.0
cdd_20p0,mask_200,pop_SSP1,2060,11,187427070.0,214.0444837832221,2.268381,437019330.0
cdd_20p0,mask_200,pop_SSP1,2060,12,50754210.0,282.89344516515985,2.268381,102368690.0
cdd_20p0,mask_200,pop_SSP1,2060,13,91946290.0,589.2363669206054,2.268381,96692240.0
cdd_20p0,mask_200,pop_SSP1,2060,14,33268784.0,329.8676658719088,2.268381,44486428.0
cdd_20p0,mask_200,pop_SSP1,2060,15,90957544.0,846.5749032833536,2.268381,100182490.0
cdd_20p0,mask_200,pop_SSP1,2060,16,91965220.0,314.6977066611024,2.268381,152653250.0
cdd_20p0,mask_200,pop_SSP1,2060,17,373740220.0,1697.6816723316003,2.268381,379247300.0
cdd_20p0,mask_200,pop_SSP1,2060,18,1530256100.0,2583.8072184182447,2.268381,1545084400.0
cdd_20p0,mask_200,pop_SSP1,2060,19,66369588.0,520.0737569796049,2.268381,68708940.0
cdd_20p0,mask_200,pop_SSP1,2060,20,1206834700.0,972.3566745928956,2.268381,1258049700.0
cdd_20p0,mask_200,pop_SSP1,2060,21,441339000.0,2513.3218540827934,2.268381,444014660.0
cdd_20p0,mask_200,pop_SSP1,2060,22,307926750.0,2242.996384058378,2.268381,309094800.0
cdd_20p0,mask_200,pop_SSP1,2060,23,98525260.0,653.0479294951731,2.268381,101781510.0
cdd_20p0,mask_200,pop_SSP1,2060,24,34107160.0,472.09424326986755,2.268381,42555550.0
cdd_20p0,mask_200,pop_SSP1,2060,25,648012860.0,2192.2541712634593,2.268381,671092740.0
cdd_20p0,mask_200,pop_SSP1,2060,26,349259460.0,1466.8790016615703,2.268381,354106900.0
cdd_20p0,mask_200,pop_SSP1,2070,1,26043418.0,237.24867886501153,2.554702,44364012.0
cdd_20p0,mask_200,pop_SSP1,2070,2,370104200.0,880.0919671170112,2.554702,392172800.0
cdd_20p0,mask_200,pop_SSP1,2070,3,100498110.0,1041.8385646201318,2.554702,137426370.0
cdd_20p0,mask_200,pop_SSP1,2070,4,98321960.0,1439.566358407229,2.554702,102546620.0
cdd_20p0,mask_200,pop_SSP1,2070,5,203992930.0,1942.280868255017,2.554702,204359040.0
cdd_20p0,mask_200,pop_SSP1,2070,6,168860220.0,1109.8874687176426,2.554702,236221260.0
cdd_20p0,mask_200,pop_SSP1,2070,7,287184900.0,1430.3672937084439,2.554702,287188320.0
cdd_20p0,mask_200,pop_SSP1,2070,8,1167616800.0,2863.090722228573,2.554702,1171714300.0
cdd_20p0,mask_200,pop_SSP1,2070,9,544283800.0,1592.3962638175833,2.554702,642925440.0
cdd_20p0,mask_200,pop_SSP1,2070,10,66729656.0,766.2043657950254,2.554702,67755464.0
cdd_20p0,mask_200,pop_SSP1,2070,11,209755330.0,237.7072902324372,2.554702,433117380.0
cdd_20p0,mask_200,pop_SSP1,2070,12,59569548.0,320.34562842005784,2.554702,96934740.0
cdd_20p0,mask_200,pop_SSP1,2070,13,92781260.0,642.7062282987207,2.554702,94466090.0
cdd_20p0,mask_200,pop_SSP1,2070,14,36148910.0,373.3754712745704,2.554702,42106644.0
cdd_20p0,mask_200,pop_SSP1,2070,15,91556020.0,906.1440882558346,2.554702,99628890.0
cdd_20p0,mask_200,pop_SSP1,2070,16,113237864.0,350.9327969074891,2.554702,148472910.0
cdd_20p0,mask_200,pop_SSP1,2070,17,376507000.0,1782.6028247460597,2.554702,382055680.0
cdd_20p0,mask_200,pop_SSP1,2070,18,1471130500.0,2689.3693694250614,2.554702,1484759600.0
cdd_20p0,mask_200,pop_SSP1,2070,19,60728388.0,559.8841176572781,2.554702,62868164.0
cdd_20p0,mask_200,pop_SSP1,2070,20,1110193800.0,1029.2492775391888,2.554702,1147859800.0
cdd_20p0,mask_200,pop_SSP1,2070,21,426306600.0,2603.77971557275,2.554702,428890880.0
cdd_20p0,mask_200,pop_SSP1,2070,22,296234000.0,2318.4091932573483,2.554702,297357660.0
cdd_20p0,mask_200,pop_SSP1,2070,23,92828910.0,693.4471968172094,2.554702,95463000.0
cdd_20p0,mask_200,pop_SSP1,2070,24,35589490.0,508.00512212471284,2.554702,43537636.0
cdd_20p0,mask_200,pop_SSP1,2070,25,658133760.0,2287.3440206993014,2.554702,677983000.0
cdd_20p0,mask_200,pop_SSP1,2070,26,373261060.0,1566.2127404308465,2.554702,375558880.0
cdd_20p0,mask_200,pop_SSP1,2080,1,27866632.0,270.5222910023888,2.845921,44620250.0
cdd_20p0,mask_200,pop_SSP1,2080,2,380542660.0,934.5474447472758,2.845921,395203330.0
cdd_20p0,mask_200,pop_SSP1,2080,3,98279704.0,1111.8741841476924,2.845921,132715140.0
cdd_20p0,mask_200,pop_SSP1,2080,4,94556320.0,1513.5974849433478,2.845921,98098780.0
cdd_20p0,mask_200,pop_SSP1,2080,5,190431780.0,2042.0993141209324,2.845921,190773550.0
cdd_20p0,mask_200,pop_SSP1,2080,6,166055330.0,1171.2463460173544,2.845921,226005010.0
cdd_20p0,mask_200,pop_SSP1,2080,7,283654700.0,1502.6188477691255,2.845921,283658080.0
cdd_20p0,mask_200,pop_SSP1,2080,8,1219869200.0,2971.4620969943344,2.845921,1224136200.0
cdd_20p0,mask_200,pop_SSP1,2080,9,575415550.0,1679.9597760704519,2.845921,654119700.0
cdd_20p0,mask_200,pop_SSP1,2080,10,63524860.0,839.3186468834564,2.845921,64471650.0
cdd_20p0,mask_200,pop_SSP1,2080,11,229394980.0,264.1770483819958,2.845921,426984860.0
cdd_20p0,mask_200,pop_SSP1,2080,12,71239500.0,361.8140393850219,2.845921,91174940.0
cdd_20p0,mask_200,pop_SSP1,2080,13,89430740.0,698.4587726705158,2.845921,90921100.0
cdd_20p0,mask_200,pop_SSP1,2080,14,36874810.0,416.6090853207529,2.845921,39598330.0
cdd_20p0,mask_200,pop_SSP1,2080,15,90717540.0,964.9196801957248,2.845921,97576300.0
cdd_20p0,mask_200,pop_SSP1,2080,16,115245740.0,384.34528749304735,2.845921,143305800.0
cdd_20p0,mask_200,pop_SSP1,2080,17,375913150.0,1868.7788409596644,2.845921,376284930.0
cdd_20p0,mask_200,pop_SSP1,2080,18,1386211700.0,2791.5114827836383,2.845921,1396979000.0
cdd_20p0,mask_200,pop_SSP1,2080,19,55412212.0,597.611967844304,2.845921,57179110.0
cdd_20p0,mask_200,pop_SSP1,2080,20,1011095500.0,1082.1052095837742,2.845921,1038973760.0
cdd_20p0,mask_200,pop_SSP1,2080,21,405181380.0,2690.5681496378943,2.845921,407564600.0
cdd_20p0,mask_200,pop_SSP1,2080,22,280793100.0,2391.94548537008,2.845921,281531460.0
cdd_20p0,mask_200,pop_SSP1,2080,23,86337160.0,733.738730678631,2.845921,87863890.0
cdd_20p0,mask_200,pop_SSP1,2080,24,36140336.0,547.4768217778349,2.845921,43898824.0
cdd_20p0,mask_200,pop_SSP1,2080,25,652317800.0,2380.3364985463486,2.845921,669882750.0
cdd_20p0,mask_200,pop_SSP1,2080,26,384820930.0,1667.0946769145496,2.845921,386785280.0
cdd_20p0,mask_200,pop_SSP1,2090,1,31458878.0,312.3743613517865,3.137292,43763460.0
cdd_20p0,mask_200,pop_SSP1,2090,2,380215550.0,989.8766079507546,3.137292,392706430.0
cdd_20p0,mask_200,pop_SSP1,2090,3,95936840.0,1169.6685829916375,3.137292,126606850.0
cdd_20p0,mask_200,pop_SSP1,2090,4,90552970.0,1577.900949206913,3.137292,92409900.0
cdd_20p0,mask_200,pop_SSP1,2090,5,175460940.0,2130.193708591128,3.137292,175775840.0
cdd_20p0,mask_200,pop_SSP1,2090,6,157411600.0,1225.047160761476,3.137292,212886300.0
cdd_20p0,mask_200,pop_SSP1,2090,7,276510560.0,1567.0405382888753,3.137292,276513900.0
cdd_20p0,mask_200,pop_SSP1,2090,8,1239662100.0,3059.645992602131,3.137292,1243985900.0
cdd_20p0,mask_200,pop_SSP1,2090,9,576952960.0,1757.5541688630983,3.137292,648780400.0
cdd_20p0,mask_200,pop_SSP1,2090,10,59194656.0,902.6977858979984,3.137292,60033336.0
cdd_20p0,mask_200,pop_SSP1,2090,11,249768320.0,292.8318959253183,3.137292,413250300.0
cdd_20p0,mask_200,pop_SSP1,2090,12,71982930.0,406.7583587104581,3.137292,85553730.0
cdd_20p0,mask_200,pop_SSP1,2090,13,85337560.0,743.0362403473521,3.137292,86465120.0
cdd_20p0,mask_200,pop_SSP1,2090,14,35887880.0,465.5917784886608,3.137292,37064172.0
cdd_20p0,mask_200,pop_SSP1,2090,15,88036110.0,1023.1617261542241,3.137292,94346904.0
cdd_20p0,mask_200,pop_SSP1,2090,16,115533390.0,423.18455062942513,3.137292,137513820.0
cdd_20p0,mask_200,pop_SSP1,2090,17,363947780.0,1945.399375687814,3.137292,364307700.0
cdd_20p0,mask_200,pop_SSP1,2090,18,1280980900.0,2890.5819052662623,3.137292,1287154300.0
cdd_20p0,mask_200,pop_SSP1,2090,19,50048930.0,637.1240831296168,3.137292,51643520.0
cdd_20p0,mask_200,pop_SSP1,2090,20,907014500.0,1143.0805649591825,3.137292,929867260.0
cdd_20p0,mask_200,pop_SSP1,2090,21,379099840.0,2773.8986798241076,3.137292,381329660.0
cdd_20p0,mask_200,pop_SSP1,2090,22,262458750.0,2457.2138812912262,3.137292,263148960.0
cdd_20p0,mask_200,pop_SSP1,2090,23,78862850.0,774.3047330779428,3.137292,80022490.0
cdd_20p0,mask_200,pop_SSP1,2090,24,35568810.0,582.3019284647021,3.137292,43116236.0
cdd_20p0,mask_200,pop_SSP1,2090,25,632797600.0,2472.4592360309302,3.137292,648921200.0
cdd_20p0,mask_200,pop_SSP1,2090,26,385510530.0,1748.9946657879611,3.137292,387177100.0
cdd_20p0,mask_200,pop_SSP1,2100,1,33246230.0,362.71369639950655,3.422318,41334500.0
cdd_20p0,mask_200,pop_SSP1,2100,2,377614000.0,1044.9288610012459,3.422318,382343550.0
cdd_20p0,mask_200,pop_SSP1,2100,3,96222290.0,1212.7254803588867,3.422318,118474700.0
cdd_20p0,mask_200,pop_SSP1,2100,4,83883990.0,1630.0823467367895,3.422318,85604180.0
cdd_20p0,mask_200,pop_SSP1,2100,5,159189730.0,2203.441477800088,3.422318,159448770.0
cdd_20p0,mask_200,pop_SSP1,2100,6,149655070.0,1269.3437382192462,3.422318,196914220.0
cdd_20p0,mask_200,pop_SSP1,2100,7,266229020.0,1621.4220737612052,3.422318,266232200.0
cdd_20p0,mask_200,pop_SSP1,2100,8,1228498400.0,3123.6849807920285,3.422318,1230346500.0
cdd_20p0,mask_200,pop_SSP1,2100,9,578548200.0,1822.4642329857043,3.422318,629134000.0
cdd_20p0,mask_200,pop_SSP1,2100,10,54490108.0,953.967300403677,3.422318,55014532.0
cdd_20p0,mask_200,pop_SSP1,2100,11,255178450.0,323.2464415557759,3.422318,389888200.0
cdd_20p0,mask_200,pop_SSP1,2100,12,73640370.0,454.51616032841326,3.422318,80128870.0
cdd_20p0,mask_200,pop_SSP1,2100,13,80816300.0,774.3426558175062,3.422318,81469210.0
cdd_20p0,mask_200,pop_SSP1,2100,14,34417356.0,519.7945637932654,3.422318,34660790.0
cdd_20p0,mask_200,pop_SSP1,2100,15,86608184.0,1079.516048950456,3.422318,90474380.0
cdd_20p0,mask_200,pop_SSP1,2100,16,119417030.0,467.1165816060593,3.422318,131682300.0
cdd_20p0,mask_200,pop_SSP1,2100,17,347037400.0,2009.8116893907713,3.422318,347380600.0
cdd_20p0,mask_200,pop_SSP1,2100,18,1160440000.0,2984.0642019792485,3.422318,1164688100.0
cdd_20p0,mask_200,pop_SSP1,2100,19,44631010.0,677.7129755210018,3.422318,45889290.0
cdd_20p0,mask_200,pop_SSP1,2100,20,813671940.0,1211.6115849178302,3.422318,831249700.0
cdd_20p0,mask_200,pop_SSP1,2100,21,349470900.0,2851.5686421160235,3.422318,351520450.0
cdd_20p0,mask_200,pop_SSP1,2100,22,241789950.0,2511.9420610375732,3.422318,242425780.0
cdd_20p0,mask_200,pop_SSP1,2100,23,71092380.0,814.265588909696,3.422318,71976080.0
cdd_20p0,mask_200,pop_SSP1,2100,24,35864908.0,611.2448693140179,3.422318,41043690.0
cdd_20p0,mask_200,pop_SSP1,2100,25,604642940.0,2561.567760299112,3.422318,618490500.0
cdd_20p0,mask_200,pop_SSP1,2100,26,376431140.0,1808.214351962569,3.422318,378042140.0
cdd_20p0,mask_200,pop_SSP2,2040,1,13496983.0,150.09632773937545,1.693643,41235690.0
cdd_20p0,mask_200,pop_SSP2,2040,2,332156540.0,720.51093600671,1.693643,367379520.0
cdd_20p0,mask_200,pop_SSP2,2040,3,98599784.0,857.0006690072265,1.693643,142523300.0
cdd_20p0,mask_200,pop_SSP2,2040,4,99332370.0,1224.6985216459514,1.693643,108550970.0
cdd_20p0,mask_200,pop_SSP2,2040,5,227419460.0,1653.0357836715334,1.693643,227847470.0
cdd_20p0,mask_200,pop_SSP2,2040,6,167353800.0,938.3293761660651,1.693643,248099980.0
cdd_20p0,mask_200,pop_SSP2,2040,7,267325980.0,1222.2293991260171,1.693643,267329170.0
cdd_20p0,mask_200,pop_SSP2,2040,8,903844600.0,2547.7628561503802,1.693643,912532350.0
cdd_20p0,mask_200,pop_SSP2,2040,9,418173250.0,1336.1375589268525,1.693643,536728770.0
cdd_20p0,mask_200,pop_SSP2,2040,10,63023188.0,577.8067631094559,1.693643,67723840.0
cdd_20p0,mask_200,pop_SSP2,2040,11,152310100.0,169.86574069102963,1.693643,429634530.0
cdd_20p0,mask_200,pop_SSP2,2040,12,45403916.0,216.50651043219924,1.693643,111103150.0
cdd_20p0,mask_200,pop_SSP2,2040,13,87481304.0,493.9565052987382,1.693643,95478960.0
cdd_20p0,mask_200,pop_SSP2,2040,14,31600360.0,254.3457434426478,1.693643,48097216.0
cdd_20p0,mask_200,pop_SSP2,2040,15,82715780.0,735.4581624412739,1.693643,95847944.0
cdd_20p0,mask_200,pop_SSP2,2040,16,66936656.0,249.5497572060803,1.693643,156275730.0
cdd_20p0,mask_200,pop_SSP2,2040,17,343612770.0,1536.856460616121,1.693643,352059260.0
cdd_20p0,mask_200,pop_SSP2,2040,18,1588440800.0,2388.883967816877,1.693643,1604890600.0
cdd_20p0,mask_200,pop_SSP2,2040,19,72963736.0,443.21356910598814,1.693643,76008750.0
cdd_20p0,mask_200,pop_SSP2,2040,20,1325584900.0,862.0969962270686,1.693643,1410251500.0
cdd_20p0,mask_200,pop_SSP2,2040,21,453941950.0,2338.6275094511057,1.693643,456747040.0
cdd_20p0,mask_200,pop_SSP2,2040,22,317134430.0,2098.042677387415,1.693643,318782430.0
cdd_20p0,mask_200,pop_SSP2,2040,23,104289680.0,577.3273527138537,1.693643,112398424.0
cdd_20p0,mask_200,pop_SSP2,2040,24,29419566.0,408.19768930264786,1.693643,39078732.0
cdd_20p0,mask_200,pop_SSP2,2040,25,603954560.0,2014.286938720712,1.693643,630920060.0
cdd_20p0,mask_200,pop_SSP2,2040,26,292375140.0,1277.936155326932,1.693643,297976000.0
cdd_20p0,mask_200,pop_SSP2,2050,1,21359496.0,176.0624560677852,1.980731,42558132.0
cdd_20p0,mask_200,pop_SSP2,2050,2,349330530.0,770.1885911582326,1.980731,380150100.0
cdd_20p0,mask_200,pop_SSP2,2050,3,103806460.0,909.763220177311,1.980731,147781920.0
cdd_20p0,mask_200,pop_SSP2,2050,4,103243800.0,1290.1220350170145,1.980731,112591950.0
cdd_20p0,mask_200,pop_SSP2,2050,5,227619470.0,1742.8851468147616,1.980731,228028000.0
cdd_20p0,mask_200,pop_SSP2,2050,6,174862530.0,992.5629908866559,1.980731,255523500.0
cdd_20p0,mask_200,pop_SSP2,2050,7,292863870.0,1286.320238869273,1.980731,292867360.0
cdd_20p0,mask_200,pop_SSP2,2050,8,1101374000.0,2643.3963666290883,1.980731,1111875200.0
cdd_20p0,mask_200,pop_SSP2,2050,9,511285570.0,1414.3578643608473,1.980731,628347100.0
cdd_20p0,mask_200,pop_SSP2,2050,10,66310960.0,639.1134847458948,1.980731,69606420.0
cdd_20p0,mask_200,pop_SSP2,2050,11,164891870.0,190.96719797206623,1.980731,433655460.0
cdd_20p0,mask_200,pop_SSP2,2050,12,46216784.0,246.50289723000932,1.980731,106137620.0
cdd_20p0,mask_200,pop_SSP2,2050,13,90935700.0,537.4186685955008,1.980731,97837060.0
cdd_20p0,mask_200,pop_SSP2,2050,14,32434400.0,286.6910342738353,1.980731,46139016.0
cdd_20p0,mask_200,pop_SSP2,2050,15,93549300.0,787.575187273943,1.980731,104102540.0
cdd_20p0,mask_200,pop_SSP2,2050,16,75219670.0,278.20069969684437,1.980731,154594640.0
cdd_20p0,mask_200,pop_SSP2,2050,17,377389820.0,1613.773605733625,1.980731,384014180.0
cdd_20p0,mask_200,pop_SSP2,2050,18,1627414800.0,2477.3972026607526,1.980731,1644272400.0
cdd_20p0,mask_200,pop_SSP2,2050,19,69598984.0,479.6845218188317,1.980731,72344100.0
cdd_20p0,mask_200,pop_SSP2,2050,20,1268323700.0,914.3733527553029,1.980731,1339330600.0
cdd_20p0,mask_200,pop_SSP2,2050,21,466886100.0,2421.64338014656,1.980731,469752540.0
cdd_20p0,mask_200,pop_SSP2,2050,22,324602900.0,2166.650408244402,1.980731,326289730.0
cdd_20p0,mask_200,pop_SSP2,2050,23,99782240.0,612.6231553967167,1.980731,105730216.0
cdd_20p0,mask_200,pop_SSP2,2050,24,32227380.0,437.19722341116596,1.980731,41301784.0
cdd_20p0,mask_200,pop_SSP2,2050,25,668043200.0,2096.5608055984753,1.980731,694634560.0
cdd_20p0,mask_200,pop_SSP2,2050,26,350046560.0,1367.5089214847458,1.980731,355352580.0
cdd_20p0,mask_200,pop_SSP2,2060,1,24156872.0,206.36300938969157,2.268381,43672144.0
cdd_20p0,mask_200,pop_SSP2,2060,2,364759100.0,825.5513818887162,2.268381,390528700.0
cdd_20p0,mask_200,pop_SSP2,2060,3,106909690.0,975.3846694938509,2.268381,150414260.0
cdd_20p0,mask_200,pop_SSP2,2060,4,109491090.0,1364.935328105829,2.268381,114195710.0
cdd_20p0,mask_200,pop_SSP2,2060,5,223348340.0,1842.818799795436,2.268381,223749180.0
cdd_20p0,mask_200,pop_SSP2,2060,6,179564160.0,1051.2502082839676,2.268381,258169620.0
cdd_20p0,mask_200,pop_SSP2,2060,7,311798400.0,1358.6520888005518,2.268381,311802100.0
cdd_20p0,mask_200,pop_SSP2,2060,8,1294920400.0,2753.5372559652424,2.268381,1305529200.0
cdd_20p0,mask_200,pop_SSP2,2060,9,580321900.0,1503.332564397076,2.268381,709911600.0
cdd_20p0,mask_200,pop_SSP2,2060,10,66977440.0,702.2180155097501,2.268381,69768220.0
cdd_20p0,mask_200,pop_SSP2,2060,11,186520380.0,214.04021847342733,2.268381,434905060.0
cdd_20p0,mask_200,pop_SSP2,2060,12,50260256.0,282.88612720350517,2.268381,101370700.0
cdd_20p0,mask_200,pop_SSP2,2060,13,93018260.0,590.1921350575527,2.268381,97814136.0
cdd_20p0,mask_200,pop_SSP2,2060,14,32901072.0,329.8651304531041,2.268381,43993936.0
cdd_20p0,mask_200,pop_SSP2,2060,15,99468136.0,847.3416422139504,2.268381,109548380.0
cdd_20p0,mask_200,pop_SSP2,2060,16,91780540.0,314.8448177038806,2.268381,152312130.0
cdd_20p0,mask_200,pop_SSP2,2060,17,400710460.0,1698.5908609568914,2.268381,406616400.0
cdd_20p0,mask_200,pop_SSP2,2060,18,1632996600.0,2583.4235430971294,2.268381,1648807700.0
cdd_20p0,mask_200,pop_SSP2,2060,19,64824780.0,520.0482142014221,2.268381,67111020.0
cdd_20p0,mask_200,pop_SSP2,2060,20,1184611200.0,972.300458513945,2.268381,1234886400.0
cdd_20p0,mask_200,pop_SSP2,2060,21,470164670.0,2513.1119612589177,2.268381,473015070.0
cdd_20p0,mask_200,pop_SSP2,2060,22,326070080.0,2242.6325434211976,2.268381,327306980.0
cdd_20p0,mask_200,pop_SSP2,2060,23,96313840.0,653.0333245852065,2.268381,99497010.0
cdd_20p0,mask_200,pop_SSP2,2060,24,34635320.0,472.16548867449814,2.268381,43214544.0
cdd_20p0,mask_200,pop_SSP2,2060,25,720559740.0,2192.0149958747984,2.268381,746201660.0
cdd_20p0,mask_200,pop_SSP2,2060,26,401828100.0,1466.6173536910096,2.268381,407346560.0
cdd_20p0,mask_200,pop_SSP2,2070,1,26206016.0,237.25921842651468,2.554702,44633880.0
cdd_20p0,mask_200,pop_SSP2,2070,2,377679940.0,880.6850193385499,2.554702,400180160.0
cdd_20p0,mask_200,pop_SSP2,2070,3,110367230.0,1042.1214624138327,2.554702,150940340.0
cdd_20p0,mask_200,pop_SSP2,2070,4,109344690.0,1439.6265112939943,2.554702,114043016.0
cdd_20p0,mask_200,pop_SSP2,2070,5,215501040.0,1942.6101743872991,2.554702,215887780.0
cdd_20p0,mask_200,pop_SSP2,2070,6,183554270.0,1110.2835755410424,2.554702,256786940.0
cdd_20p0,mask_200,pop_SSP2,2070,7,323478140.0,1430.938062331369,2.554702,323482020.0
cdd_20p0,mask_200,pop_SSP2,2070,8,1477105900.0,2863.408554180038,2.554702,1482260500.0
cdd_20p0,mask_200,pop_SSP2,2070,9,656511740.0,1592.035275763038,2.554702,775675140.0
cdd_20p0,mask_200,pop_SSP2,2070,10,67579630.0,766.8687575493415,2.554702,68638130.0
cdd_20p0,mask_200,pop_SSP2,2070,11,210165700.0,237.7023587557505,2.554702,433964700.0
cdd_20p0,mask_200,pop_SSP2,2070,12,59163680.0,320.3372817271769,2.554702,96273770.0
cdd_20p0,mask_200,pop_SSP2,2070,13,94233010.0,643.6989065976907,2.554702,95941550.0
cdd_20p0,mask_200,pop_SSP2,2070,14,35939010.0,373.37262183472194,2.554702,41861824.0
cdd_20p0,mask_200,pop_SSP2,2070,15,103468680.0,906.9502715081254,2.554702,112581130.0
cdd_20p0,mask_200,pop_SSP2,2070,16,113679440.0,351.08744226936733,2.554702,149028450.0
cdd_20p0,mask_200,pop_SSP2,2070,17,412658430.0,1783.5247060639015,2.554702,418741570.0
cdd_20p0,mask_200,pop_SSP2,2070,18,1607808000.0,2688.986326205181,2.554702,1622686700.0
cdd_20p0,mask_200,pop_SSP2,2070,19,59114016.0,559.8569171912503,2.554702,61197800.0
cdd_20p0,mask_200,pop_SSP2,2070,20,1084712600.0,1029.1931688020186,2.554702,1121519900.0
cdd_20p0,mask_200,pop_SSP2,2070,21,465621100.0,2603.5402709063824,2.554702,468443650.0
cdd_20p0,mask_200,pop_SSP2,2070,22,322040580.0,2318.045582613071,2.554702,323262140.0
cdd_20p0,mask_200,pop_SSP2,2070,23,90175416.0,693.4318793432553,2.554702,92734200.0
cdd_20p0,mask_200,pop_SSP2,2070,24,36510240.0,508.07884053695193,2.554702,44664010.0
cdd_20p0,mask_200,pop_SSP2,2070,25,759702900.0,2287.0916533836366,2.554702,782588300.0
cdd_20p0,mask_200,pop_SSP2,2070,26,448015650.0,1565.9000401643393,2.554702,450714980.0
cdd_20p0,mask_200,pop_SSP2,2080,1,28274450.0,270.5337475131597,2.845921,45265812.0
cdd_20p0,mask_200,pop_SSP2,2080,2,392303170.0,935.1566983093016,2.845921,407399500.0
cdd_20p0,mask_200,pop_SSP2,2080,3,110851780.0,1112.1831112162588,2.845921,149714400.0
cdd_20p0,mask_200,pop_SSP2,2080,4,108338984.0,1513.707601696417,2.845921,112397820.0
cdd_20p0,mask_200,pop_SSP2,2080,5,204973090.0,2042.4347741188785,2.845921,205340940.0
cdd_20p0,mask_200,pop_SSP2,2080,6,185132530.0,1171.6472410641197,2.845921,251980200.0
cdd_20p0,mask_200,pop_SSP2,2080,7,330352580.0,1503.2044928060357,2.845921,330356480.0
cdd_20p0,mask_200,pop_SSP2,2080,8,1627341700.0,2971.7824885879804,2.845921,1632995200.0
cdd_20p0,mask_200,pop_SSP2,2080,9,722960450.0,1679.5916043393595,2.845921,821835840.0
cdd_20p0,mask_200,pop_SSP2,2080,10,65502108.0,840.0236544923762,2.845921,66502090.0
cdd_20p0,mask_200,pop_SSP2,2080,11,232718370.0,264.1714101557795,2.845921,433175170.0
cdd_20p0,mask_200,pop_SSP2,2080,12,71364130.0,361.80455098092455,2.845921,91335220.0
cdd_20p0,mask_200,pop_SSP2,2080,13,91520260.0,699.4895301323444,2.845921,93042460.0
cdd_20p0,mask_200,pop_SSP2,2080,14,37138264.0,416.6058964327146,2.845921,39881184.0
cdd_20p0,mask_200,pop_SSP2,2080,15,106261340.0,965.7652064897043,2.845921,114282900.0
cdd_20p0,mask_200,pop_SSP2,2080,16,117087620.0,384.5072602260515,2.845921,145581340.0
cdd_20p0,mask_200,pop_SSP2,2080,17,422117280.0,1869.716129706277,2.845921,422534880.0
cdd_20p0,mask_200,pop_SSP2,2080,18,1556586000.0,2791.1314531656335,2.845921,1568660100.0
cdd_20p0,mask_200,pop_SSP2,2080,19,54031584.0,597.5835015909463,2.845921,55754692.0
cdd_20p0,mask_200,pop_SSP2,2080,20,987487170.0,1082.0493053506273,2.845921,1014721300.0
cdd_20p0,mask_200,pop_SSP2,2080,21,455214940.0,2690.3039206168005,2.845921,457892400.0
cdd_20p0,mask_200,pop_SSP2,2080,22,314518600.0,2391.581332443142,2.845921,315345660.0
cdd_20p0,mask_200,pop_SSP2,2080,23,84450530.0,733.7227506173341,2.845921,85943896.0
cdd_20p0,mask_200,pop_SSP2,2080,24,37567764.0,547.5529126382926,2.845921,45632690.0
cdd_20p0,mask_200,pop_SSP2,2080,25,781482900.0,2380.061152738867,2.845921,802491800.0
cdd_20p0,mask_200,pop_SSP2,2080,26,480814460.0,1666.7227049648523,2.845921,483205730.0
cdd_20p0,mask_200,pop_SSP2,2090,1,32539898.0,312.38691822172296,3.137292,45264700.0
cdd_20p0,mask_200,pop_SSP2,2090,2,396702880.0,990.4943111700161,3.137292,409720960.0
cdd_20p0,mask_200,pop_SSP2,2090,3,111599144.0,1169.9982648904374,3.137292,147301260.0
cdd_20p0,mask_200,pop_SSP2,2090,4,107346060.0,1578.0518124589335,3.137292,109547370.0
cdd_20p0,mask_200,pop_SSP2,2090,5,193303460.0,2130.534886192786,3.137292,193650340.0
cdd_20p0,mask_200,pop_SSP2,2090,6,180791040.0,1225.4495378699464,3.137292,244516750.0
cdd_20p0,mask_200,pop_SSP2,2090,7,333704320.0,1567.640787308857,3.137292,333708300.0
cdd_20p0,mask_200,pop_SSP2,2090,8,1742468900.0,3059.969824848012,3.137292,1748499300.0
cdd_20p0,mask_200,pop_SSP2,2090,9,756355260.0,1757.180696431005,3.137292,850514400.0
cdd_20p0,mask_200,pop_SSP2,2090,10,62882868.0,903.4336772014312,3.137292,63799784.0
cdd_20p0,mask_200,pop_SSP2,2090,11,260234750.0,292.82541194828815,3.137292,430576960.0
cdd_20p0,mask_200,pop_SSP2,2090,12,73354000.0,406.7477404769117,3.137292,87182820.0
cdd_20p0,mask_200,pop_SSP2,2090,13,88330030.0,744.0982930465161,3.137292,89494320.0
cdd_20p0,mask_200,pop_SSP2,2090,14,36879988.0,465.588385335617,3.137292,38088804.0
cdd_20p0,mask_200,pop_SSP2,2090,15,107196580.0,1024.0404059232499,3.137292,114867560.0
cdd_20p0,mask_200,pop_SSP2,2090,16,119509390.0,423.35136782512535,3.137292,142233840.0
cdd_20p0,mask_200,pop_SSP2,2090,17,420896600.0,1946.3522341510309,3.137292,421313020.0
cdd_20p0,mask_200,pop_SSP2,2090,18,1490871800.0,2890.2106986292165,3.137292,1498046700.0
cdd_20p0,mask_200,pop_SSP2,2090,19,49129620.0,637.0939814612176,3.137292,50695056.0
cdd_20p0,mask_200,pop_SSP2,2090,20,891446340.0,1143.0257523613393,3.137292,913915000.0
cdd_20p0,mask_200,pop_SSP2,2090,21,440225660.0,2773.6039402843753,3.137292,442814980.0
cdd_20p0,mask_200,pop_SSP2,2090,22,303268860.0,2456.851837791022,3.137292,304066370.0
cdd_20p0,mask_200,pop_SSP2,2090,23,79058850.0,774.2883042598576,3.137292,80221390.0
cdd_20p0,mask_200,pop_SSP2,2090,24,37923828.0,582.3798194713295,3.137292,45970976.0
cdd_20p0,mask_200,pop_SSP2,2090,25,788776450.0,2472.1576189697394,3.137292,808838660.0
cdd_20p0,mask_200,pop_SSP2,2090,26,500467100.0,1748.5798145434796,3.137292,502567100.0
cdd_20p0,mask_200,pop_SSP2,2100,1,35966190.0,362.72753049485215,3.422318,44719280.0
cdd_20p0,mask_200,pop_SSP2,2100,2,403447550.0,1045.5463105359913,3.422318,408499700.0
cdd_20p0,mask_200,pop_SSP2,2100,3,117088350.0,1213.0696597476851,3.422318,144189000.0
cdd_20p0,mask_200,pop_SSP2,2100,4,103910510.0,1630.2629214154401,3.422318,106041360.0
cdd_20p0,mask_200,pop_SSP2,2100,5,181933470.0,2203.7877660277686,3.422318,182229540.0
cdd_20p0,mask_200,pop_SSP2,2100,6,179068290.0,1269.7439327576799,3.422318,235626800.0
cdd_20p0,mask_200,pop_SSP2,2100,7,333028220.0,1622.0363011346485,3.422318,333032160.0
cdd_20p0,mask_200,pop_SSP2,2100,8,1820415500.0,3124.013144500682,3.422318,1823155500.0
cdd_20p0,mask_200,pop_SSP2,2100,9,794674940.0,1822.0876465920298,3.422318,864178800.0
cdd_20p0,mask_200,pop_SSP2,2100,10,60145660.0,954.7226953051945,3.422318,60728110.0
cdd_20p0,mask_200,pop_SSP2,2100,11,278173500.0,323.2389780500514,3.422318,425041180.0
cdd_20p0,mask_200,pop_SSP2,2100,12,76919040.0,454.5044505673996,3.422318,83693990.0
cdd_20p0,mask_200,pop_SSP2,2100,13,84953310.0,775.4278528191026,3.422318,85637630.0
cdd_20p0,mask_200,pop_SSP2,2100,14,36083572.0,519.7911194264626,3.422318,36338800.0
cdd_20p0,mask_200,pop_SSP2,2100,15,109614664.0,1080.4203425766882,3.422318,114497230.0
cdd_20p0,mask_200,pop_SSP2,2100,16,125579480.0,467.28540775166476,3.422318,138470290.0
cdd_20p0,mask_200,pop_SSP2,2100,17,415984320.0,2010.7799478552352,3.422318,416395870.0
cdd_20p0,mask_200,pop_SSP2,2100,18,1416469000.0,2983.7080021933466,3.422318,1421647000.0
cdd_20p0,mask_200,pop_SSP2,2100,19,44581640.0,677.6808689866687,3.422318,45837730.0
cdd_20p0,mask_200,pop_SSP2,2100,20,807872830.0,1211.558813988465,3.422318,825335200.0
cdd_20p0,mask_200,pop_SSP2,2100,21,422985060.0,2851.237784294294,3.422318,425465700.0
cdd_20p0,mask_200,pop_SSP2,2100,22,289645660.0,2511.5849924738977,3.422318,290407300.0
cdd_20p0,mask_200,pop_SSP2,2100,23,73943740.0,814.2489562370695,3.422318,74862880.0
cdd_20p0,mask_200,pop_SSP2,2100,24,39991704.0,611.3238916145456,3.422318,45766380.0
cdd_20p0,mask_200,pop_SSP2,2100,25,788572100.0,2561.2368423399166,3.422318,806595840.0
cdd_20p0,mask_200,pop_SSP2,2100,26,509397950.0,1807.7755852501577,3.422318,511516400.0
cdd_20p0,mask_200,pop_SSP3,2040,1,13256889.0,150.19991518670872,1.693643,40483924.0
cdd_20p0,mask_200,pop_SSP3,2040,2,330350430.0,721.4427100008553,1.693643,365363970.0
cdd_20p0,mask_200,pop_SSP3,2040,3,101792480.0,857.2977194847538,1.693643,147148340.0
cdd_20p0,mask_200,pop_SSP3,2040,4,103167450.0,1224.598410310212,1.693643,112742000.0
cdd_20p0,mask_200,pop_SSP3,2040,5,231438750.0,1653.4918637471817,1.693643,231874340.0
cdd_20p0,mask_200,pop_SSP3,2040,6,171936750.0,938.864123633977,1.693643,254898480.0
cdd_20p0,mask_200,pop_SSP3,2040,7,276615970.0,1222.8681350777301,1.693643,276619230.0
cdd_20p0,mask_200,pop_SSP3,2040,8,951350400.0,2547.773147519887,1.693643,960487400.0
cdd_20p0,mask_200,pop_SSP3,2040,9,438367740.0,1336.001847609473,1.693643,562667500.0
cdd_20p0,mask_200,pop_SSP3,2040,10,62921870.0,578.3199748501172,1.693643,67615390.0
cdd_20p0,mask_200,pop_SSP3,2040,11,150750300.0,169.86589456920797,1.693643,425228200.0
cdd_20p0,mask_200,pop_SSP3,2040,12,45799536.0,216.4943544971502,1.693643,112074770.0
cdd_20p0,mask_200,pop_SSP3,2040,13,89499680.0,494.7398283201742,1.693643,97681940.0
cdd_20p0,mask_200,pop_SSP3,2040,14,31467818.0,254.33223212676057,1.693643,47893124.0
cdd_20p0,mask_200,pop_SSP3,2040,15,86090740.0,736.2721403550698,1.693643,99756710.0
cdd_20p0,mask_200,pop_SSP3,2040,16,66686496.0,249.7579446831231,1.693643,155668030.0
cdd_20p0,mask_200,pop_SSP3,2040,17,352187100.0,1537.9346233700862,1.693643,360844930.0
cdd_20p0,mask_200,pop_SSP3,2040,18,1629989600.0,2388.391609916063,1.693643,1646870800.0
cdd_20p0,mask_200,pop_SSP3,2040,19,73195910.0,443.17509061519587,1.693643,76252620.0
cdd_20p0,mask_200,pop_SSP3,2040,20,1338464500.0,862.3745522626416,1.693643,1423951500.0
cdd_20p0,mask_200,pop_SSP3,2040,21,464778500.0,2338.337233559783,1.693643,467650600.0
cdd_20p0,mask_200,pop_SSP3,2040,22,323967330.0,2097.5900881845837,1.693643,325650850.0
cdd_20p0,mask_200,pop_SSP3,2040,23,103658460.0,577.3360218522326,1.693643,111718130.0
cdd_20p0,mask_200,pop_SSP3,2040,24,29277360.0,408.2457472644473,1.693643,38889836.0
cdd_20p0,mask_200,pop_SSP3,2040,25,630810240.0,2013.9974133019787,1.693643,658968450.0
cdd_20p0,mask_200,pop_SSP3,2040,26,303923870.0,1277.7520518526608,1.693643,309730000.0
cdd_20p0,mask_200,pop_SSP3,2050,1,20694648.0,176.17678963898217,1.980731,41216212.0
cdd_20p0,mask_200,pop_SSP3,2050,2,347067650.0,771.1417870549338,1.980731,377658750.0
cdd_20p0,mask_200,pop_SSP3,2050,3,109986950.0,910.0943926506353,1.980731,156598080.0
cdd_20p0,mask_200,pop_SSP3,2050,4,110463310.0,1290.0687844492102,1.980731,120465210.0
cdd_20p0,mask_200,pop_SSP3,2050,5,234906900.0,1743.35224189202,1.980731,235328510.0
cdd_20p0,mask_200,pop_SSP3,2050,6,183703660.0,993.107312661427,1.980731,268450700.0
cdd_20p0,mask_200,pop_SSP3,2050,7,312442560.0,1286.975727614487,1.980731,312446270.0
cdd_20p0,mask_200,pop_SSP3,2050,8,1211206000.0,2643.409339952054,1.980731,1222742300.0
cdd_20p0,mask_200,pop_SSP3,2050,9,559130600.0,1414.2237848052637,1.980731,687176300.0
cdd_20p0,mask_200,pop_SSP3,2050,10,66676076.0,639.6623261296478,1.980731,69993380.0
cdd_20p0,mask_200,pop_SSP3,2050,11,162121730.0,190.9676089923226,1.980731,426360400.0
cdd_20p0,mask_200,pop_SSP3,2050,12,46981116.0,246.48746167936486,1.980731,107896490.0
cdd_20p0,mask_200,pop_SSP3,2050,13,94763760.0,538.2323373483691,1.980731,101955340.0
cdd_20p0,mask_200,pop_SSP3,2050,14,32241626.0,286.67684462278146,1.980731,45861864.0
cdd_20p0,mask_200,pop_SSP3,2050,15,100787050.0,788.4293505836171,1.980731,112153120.0
cdd_20p0,mask_200,pop_SSP3,2050,16,74999490.0,278.41828969759774,1.980731,154105740.0
cdd_20p0,mask_200,pop_SSP3,2050,17,395629820.0,1614.8674266323326,1.980731,402574850.0
cdd_20p0,mask_200,pop_SSP3,2050,18,1707116000.0,2476.9010449492225,1.980731,1724801000.0
cdd_20p0,mask_200,pop_SSP3,2050,19,69775130.0,479.6442905616979,1.980731,72531310.0
cdd_20p0,mask_200,pop_SSP3,2050,20,1289279700.0,914.6558148724818,1.980731,1361459700.0
cdd_20p0,mask_200,pop_SSP3,2050,21,488268000.0,2421.324165622007,1.980731,491265600.0
cdd_20p0,mask_200,pop_SSP3,2050,22,337615800.0,2166.1994733449455,1.980731,339370240.0
cdd_20p0,mask_200,pop_SSP3,2050,23,98862080.0,612.6321626746816,1.980731,104755220.0
cdd_20p0,mask_200,pop_SSP3,2050,24,32039256.0,437.2470513305076,1.980731,41060684.0
cdd_20p0,mask_200,pop_SSP3,2050,25,723531650.0,2096.287600629662,1.980731,752317300.0
cdd_20p0,mask_200,pop_SSP3,2050,26,378647040.0,1367.27897452163,1.980731,384356320.0
cdd_20p0,mask_200,pop_SSP3,2060,1,23204306.0,206.48779846599592,2.268381,41926972.0
cdd_20p0,mask_200,pop_SSP3,2060,2,364641660.0,826.5285806933908,2.268381,390365020.0
cdd_20p0,mask_200,pop_SSP3,2060,3,117198860.0,975.7584038706322,2.268381,164916400.0
cdd_20p0,mask_200,pop_SSP3,2060,4,121434580.0,1364.9516576637263,2.268381,126652400.0
cdd_20p0,mask_200,pop_SSP3,2060,5,234862080.0,1843.296250728684,2.268381,235283580.0
cdd_20p0,mask_200,pop_SSP3,2060,6,194077820.0,1051.8036215206369,2.268381,279048260.0
cdd_20p0,mask_200,pop_SSP3,2060,7,345181400.0,1359.3285778600489,2.268381,345185540.0
cdd_20p0,mask_200,pop_SSP3,2060,8,1496816800.0,2753.55229180552,2.268381,1509065200.0
cdd_20p0,mask_200,pop_SSP3,2060,9,667028740.0,1503.194146682019,2.268381,816020200.0
cdd_20p0,mask_200,pop_SSP3,2060,10,68364020.0,702.8034418003372,2.268381,71220456.0
cdd_20p0,mask_200,pop_SSP3,2060,11,183000450.0,214.04103166627468,2.268381,426685060.0
cdd_20p0,mask_200,pop_SSP3,2060,12,51730984.0,282.8659111664912,2.268381,104345420.0
cdd_20p0,mask_200,pop_SSP3,2060,13,99233530.0,591.0390397098153,2.268381,104349270.0
cdd_20p0,mask_200,pop_SSP3,2060,14,32748436.0,329.8499668285393,2.268381,43786800.0
cdd_20p0,mask_200,pop_SSP3,2060,15,111567790.0,848.2423445919471,2.268381,122868824.0
cdd_20p0,mask_200,pop_SSP3,2060,16,92004240.0,315.0742763612749,2.268381,152645900.0
cdd_20p0,mask_200,pop_SSP3,2060,17,431858500.0,1699.6998110290788,2.268381,438224400.0
cdd_20p0,mask_200,pop_SSP3,2060,18,1764880400.0,2582.927195119217,2.268381,1781953500.0
cdd_20p0,mask_200,pop_SSP3,2060,19,65098596.0,520.0059419560395,2.268381,67400760.0
cdd_20p0,mask_200,pop_SSP3,2060,20,1216766700.0,972.5870105027242,2.268381,1268408000.0
cdd_20p0,mask_200,pop_SSP3,2060,21,505250000.0,2512.75324263426,2.268381,508313340.0
cdd_20p0,mask_200,pop_SSP3,2060,22,347720930.0,2242.1822103188683,2.268381,349039870.0
cdd_20p0,mask_200,pop_SSP3,2060,23,95173340.0,653.0427944497416,2.268381,98318810.0
cdd_20p0,mask_200,pop_SSP3,2060,24,34572084.0,472.2171486145887,2.268381,43135644.0
cdd_20p0,mask_200,pop_SSP3,2060,25,816009340.0,2191.730933829567,2.268381,845022850.0
cdd_20p0,mask_200,pop_SSP3,2060,26,455768700.0,1466.3401706750283,2.268381,461982820.0
cdd_20p0,mask_200,pop_SSP3,2070,1,25209830.0,237.39391890285933,2.554702,42907930.0
cdd_20p0,mask_200,pop_SSP3,2070,2,384378880.0,881.6868784982802,2.554702,407231700.0
cdd_20p0,mask_200,pop_SSP3,2070,3,126091624.0,1042.537230527783,2.554702,172477180.0
cdd_20p0,mask_200,pop_SSP3,2070,4,126468570.0,1439.7133662596975,2.554702,131902680.0
cdd_20p0,mask_200,pop_SSP3,2070,5,232439280.0,1943.0976227437588,2.554702,232856380.0
cdd_20p0,mask_200,pop_SSP3,2070,6,205407140.0,1110.845574602072,2.554702,287372580.0
cdd_20p0,mask_200,pop_SSP3,2070,7,373490080.0,1431.6351177957242,2.554702,373494530.0
cdd_20p0,mask_200,pop_SSP3,2070,8,1796944500.0,2863.4251392915235,2.554702,1803212200.0
cdd_20p0,mask_200,pop_SSP3,2070,9,794897900.0,1591.8917925692365,2.554702,939222000.0
cdd_20p0,mask_200,pop_SSP3,2070,10,70625320.0,767.4916146608819,2.554702,71749976.0
cdd_20p0,mask_200,pop_SSP3,2070,11,208402600.0,237.70358548864607,2.554702,430315070.0
cdd_20p0,mask_200,pop_SSP3,2070,12,62163890.0,320.31225216238744,2.554702,101163260.0
cdd_20p0,mask_200,pop_SSP3,2070,13,103852530.0,644.5786797965675,2.554702,105735150.0
cdd_20p0,mask_200,pop_SSP3,2070,14,36132290.0,373.3565601265071,2.554702,42083730.0
cdd_20p0,mask_200,pop_SSP3,2070,15,121103224.0,907.8975905474011,2.554702,131761620.0
cdd_20p0,mask_200,pop_SSP3,2070,16,115592110.0,351.32882073440896,2.554702,151516780.0
cdd_20p0,mask_200,pop_SSP3,2070,17,460262140.0,1784.649420270687,2.554702,467048130.0
cdd_20p0,mask_200,pop_SSP3,2070,18,1804971300.0,2688.4907203962994,2.554702,1821655300.0
cdd_20p0,mask_200,pop_SSP3,2070,19,60018690.0,559.8125175906977,2.554702,62143024.0
cdd_20p0,mask_200,pop_SSP3,2070,20,1139134100.0,1029.4836833062495,2.554702,1177790500.0
cdd_20p0,mask_200,pop_SSP3,2070,21,517992420.0,2603.1430853172533,2.554702,521132830.0
cdd_20p0,mask_200,pop_SSP3,2070,22,354809200.0,2317.5955504542208,2.554702,356155140.0
cdd_20p0,mask_200,pop_SSP3,2070,23,89561144.0,693.4418090254946,2.554702,92102504.0
cdd_20p0,mask_200,pop_SSP3,2070,24,36902844.0,508.13230467488665,2.554702,45144300.0
cdd_20p0,mask_200,pop_SSP3,2070,25,902799550.0,2286.792202269155,2.554702,929965500.0
cdd_20p0,mask_200,pop_SSP3,2070,26,534064060.0,1565.5742947460972,2.554702,537235700.0
cdd_20p0,mask_200,pop_SSP3,2080,1,27491722.0,270.67648963984374,2.845921,43977050.0
cdd_20p0,mask_200,pop_SSP3,2080,2,410242880.0,936.1861671959442,2.845921,425981920.0
cdd_20p0,mask_200,pop_SSP3,2080,3,132792240.0,1112.6376273466637,2.845921,179385540.0
cdd_20p0,mask_200,pop_SSP3,2080,4,131300070.0,1513.8646797508893,2.845921,136219100.0
cdd_20p0,mask_200,pop_SSP3,2080,5,228732560.0,2042.9312628448095,2.845921,229142990.0
cdd_20p0,mask_200,pop_SSP3,2080,6,215923200.0,1172.2161305044433,2.845921,293904060.0
cdd_20p0,mask_200,pop_SSP3,2080,7,400219800.0,1503.9197184760474,2.845921,400224580.0
cdd_20p0,mask_200,pop_SSP3,2080,8,2079709800.0,2971.7986724147677,2.845921,2086932400.0
cdd_20p0,mask_200,pop_SSP3,2080,9,920810900.0,1679.4415887777022,2.845921,1046764160.0
cdd_20p0,mask_200,pop_SSP3,2080,10,70649500.0,840.6886811878392,2.845921,71751544.0
cdd_20p0,mask_200,pop_SSP3,2080,11,235928780.0,264.17306997878757,2.845921,439119700.0
cdd_20p0,mask_200,pop_SSP3,2080,12,77625256.0,361.7748480831362,2.845921,99345624.0
cdd_20p0,mask_200,pop_SSP3,2080,13,105126460.0,700.4009421687958,2.845921,106874620.0
cdd_20p0,mask_200,pop_SSP3,2080,14,38339176.0,416.58931930897165,2.845921,41169890.0
cdd_20p0,mask_200,pop_SSP3,2080,15,130336740.0,966.7592685289345,2.845921,140167870.0
cdd_20p0,mask_200,pop_SSP3,2080,16,122677990.0,384.7604655020561,2.845921,152507900.0
cdd_20p0,mask_200,pop_SSP3,2080,17,491483940.0,1870.8600855323705,2.845921,491970240.0
cdd_20p0,mask_200,pop_SSP3,2080,18,1827810300.0,2790.6395008717245,2.845921,1841970200.0
cdd_20p0,mask_200,pop_SSP3,2080,19,56117348.0,597.5366133339569,2.845921,57913860.0
cdd_20p0,mask_200,pop_SSP3,2080,20,1070250900.0,1082.3436372233518,2.845921,1099774300.0
cdd_20p0,mask_200,pop_SSP3,2080,21,528867330.0,2689.8745249018575,2.845921,531978050.0
cdd_20p0,mask_200,pop_SSP3,2080,22,360548700.0,2391.1306476171535,2.845921,361496830.0
cdd_20p0,mask_200,pop_SSP3,2080,23,85646080.0,733.7331071650884,2.845921,87160590.0
cdd_20p0,mask_200,pop_SSP3,2080,24,38729450.0,547.608110432436,2.845921,47043750.0
cdd_20p0,mask_200,pop_SSP3,2080,25,976019460.0,2379.734690061604,2.845921,1002221500.0
cdd_20p0,mask_200,pop_SSP3,2080,26,601714300.0,1666.3413154058742,2.845921,604655900.0
cdd_20p0,mask_200,pop_SSP3,2090,1,32356510.0,312.5383114433879,3.137292,44979364.0
cdd_20p0,mask_200,pop_SSP3,2090,2,430757920.0,991.5384000301151,3.137292,444843650.0
cdd_20p0,mask_200,pop_SSP3,2090,3,141157900.0,1170.4836393750538,3.137292,186358780.0
cdd_20p0,mask_200,pop_SSP3,2090,4,137296660.0,1578.2661637233828,3.137292,140112080.0
cdd_20p0,mask_200,pop_SSP3,2090,5,225689000.0,2131.0397846333185,3.137292,226093950.0
cdd_20p0,mask_200,pop_SSP3,2090,6,221688900.0,1226.0206269913606,3.137292,299846850.0
cdd_20p0,mask_200,pop_SSP3,2090,7,426190430.0,1568.3738494566787,3.137292,426195500.0
cdd_20p0,mask_200,pop_SSP3,2090,8,2336839200.0,3059.987334526272,3.137292,2344929300.0
cdd_20p0,mask_200,pop_SSP3,2090,9,1016792960.0,1757.0244992448615,3.137292,1143401300.0
cdd_20p0,mask_200,pop_SSP3,2090,10,70537080.0,904.1305700401772,3.137292,71592950.0
cdd_20p0,mask_200,pop_SSP3,2090,11,272417200.0,292.8275349022283,3.137292,450691100.0
cdd_20p0,mask_200,pop_SSP3,2090,12,83553630.0,406.7162186519643,3.137292,99307016.0
cdd_20p0,mask_200,pop_SSP3,2090,13,106726350.0,745.0332726305348,3.137292,108132840.0
cdd_20p0,mask_200,pop_SSP3,2090,14,39675156.0,465.57117706835334,3.137292,40975320.0
cdd_20p0,mask_200,pop_SSP3,2090,15,138109710.0,1025.07354687908,3.137292,147985220.0
cdd_20p0,mask_200,pop_SSP3,2090,16,130547416.0,423.6121265870021,3.137292,155349680.0
cdd_20p0,mask_200,pop_SSP3,2090,17,516227040.0,1947.515253610071,3.137292,516737860.0
cdd_20p0,mask_200,pop_SSP3,2090,18,1853134100.0,2889.7298994101293,3.137292,1862041900.0
cdd_20p0,mask_200,pop_SSP3,2090,19,52901492.0,637.0454870228264,3.137292,54595016.0
cdd_20p0,mask_200,pop_SSP3,2090,20,1011175550.0,1143.319265063095,3.137292,1036669800.0
cdd_20p0,mask_200,pop_SSP3,2090,21,539438100.0,2773.1351198641564,3.137292,542610940.0
cdd_20p0,mask_200,pop_SSP3,2090,22,364967600.0,2456.4037908257383,3.137292,365927360.0
cdd_20p0,mask_200,pop_SSP3,2090,23,82365250.0,774.298946491,3.137292,83576390.0
cdd_20p0,mask_200,pop_SSP3,2090,24,40283056.0,582.4363354697485,3.137292,48830816.0
cdd_20p0,mask_200,pop_SSP3,2090,25,1040580900.0,2471.800391786441,3.137292,1067009540.0
cdd_20p0,mask_200,pop_SSP3,2090,26,657088400.0,1748.1580594988461,3.137292,659791700.0
cdd_20p0,mask_200,pop_SSP3,2100,1,37119940.0,362.888050882788,3.422318,46129350.0
cdd_20p0,mask_200,pop_SSP3,2100,2,460370180.0,1046.5904245961276,3.422318,466091900.0
cdd_20p0,mask_200,pop_SSP3,2100,3,157530600.0,1213.576536867556,3.422318,194026940.0
cdd_20p0,mask_200,pop_SSP3,2100,4,141385230.0,1630.519041642144,3.422318,144284480.0
cdd_20p0,mask_200,pop_SSP3,2100,5,224798770.0,2204.300193515852,3.422318,225164530.0
cdd_20p0,mask_200,pop_SSP3,2100,6,233072290.0,1270.3120201065276,3.422318,306703700.0
cdd_20p0,mask_200,pop_SSP3,2100,7,449402700.0,1622.7864345575238,3.422318,449408030.0
cdd_20p0,mask_200,pop_SSP3,2100,8,2559634700.0,3124.033847495619,3.422318,2563487200.0
cdd_20p0,mask_200,pop_SSP3,2100,9,1131208000.0,1821.9257911954955,3.422318,1230168000.0
cdd_20p0,mask_200,pop_SSP3,2100,10,70599850.0,955.4394247355671,3.422318,71287580.0
cdd_20p0,mask_200,pop_SSP3,2100,11,304110940.0,323.2415867812633,3.422318,464625340.0
cdd_20p0,mask_200,pop_SSP3,2100,12,92184720.0,454.4742857643513,3.422318,100308620.0
cdd_20p0,mask_200,pop_SSP3,2100,13,109074050.0,776.3770076755867,3.422318,109952550.0
cdd_20p0,mask_200,pop_SSP3,2100,14,40778896.0,519.7731670049886,3.422318,41067064.0
cdd_20p0,mask_200,pop_SSP3,2100,15,148212260.0,1081.4832707830453,3.422318,154809780.0
cdd_20p0,mask_200,pop_SSP3,2100,16,143783550.0,467.5488573368316,3.422318,158531020.0
cdd_20p0,mask_200,pop_SSP3,2100,17,540023230.0,2011.9614093857429,3.422318,540557630.0
cdd_20p0,mask_200,pop_SSP3,2100,18,1886376400.0,2983.246344348236,3.422318,1893265500.0
cdd_20p0,mask_200,pop_SSP3,2100,19,50480332.0,677.6317735801003,3.422318,51911252.0
cdd_20p0,mask_200,pop_SSP3,2100,20,970148100.0,1211.8464330233323,3.422318,991126700.0
cdd_20p0,mask_200,pop_SSP3,2100,21,551559700.0,2850.722495746955,3.422318,554794400.0
cdd_20p0,mask_200,pop_SSP3,2100,22,369201400.0,2511.1431387511034,3.422318,370172320.0
cdd_20p0,mask_200,pop_SSP3,2100,23,79837496.0,814.259722691427,3.422318,80829896.0
cdd_20p0,mask_200,pop_SSP3,2100,24,44355136.0,611.3812400212124,3.422318,50759870.0
cdd_20p0,mask_200,pop_SSP3,2100,25,1104283600.0,2560.8454159615712,3.422318,1129486200.0
cdd_20p0,mask_200,pop_SSP3,2100,26,703543200.0,1807.3311490330395,3.422318,706413600.0
cdd_20p0,mask_200,pop_SSP5,2040,1,14175844.0,149.99932996218874,1.693643,43332450.0
cdd_20p0,mask_200,pop_SSP5,2040,2,343662850.0,720.0663700483417,1.693643,380137380.0
cdd_20p0,mask_200,pop_SSP5,2040,3,94867730.0,857.0434308100689,1.693643,137109700.0
cdd_20p0,mask_200,pop_SSP5,2040,4,94289250.0,1224.8049620120212,1.693643,103039730.0
cdd_20p0,mask_200,pop_SSP5,2040,5,223715090.0,1652.716685460456,1.693643,224136160.0
cdd_20p0,mask_200,pop_SSP5,2040,6,162183140.0,937.8746166151848,1.693643,240428000.0
cdd_20p0,mask_200,pop_SSP5,2040,7,257343950.0,1221.6512638555087,1.693643,257347000.0
cdd_20p0,mask_200,pop_SSP5,2040,8,836494850.0,2547.5449938166284,1.693643,844544500.0
cdd_20p0,mask_200,pop_SSP5,2040,9,389298400.0,1336.4492485856038,1.693643,499649440.0
cdd_20p0,mask_200,pop_SSP5,2040,10,62893500.0,577.1686467988618,1.693643,67583850.0
cdd_20p0,mask_200,pop_SSP5,2040,11,157748320.0,169.84642529251468,1.693643,444985760.0
cdd_20p0,mask_200,pop_SSP5,2040,12,45356344.0,216.46970829854246,1.693643,110979220.0
cdd_20p0,mask_200,pop_SSP5,2040,13,86491070.0,493.2893435944102,1.693643,94398980.0
cdd_20p0,mask_200,pop_SSP5,2040,14,32215668.0,254.26825848046224,1.693643,49036920.0
cdd_20p0,mask_200,pop_SSP5,2040,15,78678210.0,734.5020256426483,1.693643,91172590.0
cdd_20p0,mask_200,pop_SSP5,2040,16,68632930.0,249.53119443797627,1.693643,160273680.0
cdd_20p0,mask_200,pop_SSP5,2040,17,336737340.0,1536.103649896121,1.693643,345014200.0
cdd_20p0,mask_200,pop_SSP5,2040,18,1545523700.0,2389.4723308778694,1.693643,1561527600.0
cdd_20p0,mask_200,pop_SSP5,2040,19,73326600.0,443.27096552868113,1.693643,76385490.0
cdd_20p0,mask_200,pop_SSP5,2040,20,1326753800.0,862.1173785334898,1.693643,1411498900.0
cdd_20p0,mask_200,pop_SSP5,2040,21,442614140.0,2338.8112884040856,1.693643,445349380.0
cdd_20p0,mask_200,pop_SSP5,2040,22,310292800.0,2098.411166544547,1.693643,311905200.0
cdd_20p0,mask_200,pop_SSP5,2040,23,106388300.0,577.3847974894898,1.693643,114660220.0
cdd_20p0,mask_200,pop_SSP5,2040,24,30361556.0,408.3083890994011,1.693643,40330000.0
cdd_20p0,mask_200,pop_SSP5,2040,25,569284000.0,2014.6843314175455,1.693643,594712060.0
cdd_20p0,mask_200,pop_SSP5,2040,26,273824960.0,1278.1230831969822,1.693643,279094100.0
cdd_20p0,mask_200,pop_SSP5,2050,1,23243336.0,175.95455775891938,1.980731,46331800.0
cdd_20p0,mask_200,pop_SSP5,2050,2,369895740.0,769.7297902064133,1.980731,402577570.0
cdd_20p0,mask_200,pop_SSP5,2050,3,97192100.0,909.7804084584513,1.980731,138332980.0
cdd_20p0,mask_200,pop_SSP5,2050,4,94699450.0,1290.1806348544483,1.980731,103273816.0
cdd_20p0,mask_200,pop_SSP5,2050,5,221488800.0,1742.558069312099,1.980731,221886370.0
cdd_20p0,mask_200,pop_SSP5,2050,6,165670560.0,992.1010151102838,1.980731,242080480.0
cdd_20p0,mask_200,pop_SSP5,2050,7,273580380.0,1285.7270969355916,1.980731,273583650.0
cdd_20p0,mask_200,pop_SSP5,2050,8,963317300.0,2643.173636603535,1.980731,972528600.0
cdd_20p0,mask_200,pop_SSP5,2050,9,453845500.0,1414.6697687033507,1.980731,557712000.0
cdd_20p0,mask_200,pop_SSP5,2050,10,66210740.0,638.4356302757942,1.980731,69496184.0
cdd_20p0,mask_200,pop_SSP5,2050,11,175405570.0,190.94507665265613,1.980731,461321340.0
cdd_20p0,mask_200,pop_SSP5,2050,12,46385252.0,246.4612295212407,1.980731,106517320.0
cdd_20p0,mask_200,pop_SSP5,2050,13,89418320.0,536.7249367163197,1.980731,96206350.0
cdd_20p0,mask_200,pop_SSP5,2050,14,33663984.0,286.60623661638397,1.980731,47891656.0
cdd_20p0,mask_200,pop_SSP5,2050,15,85478090.0,786.5709923319112,1.980731,95126180.0
cdd_20p0,mask_200,pop_SSP5,2050,16,78630970.0,278.18111524560396,1.980731,161663440.0
cdd_20p0,mask_200,pop_SSP5,2050,17,363742530.0,1613.0085577649347,1.980731,370126800.0
cdd_20p0,mask_200,pop_SSP5,2050,18,1553292200.0,2477.98992365569,1.980731,1569378600.0
cdd_20p0,mask_200,pop_SSP5,2050,19,70648200.0,479.7456206789228,1.980731,73432060.0
cdd_20p0,mask_200,pop_SSP5,2050,20,1276075500.0,914.3934816085816,1.980731,1347515400.0
cdd_20p0,mask_200,pop_SSP5,2050,21,446861250.0,2421.8497881970584,1.980731,449605060.0
cdd_20p0,mask_200,pop_SSP5,2050,22,312469500.0,2167.0175502460997,1.980731,314093250.0
cdd_20p0,mask_200,pop_SSP5,2050,23,103498310.0,612.6828833000473,1.980731,109667816.0
cdd_20p0,mask_200,pop_SSP5,2050,24,33939300.0,437.31199466774746,1.980731,43495732.0
cdd_20p0,mask_200,pop_SSP5,2050,25,601967740.0,2096.940414476808,1.980731,625951600.0
cdd_20p0,mask_200,pop_SSP5,2050,26,313287230.0,1367.7498327252672,1.980731,318077120.0
cdd_20p0,mask_200,pop_SSP5,2060,1,27063444.0,206.24477024456172,2.268381,48951268.0
cdd_20p0,mask_200,pop_SSP5,2060,2,393270820.0,825.0788074386262,2.268381,421112130.0
cdd_20p0,mask_200,pop_SSP5,2060,3,97058640.0,975.3678732275484,2.268381,136508750.0
cdd_20p0,mask_200,pop_SSP5,2060,4,96903710.0,1364.922862652734,2.268381,101067450.0
cdd_20p0,mask_200,pop_SSP5,2060,5,214657400.0,1842.4842757913104,2.268381,215042690.0
cdd_20p0,mask_200,pop_SSP5,2060,6,165879520.0,1050.781507634954,2.268381,238479630.0
cdd_20p0,mask_200,pop_SSP5,2060,7,281905630.0,1358.0400396436155,2.268381,281909000.0
cdd_20p0,mask_200,pop_SSP5,2060,8,1066841150.0,2753.30993299247,2.268381,1075628300.0
cdd_20p0,mask_200,pop_SSP5,2060,9,489916480.0,1503.6505342694477,2.268381,599240960.0
cdd_20p0,mask_200,pop_SSP5,2060,10,66762640.0,701.4992776341462,2.268381,69534510.0
cdd_20p0,mask_200,pop_SSP5,2060,11,203309740.0,214.01424657041662,2.268381,474071840.0
cdd_20p0,mask_200,pop_SSP5,2060,12,50687130.0,282.83875567034966,2.268381,102216340.0
cdd_20p0,mask_200,pop_SSP5,2060,13,91024450.0,589.4698930796727,2.268381,95719980.0
cdd_20p0,mask_200,pop_SSP5,2060,14,34785396.0,329.7703420286123,2.268381,46516504.0
cdd_20p0,mask_200,pop_SSP5,2060,15,87039620.0,846.2819255310716,2.268381,95867900.0
cdd_20p0,mask_200,pop_SSP5,2060,16,97695390.0,314.8259021784025,2.268381,162185360.0
cdd_20p0,mask_200,pop_SSP5,2060,17,379477980.0,1697.814899680375,2.268381,385069500.0
cdd_20p0,mask_200,pop_SSP5,2060,18,1524729100.0,2584.0163269842487,2.268381,1539514600.0
cdd_20p0,mask_200,pop_SSP5,2060,19,66621468.0,520.1134645348196,2.268381,68967150.0
cdd_20p0,mask_200,pop_SSP5,2060,20,1200455400.0,972.3198762654504,2.268381,1251398500.0
cdd_20p0,mask_200,pop_SSP5,2060,21,440642560.0,2513.3495167151827,2.268381,443314000.0
cdd_20p0,mask_200,pop_SSP5,2060,22,307694400.0,2242.99919785493,2.268381,308861500.0
cdd_20p0,mask_200,pop_SSP5,2060,23,101723660.0,653.0961497110959,2.268381,105085610.0
cdd_20p0,mask_200,pop_SSP5,2060,24,37036970.0,472.2844721740433,2.268381,46211076.0
cdd_20p0,mask_200,pop_SSP5,2060,25,617504260.0,2192.411947002293,2.268381,639516160.0
cdd_20p0,mask_200,pop_SSP5,2060,26,342954700.0,1466.9135705799654,2.268381,347721730.0
cdd_20p0,mask_200,pop_SSP5,2070,1,29902788.0,237.1315484311441,2.554702,50957204.0
cdd_20p0,mask_200,pop_SSP5,2070,2,411176960.0,880.1987462599391,2.554702,435736060.0
cdd_20p0,mask_200,pop_SSP5,2070,3,96991760.0,1042.0712632554594,2.554702,132594584.0
cdd_20p0,mask_200,pop_SSP5,2070,4,93318900.0,1439.5420093901487,2.554702,97328590.0
cdd_20p0,mask_200,pop_SSP5,2070,5,203900930.0,1942.2684364366373,2.554702,204266880.0
cdd_20p0,mask_200,pop_SSP5,2070,6,164988580.0,1109.8086036012548,2.554702,230797540.0
cdd_20p0,mask_200,pop_SSP5,2070,7,282726800.0,1430.3074976191458,2.554702,282730140.0
cdd_20p0,mask_200,pop_SSP5,2070,8,1146987000.0,2863.177243519746,2.554702,1151005600.0
cdd_20p0,mask_200,pop_SSP5,2070,9,527770620.0,1592.3600036972032,2.554702,623450400.0
cdd_20p0,mask_200,pop_SSP5,2070,10,66802892.0,766.108446937503,2.554702,67827340.0
cdd_20p0,mask_200,pop_SSP5,2070,11,232799020.0,237.67244650912778,2.554702,480712100.0
cdd_20p0,mask_200,pop_SSP5,2070,12,59868060.0,320.2840037714026,2.554702,97409496.0
cdd_20p0,mask_200,pop_SSP5,2070,13,91683220.0,642.9480877285102,2.554702,93346936.0
cdd_20p0,mask_200,pop_SSP5,2070,14,38527404.0,373.26782488594273,2.554702,44880170.0
cdd_20p0,mask_200,pop_SSP5,2070,15,86788150.0,905.8349823513845,2.554702,94441750.0
cdd_20p0,mask_200,pop_SSP5,2070,16,122643250.0,351.06915155188716,2.554702,160806910.0
cdd_20p0,mask_200,pop_SSP5,2070,17,383366850.0,1782.7373896236363,2.554702,389016320.0
cdd_20p0,mask_200,pop_SSP5,2070,18,1464552400.0,2689.57771313322,2.554702,1478133200.0
cdd_20p0,mask_200,pop_SSP5,2070,19,61215570.0,559.9261618182122,2.554702,63368810.0
cdd_20p0,mask_200,pop_SSP5,2070,20,1103072400.0,1029.2118465587166,2.554702,1140496000.0
cdd_20p0,mask_200,pop_SSP5,2070,21,425829060.0,2603.808192354664,2.554702,428410430.0
cdd_20p0,mask_200,pop_SSP5,2070,22,295993100.0,2318.411995273771,2.554702,297115900.0
cdd_20p0,mask_200,pop_SSP5,2070,23,96959520.0,693.4977839178666,2.554702,99710800.0
cdd_20p0,mask_200,pop_SSP5,2070,24,39361250.0,508.20197172127183,2.554702,48151736.0
cdd_20p0,mask_200,pop_SSP5,2070,25,619428200.0,2287.5117066940534,2.554702,638131300.0
cdd_20p0,mask_200,pop_SSP5,2070,26,364812930.0,1566.2532781162415,2.554702,367066000.0
cdd_20p0,mask_200,pop_SSP5,2080,1,32627354.0,270.40001972492047,2.845921,52262844.0
cdd_20p0,mask_200,pop_SSP5,2080,2,429432670.0,934.6563900291939,2.845921,446012320.0
cdd_20p0,mask_200,pop_SSP5,2080,3,94405340.0,1112.1033398182835,2.845921,127441710.0
cdd_20p0,mask_200,pop_SSP5,2080,4,89242500.0,1513.5513537740346,2.845921,92585890.0
cdd_20p0,mask_200,pop_SSP5,2080,5,190394000.0,2042.086383389154,2.845921,190735710.0
cdd_20p0,mask_200,pop_SSP5,2080,6,161788960.0,1171.1675545795247,2.845921,220191060.0
cdd_20p0,mask_200,pop_SSP5,2080,7,278586560.0,1502.557597816018,2.845921,278589900.0
cdd_20p0,mask_200,pop_SSP5,2080,8,1194795000.0,2971.549549772764,2.845921,1198967000.0
cdd_20p0,mask_200,pop_SSP5,2080,9,555372160.0,1679.9245084938702,2.845921,631325600.0
cdd_20p0,mask_200,pop_SSP5,2080,10,63694748.0,839.217606340707,2.845921,64640944.0
cdd_20p0,mask_200,pop_SSP5,2080,11,259446700.0,264.13734681015757,2.845921,482969020.0
cdd_20p0,mask_200,pop_SSP5,2080,12,72105380.0,361.74453461698914,2.845921,92288720.0
cdd_20p0,mask_200,pop_SSP5,2080,13,88296140.0,698.7093716383249,2.845921,89766420.0
cdd_20p0,mask_200,pop_SSP5,2080,14,40006652.0,416.4914643204927,2.845921,42962130.0
cdd_20p0,mask_200,pop_SSP5,2080,15,85462020.0,964.594339123663,2.845921,91924680.0
cdd_20p0,mask_200,pop_SSP5,2080,16,126840510.0,384.4889073728756,2.845921,157745150.0
cdd_20p0,mask_200,pop_SSP5,2080,17,383775200.0,1868.9147289470816,2.845921,384154720.0
cdd_20p0,mask_200,pop_SSP5,2080,18,1379161500.0,2791.7164579838545,2.845921,1389885600.0
cdd_20p0,mask_200,pop_SSP5,2080,19,56137684.0,597.6560785580998,2.845921,57924530.0
cdd_20p0,mask_200,pop_SSP5,2080,20,1003801660.0,1082.0672325731814,2.845921,1031476350.0
cdd_20p0,mask_200,pop_SSP5,2080,21,405143170.0,2690.597373923209,2.845921,407526200.0
cdd_20p0,mask_200,pop_SSP5,2080,22,280563550.0,2391.9482826697217,2.845921,281301340.0
cdd_20p0,mask_200,pop_SSP5,2080,23,91225810.0,733.7915232187153,2.845921,92839010.0
cdd_20p0,mask_200,pop_SSP5,2080,24,40574840.0,547.6800273687965,2.845921,49285304.0
cdd_20p0,mask_200,pop_SSP5,2080,25,608232700.0,2380.5190327502114,2.845921,624636300.0
cdd_20p0,mask_200,pop_SSP5,2080,26,374788860.0,1667.142053078094,2.845921,376710100.0
cdd_20p0,mask_200,pop_SSP5,2090,1,37437652.0,312.2472934882779,3.137292,52095904.0
cdd_20p0,mask_200,pop_SSP5,2090,2,434042300.0,989.981193972975,3.137292,448334460.0
cdd_20p0,mask_200,pop_SSP5,2090,3,91899380.0,1169.895391582969,3.137292,121236936.0
cdd_20p0,mask_200,pop_SSP5,2090,4,85220240.0,1577.8370552762708,3.137292,86967870.0
cdd_20p0,mask_200,pop_SSP5,2090,5,175487470.0,2130.1804697374055,3.137292,175802430.0
cdd_20p0,mask_200,pop_SSP5,2090,6,153150940.0,1224.9690404781823,3.137292,207117020.0
cdd_20p0,mask_200,pop_SSP5,2090,7,271135070.0,1566.977932178976,3.137292,271138300.0
cdd_20p0,mask_200,pop_SSP5,2090,8,1211946800.0,3059.73380475231,3.137292,1216166100.0
cdd_20p0,mask_200,pop_SSP5,2090,9,555123840.0,1757.520305025155,3.137292,624225340.0
cdd_20p0,mask_200,pop_SSP5,2090,10,59479330.0,902.5928153578826,3.137292,60318396.0
cdd_20p0,mask_200,pop_SSP5,2090,11,286914800.0,292.7864913541419,3.137292,474767650.0
cdd_20p0,mask_200,pop_SSP5,2090,12,73331900.0,406.6810295145476,3.137292,87156970.0
cdd_20p0,mask_200,pop_SSP5,2090,13,84271160.0,743.2945062826769,3.137292,85383620.0
cdd_20p0,mask_200,pop_SSP5,2090,14,39493936.0,465.46680018783053,3.137292,40788630.0
cdd_20p0,mask_200,pop_SSP5,2090,15,82678260.0,1022.8224257912956,3.137292,88606020.0
cdd_20p0,mask_200,pop_SSP5,2090,16,128673624.0,423.33342549193156,3.137292,153171410.0
cdd_20p0,mask_200,pop_SSP5,2090,17,372351550.0,1945.536825610636,3.137292,372719740.0
cdd_20p0,mask_200,pop_SSP5,2090,18,1273998600.0,2890.7802458472365,3.137292,1280144800.0
cdd_20p0,mask_200,pop_SSP5,2090,19,50982404.0,637.1703228881856,3.137292,52603030.0
cdd_20p0,mask_200,pop_SSP5,2090,20,900065200.0,1143.0424447724156,3.137292,922740200.0
cdd_20p0,mask_200,pop_SSP5,2090,21,379646400.0,2773.928644711647,3.137292,381879500.0
cdd_20p0,mask_200,pop_SSP5,2090,22,262249380.0,2457.216652735432,3.137292,262939000.0
cdd_20p0,mask_200,pop_SSP5,2090,23,84174740.0,774.3590415015285,3.137292,85412500.0
cdd_20p0,mask_200,pop_SSP5,2090,24,40477740.0,582.5099612101297,3.137292,49066810.0
cdd_20p0,mask_200,pop_SSP5,2090,25,586478600.0,2472.659316549031,3.137292,601448960.0
cdd_20p0,mask_200,pop_SSP5,2090,26,374627230.0,1749.046987849253,3.137292,376255400.0
cdd_20p0,mask_200,pop_SSP5,2100,1,40105044.0,362.58231728527676,3.422318,49873596.0
cdd_20p0,mask_200,pop_SSP5,2100,2,434417250.0,1045.0220176518294,3.422318,439881250.0
cdd_20p0,mask_200,pop_SSP5,2100,3,92152210.0,1212.951307894765,3.422318,113432290.0
cdd_20p0,mask_200,pop_SSP5,2100,4,78947180.0,1630.0055019553638,3.422318,80566170.0
cdd_20p0,mask_200,pop_SSP5,2100,5,159278430.0,2203.4281472772664,3.422318,159537630.0
cdd_20p0,mask_200,pop_SSP5,2100,6,145633150.0,1269.2669303619496,3.422318,191616370.0
cdd_20p0,mask_200,pop_SSP5,2100,7,260874130.0,1621.3582491257566,3.422318,260877220.0
cdd_20p0,mask_200,pop_SSP5,2100,8,1200178000.0,3123.7725158669814,3.422318,1201983700.0
cdd_20p0,mask_200,pop_SSP5,2100,9,555841700.0,1822.4321931727156,3.422318,604439230.0
cdd_20p0,mask_200,pop_SSP5,2100,10,54878260.0,953.8597966565357,3.422318,55405904.0
cdd_20p0,mask_200,pop_SSP5,2100,11,296451230.0,323.1945331247716,3.422318,453007740.0
cdd_20p0,mask_200,pop_SSP5,2100,12,75301130.0,454.43124274753507,3.422318,81932770.0
cdd_20p0,mask_200,pop_SSP5,2100,13,79901576.0,774.6072392503341,3.422318,80546520.0
cdd_20p0,mask_200,pop_SSP5,2100,14,38162868.0,519.6652674936863,3.422318,38433052.0
cdd_20p0,mask_200,pop_SSP5,2100,15,81336150.0,1079.1656011152086,3.422318,84967690.0
cdd_20p0,mask_200,pop_SSP5,2100,16,133746480.0,467.26838593153474,3.422318,147491890.0
cdd_20p0,mask_200,pop_SSP5,2100,17,355404260.0,2009.9509286682207,3.422318,355755700.0
cdd_20p0,mask_200,pop_SSP5,2100,18,1153945200.0,2984.252468703497,3.422318,1158173400.0
cdd_20p0,mask_200,pop_SSP5,2100,19,45720804.0,677.7613653830433,3.422318,47005696.0
cdd_20p0,mask_200,pop_SSP5,2100,20,807310600.0,1211.5737672520772,3.422318,824748540.0
cdd_20p0,mask_200,pop_SSP5,2100,21,350613760.0,2851.5993234734938,3.422318,352670080.0
cdd_20p0,mask_200,pop_SSP5,2100,22,241608450.0,2511.9447839853624,3.422318,242243790.0
cdd_20p0,mask_200,pop_SSP5,2100,23,76430840.0,814.3206219252139,3.422318,77380890.0
cdd_20p0,mask_200,pop_SSP5,2100,24,41308440.0,611.4559420427345,3.422318,47273250.0
cdd_20p0,mask_200,pop_SSP5,2100,25,559117300.0,2561.7879585979204,3.422318,571949250.0
cdd_20p0,mask_200,pop_SSP5,2100,26,365546500.0,1808.2694305617972,3.422318,367119550.0
cdd_20p0,mask_400,pop_SSP1,2040,1,0.0,150.08800876103479,1.693643,41337404.0
cdd_20p0,mask_400,pop_SSP1,2040,2,264790420.0,719.9584751304134,1.693643,367037060.0
cdd_20p0,mask_400,pop_SSP1,2040,3,83462060.0,856.7977831665194,1.693643,138872290.0
cdd_20p0,mask_400,pop_SSP1,2040,4,95707240.0,1224.771371696333,1.693643,105208740.0
cdd_20p0,mask_400,pop_SSP1,2040,5,219040060.0,1652.72778472589,1.693643,224225860.0
cdd_20p0,mask_400,pop_SSP1,2040,6,152366850.0,937.9523060239156,1.693643,242465470.0
cdd_20p0,mask_400,pop_SSP1,2040,7,258129580.0,1221.7063530710245,1.693643,258731170.0
cdd_20p0,mask_400,pop_SSP1,2040,8,838471040.0,2547.4597116400496,1.693643,848988800.0
cdd_20p0,mask_400,pop_SSP1,2040,9,326122780.0,1336.4855303736447,1.693643,504946800.0
cdd_20p0,mask_400,pop_SSP1,2040,10,42294456.0,577.2504666697861,1.693643,67584720.0
cdd_20p0,mask_400,pop_SSP1,2040,11,92564216.0,169.86888218303457,1.693643,431206400.0
cdd_20p0,mask_400,pop_SSP1,2040,12,20595246.0,216.5120366209674,1.693643,111707960.0
cdd_20p0,mask_400,pop_SSP1,2040,13,62968396.0,493.07207355144874,1.693643,94843990.0
cdd_20p0,mask_400,pop_SSP1,2040,14,9005516.0,254.34773749449042,1.693643,48440990.0
cdd_20p0,mask_400,pop_SSP1,2040,15,66102290.0,734.7652389704266,1.693643,92945240.0
cdd_20p0,mask_400,pop_SSP1,2040,16,31548094.0,249.4159549381653,1.693643,156855440.0
cdd_20p0,mask_400,pop_SSP1,2040,17,318688480.0,1535.9724671039519,1.693643,342136600.0
cdd_20p0,mask_400,pop_SSP1,2040,18,1542193300.0,2389.264612937642,1.693643,1563959600.0
cdd_20p0,mask_400,pop_SSP1,2040,19,62920024.0,443.23578681136394,1.693643,76428100.0
cdd_20p0,mask_400,pop_SSP1,2040,20,1197610400.0,862.1528285762126,1.693643,1414905100.0
cdd_20p0,mask_400,pop_SSP1,2040,21,442254460.0,2338.7852401906744,1.693643,445849020.0
cdd_20p0,mask_400,pop_SSP1,2040,22,309511360.0,2098.408318247191,1.693643,312030500.0
cdd_20p0,mask_400,pop_SSP1,2040,23,97052200.0,577.3407146720455,1.693643,113431120.0
cdd_20p0,mask_400,pop_SSP1,2040,24,21651730.0,408.1313871597596,1.693643,38909136.0
cdd_20p0,mask_400,pop_SSP1,2040,25,569473500.0,2014.5303909578708,1.693643,606828100.0
cdd_20p0,mask_400,pop_SSP1,2040,26,263748130.0,1278.0999664659623,1.693643,281171600.0
cdd_20p0,mask_400,pop_SSP1,2050,1,650273.8,176.05342656911998,1.980731,42730160.0
cdd_20p0,mask_400,pop_SSP1,2050,2,296884900.0,769.6237892118318,1.980731,379067230.0
cdd_20p0,mask_400,pop_SSP1,2050,3,88406130.0,909.537294253474,1.980731,141275540.0
cdd_20p0,mask_400,pop_SSP1,2050,4,97091540.0,1290.1615580274868,1.980731,106730440.0
cdd_20p0,mask_400,pop_SSP1,2050,5,220475490.0,1742.5696722457387,1.980731,222007940.0
cdd_20p0,mask_400,pop_SSP1,2050,6,159854110.0,992.1792244638987,1.980731,245458220.0
cdd_20p0,mask_400,pop_SSP1,2050,7,275700400.0,1285.7834662170376,1.980731,276054530.0
cdd_20p0,mask_400,pop_SSP1,2050,8,970557760.0,2643.088171838658,1.980731,981780860.0
cdd_20p0,mask_400,pop_SSP1,2050,9,395771970.0,1414.7071065428372,1.980731,567637300.0
cdd_20p0,mask_400,pop_SSP1,2050,10,57314960.0,638.5220390067523,1.980731,69499650.0
cdd_20p0,mask_400,pop_SSP1,2050,11,104114240.0,190.97081339763355,1.980731,436203360.0
cdd_20p0,mask_400,pop_SSP1,2050,12,24220704.0,246.50921832445565,1.980731,107122160.0
cdd_20p0,mask_400,pop_SSP1,2050,13,67592540.0,536.4996990692359,1.980731,96936720.0
cdd_20p0,mask_400,pop_SSP1,2050,14,14419660.0,286.6932639007406,1.980731,46647932.0
cdd_20p0,mask_400,pop_SSP1,2050,15,74066570.0,786.8478967834013,1.980731,98202280.0
cdd_20p0,mask_400,pop_SSP1,2050,16,35330720.0,278.0611122826782,1.980731,155298020.0
cdd_20p0,mask_400,pop_SSP1,2050,17,349140160.0,1612.8766414883846,1.980731,365695940.0
cdd_20p0,mask_400,pop_SSP1,2050,18,1552959500.0,2477.780759090994,1.980731,1573453300.0
cdd_20p0,mask_400,pop_SSP1,2050,19,61694020.0,479.70831365162826,1.980731,73376910.0
cdd_20p0,mask_400,pop_SSP1,2050,20,1175212900.0,914.4296195434865,1.980731,1352791300.0
cdd_20p0,mask_400,pop_SSP1,2050,21,446674430.0,2421.8229586792013,1.980731,450295300.0
cdd_20p0,mask_400,pop_SSP1,2050,22,312248320.0,2167.0147224502784,1.980731,314288030.0
cdd_20p0,mask_400,pop_SSP1,2050,23,92672620.0,612.6370435421674,1.980731,107435820.0
cdd_20p0,mask_400,pop_SSP1,2050,24,23169350.0,437.12849031994523,1.980731,40958290.0
cdd_20p0,mask_400,pop_SSP1,2050,25,608648960.0,2096.7906124295187,1.980731,647567100.0
cdd_20p0,mask_400,pop_SSP1,2050,26,307273280.0,1367.721070441584,1.980731,322151000.0
cdd_20p0,mask_400,pop_SSP1,2060,1,2460243.0,206.3532397059748,2.268381,43724424.0
cdd_20p0,mask_400,pop_SSP1,2060,2,322803360.0,824.9726660488712,2.268381,386854980.0
cdd_20p0,mask_400,pop_SSP1,2060,3,91340340.0,975.1300712571988,2.268381,140542530.0
cdd_20p0,mask_400,pop_SSP1,2060,4,96627620.0,1364.925350251223,2.268381,105595120.0
cdd_20p0,mask_400,pop_SSP1,2060,5,213959460.0,1842.4962889962198,2.268381,215165280.0
cdd_20p0,mask_400,pop_SSP1,2060,6,160638370.0,1050.8600925718088,2.268381,243065360.0
cdd_20p0,mask_400,pop_SSP1,2060,7,285319000.0,1358.09814152026,2.268381,285476380.0
cdd_20p0,mask_400,pop_SSP1,2060,8,1080416600.0,2753.2239893639553,2.268381,1090710100.0
cdd_20p0,mask_400,pop_SSP1,2060,9,452825630.0,1503.687426537541,2.268381,614193150.0
cdd_20p0,mask_400,pop_SSP1,2060,10,60415950.0,701.5904173259995,2.268381,69521660.0
cdd_20p0,mask_400,pop_SSP1,2060,11,117290536.0,214.0444837832221,2.268381,437019330.0
cdd_20p0,mask_400,pop_SSP1,2060,12,30575352.0,282.89344516515985,2.268381,102368690.0
cdd_20p0,mask_400,pop_SSP1,2060,13,77607890.0,589.2363669206054,2.268381,96692240.0
cdd_20p0,mask_400,pop_SSP1,2060,14,17767550.0,329.8676658719088,2.268381,44486428.0
cdd_20p0,mask_400,pop_SSP1,2060,15,77666424.0,846.5749032833536,2.268381,100182490.0
cdd_20p0,mask_400,pop_SSP1,2060,16,38005164.0,314.6977066611024,2.268381,152653250.0
cdd_20p0,mask_400,pop_SSP1,2060,17,366395600.0,1697.6816723316003,2.268381,379247300.0
cdd_20p0,mask_400,pop_SSP1,2060,18,1526703100.0,2583.8072184182447,2.268381,1545084400.0
cdd_20p0,mask_400,pop_SSP1,2060,19,59988548.0,520.0737569796049,2.268381,68708940.0
cdd_20p0,mask_400,pop_SSP1,2060,20,1122542800.0,972.3566745928956,2.268381,1258049700.0
cdd_20p0,mask_400,pop_SSP1,2060,21,441080580.0,2513.3218540827934,2.268381,444014660.0
cdd_20p0,mask_400,pop_SSP1,2060,22,307488450.0,2242.996384058378,2.268381,309094800.0
cdd_20p0,mask_400,pop_SSP1,2060,23,89086600.0,653.0479294951731,2.268381,101781510.0
cdd_20p0,mask_400,pop_SSP1,2060,24,24420664.0,472.09424326986755,2.268381,42555550.0
cdd_20p0,mask_400,pop_SSP1,2060,25,640421250.0,2192.2541712634593,2.268381,671092740.0
cdd_20p0,mask_400,pop_SSP1,2060,26,344880060.0,1466.8790016615703,2.268381,354106900.0
cdd_20p0,mask_400,pop_SSP1,2070,1,2687980.2,237.24867886501153,2.554702,44364012.0
cdd_20p0,mask_400,pop_SSP1,2070,2,338781000.0,880.0919671170112,2.554702,392172800.0
cdd_20p0,mask_400,pop_SSP1,2070,3,93078610.0,1041.8385646201318,2.554702,137426370.0
cdd_20p0,mask_400,pop_SSP1,2070,4,93838056.0,1439.566358407229,2.554702,102546620.0
cdd_20p0,mask_400,pop_SSP1,2070,5,203774560.0,1942.280868255017,2.554702,204359040.0
cdd_20p0,mask_400,pop_SSP1,2070,6,159775870.0,1109.8874687176426,2.554702,236221260.0
cdd_20p0,mask_400,pop_SSP1,2070,7,287184900.0,1430.3672937084439,2.554702,287188320.0
cdd_20p0,mask_400,pop_SSP1,2070,8,1160711800.0,2863.090722228573,2.554702,1171714300.0
cdd_20p0,mask_400,pop_SSP1,2070,9,498577760.0,1592.3962638175833,2.554702,642925440.0
cdd_20p0,mask_400,pop_SSP1,2070,10,60538770.0,766.2043657950254,2.554702,67755464.0
cdd_20p0,mask_400,pop_SSP1,2070,11,120687710.0,237.7072902324372,2.554702,433117380.0
cdd_20p0,mask_400,pop_SSP1,2070,12,31909340.0,320.34562842005784,2.554702,96934740.0
cdd_20p0,mask_400,pop_SSP1,2070,13,80754370.0,642.7062282987207,2.554702,94466090.0
cdd_20p0,mask_400,pop_SSP1,2070,14,21654036.0,373.3754712745704,2.554702,42106644.0
cdd_20p0,mask_400,pop_SSP1,2070,15,80427480.0,906.1440882558346,2.554702,99628890.0
cdd_20p0,mask_400,pop_SSP1,2070,16,41904468.0,350.9327969074891,2.554702,148472910.0
cdd_20p0,mask_400,pop_SSP1,2070,17,370414600.0,1782.6028247460597,2.554702,382055680.0
cdd_20p0,mask_400,pop_SSP1,2070,18,1468919400.0,2689.3693694250614,2.554702,1484759600.0
cdd_20p0,mask_400,pop_SSP1,2070,19,55849230.0,559.8841176572781,2.554702,62868164.0
cdd_20p0,mask_400,pop_SSP1,2070,20,1041310200.0,1029.2492775391888,2.554702,1147859800.0
cdd_20p0,mask_400,pop_SSP1,2070,21,426258500.0,2603.77971557275,2.554702,428890880.0
cdd_20p0,mask_400,pop_SSP1,2070,22,295820400.0,2318.4091932573483,2.554702,297357660.0
cdd_20p0,mask_400,pop_SSP1,2070,23,84647090.0,693.4471968172094,2.554702,95463000.0
cdd_20p0,mask_400,pop_SSP1,2070,24,25939232.0,508.00512212471284,2.554702,43537636.0
cdd_20p0,mask_400,pop_SSP1,2070,25,647885440.0,2287.3440206993014,2.554702,677983000.0
cdd_20p0,mask_400,pop_SSP1,2070,26,367790880.0,1566.2127404308465,2.554702,375558880.0
cdd_20p0,mask_400,pop_SSP1,2080,1,7973918.0,270.5222910023888,2.845921,44620250.0
cdd_20p0,mask_400,pop_SSP1,2080,2,347284860.0,934.5474447472758,2.845921,395203330.0
cdd_20p0,mask_400,pop_SSP1,2080,3,92874776.0,1111.8741841476924,2.845921,132715140.0
cdd_20p0,mask_400,pop_SSP1,2080,4,93580320.0,1513.5974849433478,2.845921,98098780.0
cdd_20p0,mask_400,pop_SSP1,2080,5,190402370.0,2042.0993141209324,2.845921,190773550.0
cdd_20p0,mask_400,pop_SSP1,2080,6,154509150.0,1171.2463460173544,2.845921,226005010.0
cdd_20p0,mask_400,pop_SSP1,2080,7,283654700.0,1502.6188477691255,2.845921,283658080.0
cdd_20p0,mask_400,pop_SSP1,2080,8,1214227700.0,2971.4620969943344,2.845921,1224136200.0
cdd_20p0,mask_400,pop_SSP1,2080,9,528544220.0,1679.9597760704519,2.845921,654119700.0
cdd_20p0,mask_400,pop_SSP1,2080,10,58912790.0,839.3186468834564,2.845921,64471650.0
cdd_20p0,mask_400,pop_SSP1,2080,11,127414270.0,264.1770483819958,2.845921,426984860.0
cdd_20p0,mask_400,pop_SSP1,2080,12,35512100.0,361.8140393850219,2.845921,91174940.0
cdd_20p0,mask_400,pop_SSP1,2080,13,81141900.0,698.4587726705158,2.845921,90921100.0
cdd_20p0,mask_400,pop_SSP1,2080,14,24051594.0,416.6090853207529,2.845921,39598330.0
cdd_20p0,mask_400,pop_SSP1,2080,15,81569864.0,964.9196801957248,2.845921,97576300.0
cdd_20p0,mask_400,pop_SSP1,2080,16,46367656.0,384.34528749304735,2.845921,143305800.0
cdd_20p0,mask_400,pop_SSP1,2080,17,367075460.0,1868.7788409596644,2.845921,376284930.0
cdd_20p0,mask_400,pop_SSP1,2080,18,1382133500.0,2791.5114827836383,2.845921,1396979000.0
cdd_20p0,mask_400,pop_SSP1,2080,19,52059548.0,597.611967844304,2.845921,57179110.0
cdd_20p0,mask_400,pop_SSP1,2080,20,961026240.0,1082.1052095837742,2.845921,1038973760.0
cdd_20p0,mask_400,pop_SSP1,2080,21,405063780.0,2690.5681496378943,2.845921,407564600.0
cdd_20p0,mask_400,pop_SSP1,2080,22,280409250.0,2391.94548537008,2.845921,281531460.0
cdd_20p0,mask_400,pop_SSP1,2080,23,79857680.0,733.738730678631,2.845921,87863890.0
cdd_20p0,mask_400,pop_SSP1,2080,24,26342684.0,547.4768217778349,2.845921,43898824.0
cdd_20p0,mask_400,pop_SSP1,2080,25,640530940.0,2380.3364985463486,2.845921,669882750.0
cdd_20p0,mask_400,pop_SSP1,2080,26,381066370.0,1667.0946769145496,2.845921,386785280.0
cdd_20p0,mask_400,pop_SSP1,2090,1,14296754.0,312.3743613517865,3.137292,43763460.0
cdd_20p0,mask_400,pop_SSP1,2090,2,349437630.0,989.8766079507546,3.137292,392706430.0
cdd_20p0,mask_400,pop_SSP1,2090,3,88843230.0,1169.6685829916375,3.137292,126606850.0
cdd_20p0,mask_400,pop_SSP1,2090,4,88602890.0,1577.900949206913,3.137292,92409900.0
cdd_20p0,mask_400,pop_SSP1,2090,5,175437070.0,2130.193708591128,3.137292,175775840.0
cdd_20p0,mask_400,pop_SSP1,2090,6,147065300.0,1225.047160761476,3.137292,212886300.0
cdd_20p0,mask_400,pop_SSP1,2090,7,276510560.0,1567.0405382888753,3.137292,276513900.0
cdd_20p0,mask_400,pop_SSP1,2090,8,1233969400.0,3059.645992602131,3.137292,1243985900.0
cdd_20p0,mask_400,pop_SSP1,2090,9,530845000.0,1757.5541688630983,3.137292,648780400.0
cdd_20p0,mask_400,pop_SSP1,2090,10,55703596.0,902.6977858979984,3.137292,60033336.0
cdd_20p0,mask_400,pop_SSP1,2090,11,131273560.0,292.8318959253183,3.137292,413250300.0
cdd_20p0,mask_400,pop_SSP1,2090,12,36264524.0,406.7583587104581,3.137292,85553730.0
cdd_20p0,mask_400,pop_SSP1,2090,13,80066480.0,743.0362403473521,3.137292,86465120.0
cdd_20p0,mask_400,pop_SSP1,2090,14,24481084.0,465.5917784886608,3.137292,37064172.0
cdd_20p0,mask_400,pop_SSP1,2090,15,80451896.0,1023.1617261542241,3.137292,94346904.0
cdd_20p0,mask_400,pop_SSP1,2090,16,49917930.0,423.18455062942513,3.137292,137513820.0
cdd_20p0,mask_400,pop_SSP1,2090,17,358023970.0,1945.399375687814,3.137292,364307700.0
cdd_20p0,mask_400,pop_SSP1,2090,18,1273947900.0,2890.5819052662623,3.137292,1287154300.0
cdd_20p0,mask_400,pop_SSP1,2090,19,48839070.0,637.1240831296168,3.137292,51643520.0
cdd_20p0,mask_400,pop_SSP1,2090,20,869955200.0,1143.0805649591825,3.137292,929867260.0
cdd_20p0,mask_400,pop_SSP1,2090,21,378990560.0,2773.8986798241076,3.137292,381329660.0
cdd_20p0,mask_400,pop_SSP1,2090,22,262154530.0,2457.2138812912262,3.137292,263148960.0
cdd_20p0,mask_400,pop_SSP1,2090,23,73221060.0,774.3047330779428,3.137292,80022490.0
cdd_20p0,mask_400,pop_SSP1,2090,24,26008048.0,582.3019284647021,3.137292,43116236.0
cdd_20p0,mask_400,pop_SSP1,2090,25,623073000.0,2472.4592360309302,3.137292,648921200.0
cdd_20p0,mask_400,pop_SSP1,2090,26,381784260.0,1748.9946657879611,3.137292,387177100.0
cdd_20p0,mask_400,pop_SSP1,2100,1,21237066.0,362.71369639950655,3.422318,41334500.0
cdd_20p0,mask_400,pop_SSP1,2100,2,348827070.0,1044.9288610012459,3.422318,382343550.0
cdd_20p0,mask_400,pop_SSP1,2100,3,84251464.0,1212.7254803588867,3.422318,118474700.0
cdd_20p0,mask_400,pop_SSP1,2100,4,82077544.0,1630.0823467367895,3.422318,85604180.0
cdd_20p0,mask_400,pop_SSP1,2100,5,159163150.0,2203.441477800088,3.422318,159448770.0
cdd_20p0,mask_400,pop_SSP1,2100,6,136184640.0,1269.3437382192462,3.422318,196914220.0
cdd_20p0,mask_400,pop_SSP1,2100,7,266229020.0,1621.4220737612052,3.422318,266232200.0
cdd_20p0,mask_400,pop_SSP1,2100,8,1226079700.0,3123.6849807920285,3.422318,1230346500.0
cdd_20p0,mask_400,pop_SSP1,2100,9,529789120.0,1822.4642329857043,3.422318,629134000.0
cdd_20p0,mask_400,pop_SSP1,2100,10,51612350.0,953.967300403677,3.422318,55014532.0
cdd_20p0,mask_400,pop_SSP1,2100,11,144213150.0,323.2464415557759,3.422318,389888200.0
cdd_20p0,mask_400,pop_SSP1,2100,12,35870988.0,454.51616032841326,3.422318,80128870.0
cdd_20p0,mask_400,pop_SSP1,2100,13,75981970.0,774.3426558175062,3.422318,81469210.0
cdd_20p0,mask_400,pop_SSP1,2100,14,24665480.0,519.7945637932654,3.422318,34660790.0
cdd_20p0,mask_400,pop_SSP1,2100,15,80564936.0,1079.516048950456,3.422318,90474380.0
cdd_20p0,mask_400,pop_SSP1,2100,16,58085816.0,467.1165816060593,3.422318,131682300.0
cdd_20p0,mask_400,pop_SSP1,2100,17,342204480.0,2009.8116893907713,3.422318,347380600.0
cdd_20p0,mask_400,pop_SSP1,2100,18,1152734800.0,2984.0642019792485,3.422318,1164688100.0
cdd_20p0,mask_400,pop_SSP1,2100,19,44055264.0,677.7129755210018,3.422318,45889290.0
cdd_20p0,mask_400,pop_SSP1,2100,20,785804800.0,1211.6115849178302,3.422318,831249700.0
cdd_20p0,mask_400,pop_SSP1,2100,21,349403780.0,2851.5686421160235,3.422318,351520450.0
cdd_20p0,mask_400,pop_SSP1,2100,22,241789950.0,2511.9420610375732,3.422318,242425780.0
cdd_20p0,mask_400,pop_SSP1,2100,23,66374330.0,814.265588909696,3.422318,71976080.0
cdd_20p0,mask_400,pop_SSP1,2100,24,30516200.0,611.2448693140179,3.422318,41043690.0
cdd_20p0,mask_400,pop_SSP1,2100,25,596460160.0,2561.567760299112,3.422318,618490500.0
cdd_20p0,mask_400,pop_SSP1,2100,26,372975550.0,1808.214351962569,3.422318,378042140.0
cdd_20p0,mask_400,pop_SSP2,2040,1,0.0,150.09632773937545,1.693643,41235690.0
cdd_20p0,mask_400,pop_SSP2,2040,2,265061760.0,720.51093600671,1.693643,367379520.0
cdd_20p0,mask_400,pop_SSP2,2040,3,85650616.0,857.0006690072265,1.693643,142523300.0
cdd_20p0,mask_400,pop_SSP2,2040,4,98747590.0,1224.6985216459514,1.693643,108550970.0
cdd_20p0,mask_400,pop_SSP2,2040,5,222577980.0,1653.0357836715334,1.693643,227847470.0
cdd_20p0,mask_400,pop_SSP2,2040,6,155905280.0,938.3293761660651,1.693643,248099980.0
cdd_20p0,mask_400,pop_SSP2,2040,7,266707580.0,1222.2293991260171,1.693643,267329170.0
cdd_20p0,mask_400,pop_SSP2,2040,8,901249150.0,2547.7628561503802,1.693643,912532350.0
cdd_20p0,mask_400,pop_SSP2,2040,9,346634100.0,1336.1375589268525,1.693643,536728770.0
cdd_20p0,mask_400,pop_SSP2,2040,10,42383450.0,577.8067631094559,1.693643,67723840.0
cdd_20p0,mask_400,pop_SSP2,2040,11,92227440.0,169.86574069102963,1.693643,429634530.0
cdd_20p0,mask_400,pop_SSP2,2040,12,20483646.0,216.50651043219924,1.693643,111103150.0
cdd_20p0,mask_400,pop_SSP2,2040,13,63401616.0,493.9565052987382,1.693643,95478960.0
cdd_20p0,mask_400,pop_SSP2,2040,14,8941704.0,254.3457434426478,1.693643,48097216.0
cdd_20p0,mask_400,pop_SSP2,2040,15,68173470.0,735.4581624412739,1.693643,95847944.0
cdd_20p0,mask_400,pop_SSP2,2040,16,31445648.0,249.5497572060803,1.693643,156275730.0
cdd_20p0,mask_400,pop_SSP2,2040,17,327930050.0,1536.856460616121,1.693643,352059260.0
cdd_20p0,mask_400,pop_SSP2,2040,18,1582555900.0,2388.883967816877,1.693643,1604890600.0
cdd_20p0,mask_400,pop_SSP2,2040,19,62573476.0,443.21356910598814,1.693643,76008750.0
cdd_20p0,mask_400,pop_SSP2,2040,20,1193672800.0,862.0969962270686,1.693643,1410251500.0
cdd_20p0,mask_400,pop_SSP2,2040,21,453064600.0,2338.6275094511057,1.693643,456747040.0
cdd_20p0,mask_400,pop_SSP2,2040,22,316208770.0,2098.042677387415,1.693643,318782430.0
cdd_20p0,mask_400,pop_SSP2,2040,23,96168620.0,577.3273527138537,1.693643,112398424.0
cdd_20p0,mask_400,pop_SSP2,2040,24,21746108.0,408.19768930264786,1.693643,39078732.0
cdd_20p0,mask_400,pop_SSP2,2040,25,592083700.0,2014.286938720712,1.693643,630920060.0
cdd_20p0,mask_400,pop_SSP2,2040,26,279534180.0,1277.936155326932,1.693643,297976000.0
cdd_20p0,mask_400,pop_SSP2,2050,1,649324.4,176.0624560677852,1.980731,42558132.0
cdd_20p0,mask_400,pop_SSP2,2050,2,297766800.0,770.1885911582326,1.980731,380150100.0
cdd_20p0,mask_400,pop_SSP2,2050,3,92468070.0,909.763220177311,1.980731,147781920.0
cdd_20p0,mask_400,pop_SSP2,2050,4,102423620.0,1290.1220350170145,1.980731,112591950.0
cdd_20p0,mask_400,pop_SSP2,2050,5,226454030.0,1742.8851468147616,1.980731,228028000.0
cdd_20p0,mask_400,pop_SSP2,2050,6,166404850.0,992.5629908866559,1.980731,255523500.0
cdd_20p0,mask_400,pop_SSP2,2050,7,292491650.0,1286.320238869273,1.980731,292867360.0
cdd_20p0,mask_400,pop_SSP2,2050,8,1099217800.0,2643.3963666290883,1.980731,1111875200.0
cdd_20p0,mask_400,pop_SSP2,2050,9,438061120.0,1414.3578643608473,1.980731,628347100.0
cdd_20p0,mask_400,pop_SSP2,2050,10,57388536.0,639.1134847458948,1.980731,69606420.0
cdd_20p0,mask_400,pop_SSP2,2050,11,103507090.0,190.96719797206623,1.980731,433655460.0
cdd_20p0,mask_400,pop_SSP2,2050,12,23997716.0,246.50289723000932,1.980731,106137620.0
cdd_20p0,mask_400,pop_SSP2,2050,13,68240960.0,537.4186685955008,1.980731,97837060.0
cdd_20p0,mask_400,pop_SSP2,2050,14,14262355.0,286.6910342738353,1.980731,46139016.0
cdd_20p0,mask_400,pop_SSP2,2050,15,78529820.0,787.575187273943,1.980731,104102540.0
cdd_20p0,mask_400,pop_SSP2,2050,16,35196136.0,278.20069969684437,1.980731,154594640.0
cdd_20p0,mask_400,pop_SSP2,2050,17,366629440.0,1613.773605733625,1.980731,384014180.0
cdd_20p0,mask_400,pop_SSP2,2050,18,1622857300.0,2477.3972026607526,1.980731,1644272400.0
cdd_20p0,mask_400,pop_SSP2,2050,19,60823196.0,479.6845218188317,1.980731,72344100.0
cdd_20p0,mask_400,pop_SSP2,2050,20,1163517700.0,914.3733527553029,1.980731,1339330600.0
cdd_20p0,mask_400,pop_SSP2,2050,21,465975400.0,2421.64338014656,1.980731,469752540.0
cdd_20p0,mask_400,pop_SSP2,2050,22,324172130.0,2166.650408244402,1.980731,326289730.0
cdd_20p0,mask_400,pop_SSP2,2050,23,91201410.0,612.6231553967167,1.980731,105730216.0
cdd_20p0,mask_400,pop_SSP2,2050,24,23363656.0,437.19722341116596,1.980731,41301784.0
cdd_20p0,mask_400,pop_SSP2,2050,25,652890500.0,2096.5608055984753,1.980731,694634560.0
cdd_20p0,mask_400,pop_SSP2,2050,26,338984160.0,1367.5089214847458,1.980731,355352580.0
cdd_20p0,mask_400,pop_SSP2,2060,1,2461458.2,206.36300938969157,2.268381,43672144.0
cdd_20p0,mask_400,pop_SSP2,2060,2,325906370.0,825.5513818887162,2.268381,390528700.0
cdd_20p0,mask_400,pop_SSP2,2060,3,97742856.0,975.3846694938509,2.268381,150414260.0
cdd_20p0,mask_400,pop_SSP2,2060,4,104497750.0,1364.935328105829,2.268381,114195710.0
cdd_20p0,mask_400,pop_SSP2,2060,5,222495330.0,1842.818799795436,2.268381,223749180.0
cdd_20p0,mask_400,pop_SSP2,2060,6,170614160.0,1051.2502082839676,2.268381,258169620.0
cdd_20p0,mask_400,pop_SSP2,2060,7,311630200.0,1358.6520888005518,2.268381,311802100.0
cdd_20p0,mask_400,pop_SSP2,2060,8,1293290500.0,2753.5372559652424,2.268381,1305529200.0
cdd_20p0,mask_400,pop_SSP2,2060,9,523318050.0,1503.332564397076,2.268381,709911600.0
cdd_20p0,mask_400,pop_SSP2,2060,10,60640316.0,702.2180155097501,2.268381,69768220.0
cdd_20p0,mask_400,pop_SSP2,2060,11,116724300.0,214.04021847342733,2.268381,434905060.0
cdd_20p0,mask_400,pop_SSP2,2060,12,30278020.0,282.88612720350517,2.268381,101370700.0
cdd_20p0,mask_400,pop_SSP2,2060,13,78528980.0,590.1921350575527,2.268381,97814136.0
cdd_20p0,mask_400,pop_SSP2,2060,14,17571226.0,329.8651304531041,2.268381,43993936.0
cdd_20p0,mask_400,pop_SSP2,2060,15,84937600.0,847.3416422139504,2.268381,109548380.0
cdd_20p0,mask_400,pop_SSP2,2060,16,37956824.0,314.8448177038806,2.268381,152312130.0
cdd_20p0,mask_400,pop_SSP2,2060,17,392838720.0,1698.5908609568914,2.268381,406616400.0
cdd_20p0,mask_400,pop_SSP2,2060,18,1629193000.0,2583.4235430971294,2.268381,1648807700.0
cdd_20p0,mask_400,pop_SSP2,2060,19,58591230.0,520.0482142014221,2.268381,67111020.0
cdd_20p0,mask_400,pop_SSP2,2060,20,1101866200.0,972.300458513945,2.268381,1234886400.0
cdd_20p0,mask_400,pop_SSP2,2060,21,469889920.0,2513.1119612589177,2.268381,473015070.0
cdd_20p0,mask_400,pop_SSP2,2060,22,325605950.0,2242.6325434211976,2.268381,327306980.0
cdd_20p0,mask_400,pop_SSP2,2060,23,87087040.0,653.0333245852065,2.268381,99497010.0
cdd_20p0,mask_400,pop_SSP2,2060,24,24798826.0,472.16548867449814,2.268381,43214544.0
cdd_20p0,mask_400,pop_SSP2,2060,25,712111000.0,2192.0149958747984,2.268381,746201660.0
cdd_20p0,mask_400,pop_SSP2,2060,26,396791580.0,1466.6173536910096,2.268381,407346560.0
cdd_20p0,mask_400,pop_SSP2,2070,1,2710318.5,237.25921842651468,2.554702,44633880.0
cdd_20p0,mask_400,pop_SSP2,2070,2,345738240.0,880.6850193385499,2.554702,400180160.0
cdd_20p0,mask_400,pop_SSP2,2070,3,102215430.0,1042.1214624138327,2.554702,150940340.0
cdd_20p0,mask_400,pop_SSP2,2070,4,104358050.0,1439.6265112939943,2.554702,114043016.0
cdd_20p0,mask_400,pop_SSP2,2070,5,215270370.0,1942.6101743872991,2.554702,215887780.0
cdd_20p0,mask_400,pop_SSP2,2070,6,173678140.0,1110.2835755410424,2.554702,256786940.0
cdd_20p0,mask_400,pop_SSP2,2070,7,323478140.0,1430.938062331369,2.554702,323482020.0
cdd_20p0,mask_400,pop_SSP2,2070,8,1468464400.0,2863.408554180038,2.554702,1482260500.0
cdd_20p0,mask_400,pop_SSP2,2070,9,601392830.0,1592.035275763038,2.554702,775675140.0
cdd_20p0,mask_400,pop_SSP2,2070,10,61333476.0,766.8687575493415,2.554702,68638130.0
cdd_20p0,mask_400,pop_SSP2,2070,11,120924990.0,237.7023587557505,2.554702,433964700.0
cdd_20p0,mask_400,pop_SSP2,2070,12,31692982.0,320.3372817271769,2.554702,96273770.0
cdd_20p0,mask_400,pop_SSP2,2070,13,82035890.0,643.6989065976907,2.554702,95941550.0
cdd_20p0,mask_400,pop_SSP2,2070,14,21528712.0,373.37262183472194,2.554702,41861824.0
cdd_20p0,mask_400,pop_SSP2,2070,15,90896610.0,906.9502715081254,2.554702,112581130.0
cdd_20p0,mask_400,pop_SSP2,2070,16,42104612.0,351.08744226936733,2.554702,149028450.0
cdd_20p0,mask_400,pop_SSP2,2070,17,405982270.0,1783.5247060639015,2.554702,418741570.0
cdd_20p0,mask_400,pop_SSP2,2070,18,1605373000.0,2688.986326205181,2.554702,1622686700.0
cdd_20p0,mask_400,pop_SSP2,2070,19,54363830.0,559.8569171912503,2.554702,61197800.0
cdd_20p0,mask_400,pop_SSP2,2070,20,1017410750.0,1029.1931688020186,2.554702,1121519900.0
cdd_20p0,mask_400,pop_SSP2,2070,21,465569280.0,2603.5402709063824,2.554702,468443650.0
cdd_20p0,mask_400,pop_SSP2,2070,22,321591040.0,2318.045582613071,2.554702,323262140.0
cdd_20p0,mask_400,pop_SSP2,2070,23,82227460.0,693.4318793432553,2.554702,92734200.0
cdd_20p0,mask_400,pop_SSP2,2070,24,26610316.0,508.07884053695193,2.554702,44664010.0
cdd_20p0,mask_400,pop_SSP2,2070,25,747865700.0,2287.0916533836366,2.554702,782588300.0
cdd_20p0,mask_400,pop_SSP2,2070,26,441466700.0,1565.9000401643393,2.554702,450714980.0
cdd_20p0,mask_400,pop_SSP2,2080,1,8098160.0,270.5337475131597,2.845921,45265812.0
cdd_20p0,mask_400,pop_SSP2,2080,2,358044380.0,935.1566983093016,2.845921,407399500.0
cdd_20p0,mask_400,pop_SSP2,2080,3,104751980.0,1112.1831112162588,2.845921,149714400.0
cdd_20p0,mask_400,pop_SSP2,2080,4,107220696.0,1513.707601696417,2.845921,112397820.0
cdd_20p0,mask_400,pop_SSP2,2080,5,204941440.0,2042.4347741188785,2.845921,205340940.0
cdd_20p0,mask_400,pop_SSP2,2080,6,172258000.0,1171.6472410641197,2.845921,251980200.0
cdd_20p0,mask_400,pop_SSP2,2080,7,330352580.0,1503.2044928060357,2.845921,330356480.0
cdd_20p0,mask_400,pop_SSP2,2080,8,1619943200.0,2971.7824885879804,2.845921,1632995200.0
cdd_20p0,mask_400,pop_SSP2,2080,9,663868860.0,1679.5916043393595,2.845921,821835840.0
cdd_20p0,mask_400,pop_SSP2,2080,10,60771796.0,840.0236544923762,2.845921,66502090.0
cdd_20p0,mask_400,pop_SSP2,2080,11,129261180.0,264.1714101557795,2.845921,433175170.0
cdd_20p0,mask_400,pop_SSP2,2080,12,35575430.0,361.80455098092455,2.845921,91335220.0
cdd_20p0,mask_400,pop_SSP2,2080,13,83053200.0,699.4895301323444,2.845921,93042460.0
cdd_20p0,mask_400,pop_SSP2,2080,14,24223236.0,416.6058964327146,2.845921,39881184.0
cdd_20p0,mask_400,pop_SSP2,2080,15,95551030.0,965.7652064897043,2.845921,114282900.0
cdd_20p0,mask_400,pop_SSP2,2080,16,47151620.0,384.5072602260515,2.845921,145581340.0
cdd_20p0,mask_400,pop_SSP2,2080,17,412193630.0,1869.716129706277,2.845921,422534880.0
cdd_20p0,mask_400,pop_SSP2,2080,18,1551987700.0,2791.1314531656335,2.845921,1568660100.0
cdd_20p0,mask_400,pop_SSP2,2080,19,50762170.0,597.5835015909463,2.845921,55754692.0
cdd_20p0,mask_400,pop_SSP2,2080,20,938584200.0,1082.0493053506273,2.845921,1014721300.0
cdd_20p0,mask_400,pop_SSP2,2080,21,455083700.0,2690.3039206168005,2.845921,457892400.0
cdd_20p0,mask_400,pop_SSP2,2080,22,314088640.0,2391.581332443142,2.845921,315345660.0
cdd_20p0,mask_400,pop_SSP2,2080,23,78112620.0,733.7227506173341,2.845921,85943896.0
cdd_20p0,mask_400,pop_SSP2,2080,24,27383134.0,547.5529126382926,2.845921,45632690.0
cdd_20p0,mask_400,pop_SSP2,2080,25,767351400.0,2380.061152738867,2.845921,802491800.0
cdd_20p0,mask_400,pop_SSP2,2080,26,476141150.0,1666.7227049648523,2.845921,483205730.0
cdd_20p0,mask_400,pop_SSP2,2090,1,14791157.0,312.38691822172296,3.137292,45264700.0
cdd_20p0,mask_400,pop_SSP2,2090,2,364619940.0,990.4943111700161,3.137292,409720960.0
cdd_20p0,mask_400,pop_SSP2,2090,3,103341680.0,1169.9982648904374,3.137292,147301260.0
cdd_20p0,mask_400,pop_SSP2,2090,4,105034296.0,1578.0518124589335,3.137292,109547370.0
cdd_20p0,mask_400,pop_SSP2,2090,5,193277170.0,2130.534886192786,3.137292,193650340.0
cdd_20p0,mask_400,pop_SSP2,2090,6,168906050.0,1225.4495378699464,3.137292,244516750.0
cdd_20p0,mask_400,pop_SSP2,2090,7,333704320.0,1567.640787308857,3.137292,333708300.0
cdd_20p0,mask_400,pop_SSP2,2090,8,1734620500.0,3059.969824848012,3.137292,1748499300.0
cdd_20p0,mask_400,pop_SSP2,2090,9,695657500.0,1757.180696431005,3.137292,850514400.0
cdd_20p0,mask_400,pop_SSP2,2090,10,59196560.0,903.4336772014312,3.137292,63799784.0
cdd_20p0,mask_400,pop_SSP2,2090,11,136775400.0,292.82541194828815,3.137292,430576960.0
cdd_20p0,mask_400,pop_SSP2,2090,12,36957096.0,406.7477404769117,3.137292,87182820.0
cdd_20p0,mask_400,pop_SSP2,2090,13,82886120.0,744.0982930465161,3.137292,89494320.0
cdd_20p0,mask_400,pop_SSP2,2090,14,25157384.0,465.588385335617,3.137292,38088804.0
cdd_20p0,mask_400,pop_SSP2,2090,15,97962390.0,1024.0404059232499,3.137292,114867560.0
cdd_20p0,mask_400,pop_SSP2,2090,16,51682280.0,423.35136782512535,3.137292,142233840.0
cdd_20p0,mask_400,pop_SSP2,2090,17,414047420.0,1946.3522341510309,3.137292,421313020.0
cdd_20p0,mask_400,pop_SSP2,2090,18,1482672900.0,2890.2106986292165,3.137292,1498046700.0
cdd_20p0,mask_400,pop_SSP2,2090,19,47941780.0,637.0939814612176,3.137292,50695056.0
cdd_20p0,mask_400,pop_SSP2,2090,20,855019650.0,1143.0257523613393,3.137292,913915000.0
cdd_20p0,mask_400,pop_SSP2,2090,21,440099650.0,2773.6039402843753,3.137292,442814980.0
cdd_20p0,mask_400,pop_SSP2,2090,22,302917300.0,2456.851837791022,3.137292,304066370.0
cdd_20p0,mask_400,pop_SSP2,2090,23,73403050.0,774.2883042598576,3.137292,80221390.0
cdd_20p0,mask_400,pop_SSP2,2090,24,27730046.0,582.3798194713295,3.137292,45970976.0
cdd_20p0,mask_400,pop_SSP2,2090,25,776646800.0,2472.1576189697394,3.137292,808838660.0
cdd_20p0,mask_400,pop_SSP2,2090,26,495647970.0,1748.5798145434796,3.137292,502567100.0
cdd_20p0,mask_400,pop_SSP2,2100,1,22971056.0,362.72753049485215,3.422318,44719280.0
cdd_20p0,mask_400,pop_SSP2,2100,2,372722750.0,1045.5463105359913,3.422318,408499700.0
cdd_20p0,mask_400,pop_SSP2,2100,3,102509384.0,1213.0696597476851,3.422318,144189000.0
cdd_20p0,mask_400,pop_SSP2,2100,4,101672760.0,1630.2629214154401,3.422318,106041360.0
cdd_20p0,mask_400,pop_SSP2,2100,5,181903120.0,2203.7877660277686,3.422318,182229540.0
cdd_20p0,mask_400,pop_SSP2,2100,6,162947490.0,1269.7439327576799,3.422318,235626800.0
cdd_20p0,mask_400,pop_SSP2,2100,7,333028220.0,1622.0363011346485,3.422318,333032160.0
cdd_20p0,mask_400,pop_SSP2,2100,8,1816884700.0,3124.013144500682,3.422318,1823155500.0
cdd_20p0,mask_400,pop_SSP2,2100,9,727702900.0,1822.0876465920298,3.422318,864178800.0
cdd_20p0,mask_400,pop_SSP2,2100,10,56966344.0,954.7226953051945,3.422318,60728110.0
cdd_20p0,mask_400,pop_SSP2,2100,11,157211580.0,323.2389780500514,3.422318,425041180.0
cdd_20p0,mask_400,pop_SSP2,2100,12,37471190.0,454.5044505673996,3.422318,83693990.0
cdd_20p0,mask_400,pop_SSP2,2100,13,79885150.0,775.4278528191026,3.422318,85637630.0
cdd_20p0,mask_400,pop_SSP2,2100,14,25859448.0,519.7911194264626,3.422318,36338800.0
cdd_20p0,mask_400,pop_SSP2,2100,15,101968020.0,1080.4203425766882,3.422318,114497230.0
cdd_20p0,mask_400,pop_SSP2,2100,16,61132530.0,467.28540775166476,3.422318,138470290.0
cdd_20p0,mask_400,pop_SSP2,2100,17,410193340.0,2010.7799478552352,3.422318,416395870.0
cdd_20p0,mask_400,pop_SSP2,2100,18,1407053400.0,2983.7080021933466,3.422318,1421647000.0
cdd_20p0,mask_400,pop_SSP2,2100,19,44006860.0,677.6808689866687,3.422318,45837730.0
cdd_20p0,mask_400,pop_SSP2,2100,20,780198850.0,1211.558813988465,3.422318,825335200.0
cdd_20p0,mask_400,pop_SSP2,2100,21,422903550.0,2851.237784294294,3.422318,425465700.0
cdd_20p0,mask_400,pop_SSP2,2100,22,289645660.0,2511.5849924738977,3.422318,290407300.0
cdd_20p0,mask_400,pop_SSP2,2100,23,69036460.0,814.2489562370695,3.422318,74862880.0
cdd_20p0,mask_400,pop_SSP2,2100,24,34027548.0,611.3238916145456,3.422318,45766380.0
cdd_20p0,mask_400,pop_SSP2,2100,25,777894000.0,2561.2368423399166,3.422318,806595840.0
cdd_20p0,mask_400,pop_SSP2,2100,26,504739900.0,1807.7755852501577,3.422318,511516400.0
cdd_20p0,mask_400,pop_SSP3,2040,1,0.0,150.19991518670872,1.693643,40483924.0
cdd_20p0,mask_400,pop_SSP3,2040,2,263647170.0,721.4427100008553,1.693643,365363970.0
cdd_20p0,mask_400,pop_SSP3,2040,3,88421040.0,857.2977194847538,1.693643,147148340.0
cdd_20p0,mask_400,pop_SSP3,2040,4,102560100.0,1224.598410310212,1.693643,112742000.0
cdd_20p0,mask_400,pop_SSP3,2040,5,226511800.0,1653.4918637471817,1.693643,231874340.0
cdd_20p0,mask_400,pop_SSP3,2040,6,160174180.0,938.864123633977,1.693643,254898480.0
cdd_20p0,mask_400,pop_SSP3,2040,7,275976060.0,1222.8681350777301,1.693643,276619230.0
cdd_20p0,mask_400,pop_SSP3,2040,8,948619260.0,2547.773147519887,1.693643,960487400.0
cdd_20p0,mask_400,pop_SSP3,2040,9,363369400.0,1336.001847609473,1.693643,562667500.0
cdd_20p0,mask_400,pop_SSP3,2040,10,42317028.0,578.3199748501172,1.693643,67615390.0
cdd_20p0,mask_400,pop_SSP3,2040,11,91279570.0,169.86589456920797,1.693643,425228200.0
cdd_20p0,mask_400,pop_SSP3,2040,12,20664322.0,216.4943544971502,1.693643,112074770.0
cdd_20p0,mask_400,pop_SSP3,2040,13,64864200.0,494.7398283201742,1.693643,97681940.0
cdd_20p0,mask_400,pop_SSP3,2040,14,8903067.0,254.33223212676057,1.693643,47893124.0
cdd_20p0,mask_400,pop_SSP3,2040,15,70959000.0,736.2721403550698,1.693643,99756710.0
cdd_20p0,mask_400,pop_SSP3,2040,16,31335416.0,249.7579446831231,1.693643,155668030.0
cdd_20p0,mask_400,pop_SSP3,2040,17,336112300.0,1537.9346233700862,1.693643,360844930.0
cdd_20p0,mask_400,pop_SSP3,2040,18,1623952900.0,2388.391609916063,1.693643,1646870800.0
cdd_20p0,mask_400,pop_SSP3,2040,19,62770384.0,443.17509061519587,1.693643,76252620.0
cdd_20p0,mask_400,pop_SSP3,2040,20,1205277000.0,862.3745522626416,1.693643,1423951500.0
cdd_20p0,mask_400,pop_SSP3,2040,21,463880130.0,2338.337233559783,1.693643,467650600.0
cdd_20p0,mask_400,pop_SSP3,2040,22,323021760.0,2097.5900881845837,1.693643,325650850.0
cdd_20p0,mask_400,pop_SSP3,2040,23,95586550.0,577.3360218522326,1.693643,111718130.0
cdd_20p0,mask_400,pop_SSP3,2040,24,21640992.0,408.2457472644473,1.693643,38889836.0
cdd_20p0,mask_400,pop_SSP3,2040,25,618406340.0,2013.9974133019787,1.693643,658968450.0
cdd_20p0,mask_400,pop_SSP3,2040,26,290577400.0,1277.7520518526608,1.693643,309730000.0
cdd_20p0,mask_400,pop_SSP3,2050,1,635120.75,176.17678963898217,1.980731,41216212.0
cdd_20p0,mask_400,pop_SSP3,2050,2,295874500.0,771.1417870549338,1.980731,377658750.0
cdd_20p0,mask_400,pop_SSP3,2050,3,97968980.0,910.0943926506353,1.980731,156598080.0
cdd_20p0,mask_400,pop_SSP3,2050,4,109585760.0,1290.0687844492102,1.980731,120465210.0
cdd_20p0,mask_400,pop_SSP3,2050,5,233704180.0,1743.35224189202,1.980731,235328510.0
cdd_20p0,mask_400,pop_SSP3,2050,6,174817580.0,993.107312661427,1.980731,268450700.0
cdd_20p0,mask_400,pop_SSP3,2050,7,312045440.0,1286.975727614487,1.980731,312446270.0
cdd_20p0,mask_400,pop_SSP3,2050,8,1208836200.0,2643.409339952054,1.980731,1222742300.0
cdd_20p0,mask_400,pop_SSP3,2050,9,479048260.0,1414.2237848052637,1.980731,687176300.0
cdd_20p0,mask_400,pop_SSP3,2050,10,57695612.0,639.6623261296478,1.980731,69993380.0
cdd_20p0,mask_400,pop_SSP3,2050,11,101762980.0,190.9676089923226,1.980731,426360400.0
cdd_20p0,mask_400,pop_SSP3,2050,12,24399184.0,246.48746167936486,1.980731,107896490.0
cdd_20p0,mask_400,pop_SSP3,2050,13,71114696.0,538.2323373483691,1.980731,101955340.0
cdd_20p0,mask_400,pop_SSP3,2050,14,14174988.0,286.67684462278146,1.980731,45861864.0
cdd_20p0,mask_400,pop_SSP3,2050,15,84613470.0,788.4293505836171,1.980731,112153120.0
cdd_20p0,mask_400,pop_SSP3,2050,16,35108010.0,278.41828969759774,1.980731,154105740.0
cdd_20p0,mask_400,pop_SSP3,2050,17,384348770.0,1614.8674266323326,1.980731,402574850.0
cdd_20p0,mask_400,pop_SSP3,2050,18,1702338400.0,2476.9010449492225,1.980731,1724801000.0
cdd_20p0,mask_400,pop_SSP3,2050,19,60972450.0,479.6442905616979,1.980731,72531310.0
cdd_20p0,mask_400,pop_SSP3,2050,20,1182753300.0,914.6558148724818,1.980731,1361459700.0
cdd_20p0,mask_400,pop_SSP3,2050,21,487315400.0,2421.324165622007,1.980731,491265600.0
cdd_20p0,mask_400,pop_SSP3,2050,22,337167740.0,2166.1994733449455,1.980731,339370240.0
cdd_20p0,mask_400,pop_SSP3,2050,23,90360376.0,612.6321626746816,1.980731,104755220.0
cdd_20p0,mask_400,pop_SSP3,2050,24,23227272.0,437.2470513305076,1.980731,41060684.0
cdd_20p0,mask_400,pop_SSP3,2050,25,707109000.0,2096.287600629662,1.980731,752317300.0
cdd_20p0,mask_400,pop_SSP3,2050,26,366683700.0,1367.27897452163,1.980731,384356320.0
cdd_20p0,mask_400,pop_SSP3,2060,1,2379042.5,206.48779846599592,2.268381,41926972.0
cdd_20p0,mask_400,pop_SSP3,2060,2,325842000.0,826.5285806933908,2.268381,390365020.0
cdd_20p0,mask_400,pop_SSP3,2060,3,107144340.0,975.7584038706322,2.268381,164916400.0
cdd_20p0,mask_400,pop_SSP3,2060,4,115896490.0,1364.9516576637263,2.268381,126652400.0
cdd_20p0,mask_400,pop_SSP3,2060,5,233965150.0,1843.296250728684,2.268381,235283580.0
cdd_20p0,mask_400,pop_SSP3,2060,6,184403200.0,1051.8036215206369,2.268381,279048260.0
cdd_20p0,mask_400,pop_SSP3,2060,7,344995200.0,1359.3285778600489,2.268381,345185540.0
cdd_20p0,mask_400,pop_SSP3,2060,8,1494932600.0,2753.55229180552,2.268381,1509065200.0
cdd_20p0,mask_400,pop_SSP3,2060,9,601501400.0,1503.194146682019,2.268381,816020200.0
cdd_20p0,mask_400,pop_SSP3,2060,10,61911516.0,702.8034418003372,2.268381,71220456.0
cdd_20p0,mask_400,pop_SSP3,2060,11,114514160.0,214.04103166627468,2.268381,426685060.0
cdd_20p0,mask_400,pop_SSP3,2060,12,31160492.0,282.8659111664912,2.268381,104345420.0
cdd_20p0,mask_400,pop_SSP3,2060,13,83777690.0,591.0390397098153,2.268381,104349270.0
cdd_20p0,mask_400,pop_SSP3,2060,14,17496484.0,329.8499668285393,2.268381,43786800.0
cdd_20p0,mask_400,pop_SSP3,2060,15,95273190.0,848.2423445919471,2.268381,122868824.0
cdd_20p0,mask_400,pop_SSP3,2060,16,38075812.0,315.0742763612749,2.268381,152645900.0
cdd_20p0,mask_400,pop_SSP3,2060,17,423374620.0,1699.6998110290788,2.268381,438224400.0
cdd_20p0,mask_400,pop_SSP3,2060,18,1760754300.0,2582.927195119217,2.268381,1781953500.0
cdd_20p0,mask_400,pop_SSP3,2060,19,58833800.0,520.0059419560395,2.268381,67400760.0
cdd_20p0,mask_400,pop_SSP3,2060,20,1131790500.0,972.5870105027242,2.268381,1268408000.0
cdd_20p0,mask_400,pop_SSP3,2060,21,504954940.0,2512.75324263426,2.268381,508313340.0
cdd_20p0,mask_400,pop_SSP3,2060,22,347226000.0,2242.1822103188683,2.268381,349039870.0
cdd_20p0,mask_400,pop_SSP3,2060,23,86055784.0,653.0427944497416,2.268381,98318810.0
cdd_20p0,mask_400,pop_SSP3,2060,24,24753548.0,472.2171486145887,2.268381,43135644.0
cdd_20p0,mask_400,pop_SSP3,2060,25,806432600.0,2191.730933829567,2.268381,845022850.0
cdd_20p0,mask_400,pop_SSP3,2060,26,450057060.0,1466.3401706750283,2.268381,461982820.0
cdd_20p0,mask_400,pop_SSP3,2070,1,2630124.8,237.39391890285933,2.554702,42907930.0
cdd_20p0,mask_400,pop_SSP3,2070,2,351913150.0,881.6868784982802,2.554702,407231700.0
cdd_20p0,mask_400,pop_SSP3,2070,3,116772000.0,1042.537230527783,2.554702,172477180.0
cdd_20p0,mask_400,pop_SSP3,2070,4,120700920.0,1439.7133662596975,2.554702,131902680.0
cdd_20p0,mask_400,pop_SSP3,2070,5,232190500.0,1943.0976227437588,2.554702,232856380.0
cdd_20p0,mask_400,pop_SSP3,2070,6,194353490.0,1110.845574602072,2.554702,287372580.0
cdd_20p0,mask_400,pop_SSP3,2070,7,373490080.0,1431.6351177957242,2.554702,373494530.0
cdd_20p0,mask_400,pop_SSP3,2070,8,1786442200.0,2863.4251392915235,2.554702,1803212200.0
cdd_20p0,mask_400,pop_SSP3,2070,9,728152260.0,1591.8917925692365,2.554702,939222000.0
cdd_20p0,mask_400,pop_SSP3,2070,10,64119852.0,767.4916146608819,2.554702,71749976.0
cdd_20p0,mask_400,pop_SSP3,2070,11,119906270.0,237.70358548864607,2.554702,430315070.0
cdd_20p0,mask_400,pop_SSP3,2070,12,33295824.0,320.31225216238744,2.554702,101163260.0
cdd_20p0,mask_400,pop_SSP3,2070,13,90411820.0,644.5786797965675,2.554702,105735150.0
cdd_20p0,mask_400,pop_SSP3,2070,14,21650912.0,373.3565601265071,2.554702,42083730.0
cdd_20p0,mask_400,pop_SSP3,2070,15,106393064.0,907.8975905474011,2.554702,131761620.0
cdd_20p0,mask_400,pop_SSP3,2070,16,42858160.0,351.32882073440896,2.554702,151516780.0
cdd_20p0,mask_400,pop_SSP3,2070,17,452815200.0,1784.649420270687,2.554702,467048130.0
cdd_20p0,mask_400,pop_SSP3,2070,18,1802215200.0,2688.4907203962994,2.554702,1821655300.0
cdd_20p0,mask_400,pop_SSP3,2070,19,55188704.0,559.8125175906977,2.554702,62143024.0
cdd_20p0,mask_400,pop_SSP3,2070,20,1068470460.0,1029.4836833062495,2.554702,1177790500.0
cdd_20p0,mask_400,pop_SSP3,2070,21,517935140.0,2603.1430853172533,2.554702,521132830.0
cdd_20p0,mask_400,pop_SSP3,2070,22,354313920.0,2317.5955504542208,2.554702,356155140.0
cdd_20p0,mask_400,pop_SSP3,2070,23,81667336.0,693.4418090254946,2.554702,92102504.0
cdd_20p0,mask_400,pop_SSP3,2070,24,26896466.0,508.13230467488665,2.554702,45144300.0
cdd_20p0,mask_400,pop_SSP3,2070,25,888724350.0,2286.792202269155,2.554702,929965500.0
cdd_20p0,mask_400,pop_SSP3,2070,26,526270530.0,1565.5742947460972,2.554702,537235700.0
cdd_20p0,mask_400,pop_SSP3,2080,1,7910189.0,270.67648963984374,2.845921,43977050.0
cdd_20p0,mask_400,pop_SSP3,2080,2,374464900.0,936.1861671959442,2.845921,425981920.0
cdd_20p0,mask_400,pop_SSP3,2080,3,125479040.0,1112.6376273466637,2.845921,179385540.0
cdd_20p0,mask_400,pop_SSP3,2080,4,129944750.0,1513.8646797508893,2.845921,136219100.0
cdd_20p0,mask_400,pop_SSP3,2080,5,228697250.0,2042.9312628448095,2.845921,229142990.0
cdd_20p0,mask_400,pop_SSP3,2080,6,200904740.0,1172.2161305044433,2.845921,293904060.0
cdd_20p0,mask_400,pop_SSP3,2080,7,400219800.0,1503.9197184760474,2.845921,400224580.0
cdd_20p0,mask_400,pop_SSP3,2080,8,2070262500.0,2971.7986724147677,2.845921,2086932400.0
cdd_20p0,mask_400,pop_SSP3,2080,9,845521500.0,1679.4415887777022,2.845921,1046764160.0
cdd_20p0,mask_400,pop_SSP3,2080,10,65572504.0,840.6886811878392,2.845921,71751544.0
cdd_20p0,mask_400,pop_SSP3,2080,11,131042140.0,264.17306997878757,2.845921,439119700.0
cdd_20p0,mask_400,pop_SSP3,2080,12,38690800.0,361.7748480831362,2.845921,99345624.0
cdd_20p0,mask_400,pop_SSP3,2080,13,95401840.0,700.4009421687958,2.845921,106874620.0
cdd_20p0,mask_400,pop_SSP3,2080,14,25013100.0,416.58931930897165,2.845921,41169890.0
cdd_20p0,mask_400,pop_SSP3,2080,15,117205150.0,966.7592685289345,2.845921,140167870.0
cdd_20p0,mask_400,pop_SSP3,2080,16,49451704.0,384.7604655020561,2.845921,152507900.0
cdd_20p0,mask_400,pop_SSP3,2080,17,479928060.0,1870.8600855323705,2.845921,491970240.0
cdd_20p0,mask_400,pop_SSP3,2080,18,1822388400.0,2790.6395008717245,2.845921,1841970200.0
cdd_20p0,mask_400,pop_SSP3,2080,19,52712430.0,597.5366133339569,2.845921,57913860.0
cdd_20p0,mask_400,pop_SSP3,2080,20,1017267300.0,1082.3436372233518,2.845921,1099774300.0
cdd_20p0,mask_400,pop_SSP3,2080,21,528714880.0,2689.8745249018575,2.845921,531978050.0
cdd_20p0,mask_400,pop_SSP3,2080,22,360055840.0,2391.1306476171535,2.845921,361496830.0
cdd_20p0,mask_400,pop_SSP3,2080,23,79218456.0,733.7331071650884,2.845921,87160590.0
cdd_20p0,mask_400,pop_SSP3,2080,24,28229884.0,547.608110432436,2.845921,47043750.0
cdd_20p0,mask_400,pop_SSP3,2080,25,958358300.0,2379.734690061604,2.845921,1002221500.0
cdd_20p0,mask_400,pop_SSP3,2080,26,595880300.0,1666.3413154058742,2.845921,604655900.0
cdd_20p0,mask_400,pop_SSP3,2090,1,14744201.0,312.5383114433879,3.137292,44979364.0
cdd_20p0,mask_400,pop_SSP3,2090,2,395975460.0,991.5384000301151,3.137292,444843650.0
cdd_20p0,mask_400,pop_SSP3,2090,3,130703500.0,1170.4836393750538,3.137292,186358780.0
cdd_20p0,mask_400,pop_SSP3,2090,4,134339840.0,1578.2661637233828,3.137292,140112080.0
cdd_20p0,mask_400,pop_SSP3,2090,5,225658270.0,2131.0397846333185,3.137292,226093950.0
cdd_20p0,mask_400,pop_SSP3,2090,6,207112540.0,1226.0206269913606,3.137292,299846850.0
cdd_20p0,mask_400,pop_SSP3,2090,7,426190430.0,1568.3738494566787,3.137292,426195500.0
cdd_20p0,mask_400,pop_SSP3,2090,8,2326305800.0,3059.987334526272,3.137292,2344929300.0
cdd_20p0,mask_400,pop_SSP3,2090,9,935190000.0,1757.0244992448615,3.137292,1143401300.0
cdd_20p0,mask_400,pop_SSP3,2090,10,66425510.0,904.1305700401772,3.137292,71592950.0
cdd_20p0,mask_400,pop_SSP3,2090,11,143177280.0,292.8275349022283,3.137292,450691100.0
cdd_20p0,mask_400,pop_SSP3,2090,12,42089730.0,406.7162186519643,3.137292,99307016.0
cdd_20p0,mask_400,pop_SSP3,2090,13,100149570.0,745.0332726305348,3.137292,108132840.0
cdd_20p0,mask_400,pop_SSP3,2090,14,27070464.0,465.57117706835334,3.137292,40975320.0
cdd_20p0,mask_400,pop_SSP3,2090,15,126214480.0,1025.07354687908,3.137292,147985220.0
cdd_20p0,mask_400,pop_SSP3,2090,16,56509264.0,423.6121265870021,3.137292,155349680.0
cdd_20p0,mask_400,pop_SSP3,2090,17,507825600.0,1947.515253610071,3.137292,516737860.0
cdd_20p0,mask_400,pop_SSP3,2090,18,1842926800.0,2889.7298994101293,3.137292,1862041900.0
cdd_20p0,mask_400,pop_SSP3,2090,19,51611050.0,637.0454870228264,3.137292,54595016.0
cdd_20p0,mask_400,pop_SSP3,2090,20,969870200.0,1143.319265063095,3.137292,1036669800.0
cdd_20p0,mask_400,pop_SSP3,2090,21,539283600.0,2773.1351198641564,3.137292,542610940.0
cdd_20p0,mask_400,pop_SSP3,2090,22,364544580.0,2456.4037908257383,3.137292,365927360.0
cdd_20p0,mask_400,pop_SSP3,2090,23,76472904.0,774.298946491,3.137292,83576390.0
cdd_20p0,mask_400,pop_SSP3,2090,24,29455124.0,582.4363354697485,3.137292,48830816.0
cdd_20p0,mask_400,pop_SSP3,2090,25,1024569900.0,2471.800391786441,3.137292,1067009540.0
cdd_20p0,mask_400,pop_SSP3,2090,26,650776600.0,1748.1580594988461,3.137292,659791700.0
cdd_20p0,mask_400,pop_SSP3,2100,1,23735300.0,362.888050882788,3.422318,46129350.0
cdd_20p0,mask_400,pop_SSP3,2100,2,425366820.0,1046.5904245961276,3.422318,466091900.0
cdd_20p0,mask_400,pop_SSP3,2100,3,137897150.0,1213.576536867556,3.422318,194026940.0
cdd_20p0,mask_400,pop_SSP3,2100,4,138340400.0,1630.519041642144,3.422318,144284480.0
cdd_20p0,mask_400,pop_SSP3,2100,5,224761260.0,2204.300193515852,3.422318,225164530.0
cdd_20p0,mask_400,pop_SSP3,2100,6,212085740.0,1270.3120201065276,3.422318,306703700.0
cdd_20p0,mask_400,pop_SSP3,2100,7,449402700.0,1622.7864345575238,3.422318,449408030.0
cdd_20p0,mask_400,pop_SSP3,2100,8,2554657800.0,3124.033847495619,3.422318,2563487200.0
cdd_20p0,mask_400,pop_SSP3,2100,9,1035846400.0,1821.9257911954955,3.422318,1230168000.0
cdd_20p0,mask_400,pop_SSP3,2100,10,66864676.0,955.4394247355671,3.422318,71287580.0
cdd_20p0,mask_400,pop_SSP3,2100,11,171865000.0,323.2415867812633,3.422318,464625340.0
cdd_20p0,mask_400,pop_SSP3,2100,12,44904880.0,454.4742857643513,3.422318,100308620.0
cdd_20p0,mask_400,pop_SSP3,2100,13,102567120.0,776.3770076755867,3.422318,109952550.0
cdd_20p0,mask_400,pop_SSP3,2100,14,29229140.0,519.7731670049886,3.422318,41067064.0
cdd_20p0,mask_400,pop_SSP3,2100,15,137875100.0,1081.4832707830453,3.422318,154809780.0
cdd_20p0,mask_400,pop_SSP3,2100,16,70049580.0,467.5488573368316,3.422318,158531020.0
cdd_20p0,mask_400,pop_SSP3,2100,17,532504540.0,2011.9614093857429,3.422318,540557630.0
cdd_20p0,mask_400,pop_SSP3,2100,18,1873826000.0,2983.246344348236,3.422318,1893265500.0
cdd_20p0,mask_400,pop_SSP3,2100,19,49825924.0,677.6317735801003,3.422318,51911252.0
cdd_20p0,mask_400,pop_SSP3,2100,20,936931140.0,1211.8464330233323,3.422318,991126700.0
cdd_20p0,mask_400,pop_SSP3,2100,21,551452400.0,2850.722495746955,3.422318,554794400.0
cdd_20p0,mask_400,pop_SSP3,2100,22,369201400.0,2511.1431387511034,3.422318,370172320.0
cdd_20p0,mask_400,pop_SSP3,2100,23,74539080.0,814.259722691427,3.422318,80829896.0
cdd_20p0,mask_400,pop_SSP3,2100,24,37740236.0,611.3812400212124,3.422318,50759870.0
cdd_20p0,mask_400,pop_SSP3,2100,25,1089324000.0,2560.8454159615712,3.422318,1129486200.0
cdd_20p0,mask_400,pop_SSP3,2100,26,697125800.0,1807.3311490330395,3.422318,706413600.0
cdd_20p0,mask_400,pop_SSP5,2040,1,0.0,149.99932996218874,1.693643,43332450.0
cdd_20p0,mask_400,pop_SSP5,2040,2,274193020.0,720.0663700483417,1.693643,380137380.0
cdd_20p0,mask_400,pop_SSP5,2040,3,82414300.0,857.0434308100689,1.693643,137109700.0
cdd_20p0,mask_400,pop_SSP5,2040,4,93734160.0,1224.8049620120212,1.693643,103039730.0
cdd_20p0,mask_400,pop_SSP5,2040,5,218952370.0,1652.716685460456,1.693643,224136160.0
cdd_20p0,mask_400,pop_SSP5,2040,6,151089200.0,937.8746166151848,1.693643,240428000.0
cdd_20p0,mask_400,pop_SSP5,2040,7,256748660.0,1221.6512638555087,1.693643,257347000.0
cdd_20p0,mask_400,pop_SSP5,2040,8,834091650.0,2547.5449938166284,1.693643,844544500.0
cdd_20p0,mask_400,pop_SSP5,2040,9,322701020.0,1336.4492485856038,1.693643,499649440.0
cdd_20p0,mask_400,pop_SSP5,2040,10,42293670.0,577.1686467988618,1.693643,67583850.0
cdd_20p0,mask_400,pop_SSP5,2040,11,95527270.0,169.84642529251468,1.693643,444985760.0
cdd_20p0,mask_400,pop_SSP5,2040,12,20457832.0,216.46970829854246,1.693643,110979220.0
cdd_20p0,mask_400,pop_SSP5,2040,13,62681490.0,493.2893435944102,1.693643,94398980.0
cdd_20p0,mask_400,pop_SSP5,2040,14,9117888.0,254.26825848046224,1.693643,49036920.0
cdd_20p0,mask_400,pop_SSP5,2040,15,64839428.0,734.5020256426483,1.693643,91172590.0
cdd_20p0,mask_400,pop_SSP5,2040,16,32231160.0,249.53119443797627,1.693643,160273680.0
cdd_20p0,mask_400,pop_SSP5,2040,17,321369570.0,1536.103649896121,1.693643,345014200.0
cdd_20p0,mask_400,pop_SSP5,2040,18,1539794600.0,2389.4723308778694,1.693643,1561527600.0
cdd_20p0,mask_400,pop_SSP5,2040,19,62885996.0,443.27096552868113,1.693643,76385490.0
cdd_20p0,mask_400,pop_SSP5,2040,20,1194716400.0,862.1173785334898,1.693643,1411498900.0
cdd_20p0,mask_400,pop_SSP5,2040,21,441758880.0,2338.8112884040856,1.693643,445349380.0
cdd_20p0,mask_400,pop_SSP5,2040,22,309387100.0,2098.411166544547,1.693643,311905200.0
cdd_20p0,mask_400,pop_SSP5,2040,23,98103830.0,577.3847974894898,1.693643,114660220.0
cdd_20p0,mask_400,pop_SSP5,2040,24,22442398.0,408.3083890994011,1.693643,40330000.0
cdd_20p0,mask_400,pop_SSP5,2040,25,558103040.0,2014.6843314175455,1.693643,594712060.0
cdd_20p0,mask_400,pop_SSP5,2040,26,261796690.0,1278.1230831969822,1.693643,279094100.0
cdd_20p0,mask_400,pop_SSP5,2050,1,699556.4,175.95455775891938,1.980731,46331800.0
cdd_20p0,mask_400,pop_SSP5,2050,2,315230080.0,769.7297902064133,1.980731,402577570.0
cdd_20p0,mask_400,pop_SSP5,2050,3,86584540.0,909.7804084584513,1.980731,138332980.0
cdd_20p0,mask_400,pop_SSP5,2050,4,93947144.0,1290.1806348544483,1.980731,103273816.0
cdd_20p0,mask_400,pop_SSP5,2050,5,220354720.0,1742.558069312099,1.980731,221886370.0
cdd_20p0,mask_400,pop_SSP5,2050,6,157658500.0,992.1010151102838,1.980731,242080480.0
cdd_20p0,mask_400,pop_SSP5,2050,7,273232670.0,1285.7270969355916,1.980731,273583650.0
cdd_20p0,mask_400,pop_SSP5,2050,8,961428200.0,2643.173636603535,1.980731,972528600.0
cdd_20p0,mask_400,pop_SSP5,2050,9,388847600.0,1414.6697687033507,1.980731,557712000.0
cdd_20p0,mask_400,pop_SSP5,2050,10,57313904.0,638.4356302757942,1.980731,69496184.0
cdd_20p0,mask_400,pop_SSP5,2050,11,110116640.0,190.94507665265613,1.980731,461321340.0
cdd_20p0,mask_400,pop_SSP5,2050,12,24076620.0,246.4612295212407,1.980731,106517320.0
cdd_20p0,mask_400,pop_SSP5,2050,13,67095856.0,536.7249367163197,1.980731,96206350.0
cdd_20p0,mask_400,pop_SSP5,2050,14,14806988.0,286.60623661638397,1.980731,47891656.0
cdd_20p0,mask_400,pop_SSP5,2050,15,71742240.0,786.5709923319112,1.980731,95126180.0
cdd_20p0,mask_400,pop_SSP5,2050,16,36769130.0,278.18111524560396,1.980731,161663440.0
cdd_20p0,mask_400,pop_SSP5,2050,17,353371900.0,1613.0085577649347,1.980731,370126800.0
cdd_20p0,mask_400,pop_SSP5,2050,18,1548937500.0,2477.98992365569,1.980731,1569378600.0
cdd_20p0,mask_400,pop_SSP5,2050,19,61743020.0,479.7456206789228,1.980731,73432060.0
cdd_20p0,mask_400,pop_SSP5,2050,20,1170608800.0,914.3934816085816,1.980731,1347515400.0
cdd_20p0,mask_400,pop_SSP5,2050,21,445989820.0,2421.8497881970584,1.980731,449605060.0
cdd_20p0,mask_400,pop_SSP5,2050,22,312054800.0,2167.0175502460997,1.980731,314093250.0
cdd_20p0,mask_400,pop_SSP5,2050,23,94597920.0,612.6828833000473,1.980731,109667816.0
cdd_20p0,mask_400,pop_SSP5,2050,24,24604732.0,437.31199466774746,1.980731,43495732.0
cdd_20p0,mask_400,pop_SSP5,2050,25,588331600.0,2096.940414476808,1.980731,625951600.0
cdd_20p0,mask_400,pop_SSP5,2050,26,303382660.0,1367.7498327252672,1.980731,318077120.0
cdd_20p0,mask_400,pop_SSP5,2060,1,2742087.2,206.24477024456172,2.268381,48951268.0
cdd_20p0,mask_400,pop_SSP5,2060,2,351312060.0,825.0788074386262,2.268381,421112130.0
cdd_20p0,mask_400,pop_SSP5,2060,3,88746130.0,975.3678732275484,2.268381,136508750.0
cdd_20p0,mask_400,pop_SSP5,2060,4,92484530.0,1364.922862652734,2.268381,101067450.0
cdd_20p0,mask_400,pop_SSP5,2060,5,213837520.0,1842.4842757913104,2.268381,215042690.0
cdd_20p0,mask_400,pop_SSP5,2060,6,157613120.0,1050.781507634954,2.268381,238479630.0
cdd_20p0,mask_400,pop_SSP5,2060,7,281753570.0,1358.0400396436155,2.268381,281909000.0
cdd_20p0,mask_400,pop_SSP5,2060,8,1065498500.0,2753.30993299247,2.268381,1075628300.0
cdd_20p0,mask_400,pop_SSP5,2060,9,441792030.0,1503.6505342694477,2.268381,599240960.0
cdd_20p0,mask_400,pop_SSP5,2060,10,60425864.0,701.4992776341462,2.268381,69534510.0
cdd_20p0,mask_400,pop_SSP5,2060,11,127244130.0,214.01424657041662,2.268381,474071840.0
cdd_20p0,mask_400,pop_SSP5,2060,12,30540904.0,282.83875567034966,2.268381,102216340.0
cdd_20p0,mask_400,pop_SSP5,2060,13,76838590.0,589.4698930796727,2.268381,95719980.0
cdd_20p0,mask_400,pop_SSP5,2060,14,18567382.0,329.7703420286123,2.268381,46516504.0
cdd_20p0,mask_400,pop_SSP5,2060,15,74318950.0,846.2819255310716,2.268381,95867900.0
cdd_20p0,mask_400,pop_SSP5,2060,16,40362324.0,314.8259021784025,2.268381,162185360.0
cdd_20p0,mask_400,pop_SSP5,2060,17,372022850.0,1697.814899680375,2.268381,385069500.0
cdd_20p0,mask_400,pop_SSP5,2060,18,1521200600.0,2584.0163269842487,2.268381,1539514600.0
cdd_20p0,mask_400,pop_SSP5,2060,19,60218224.0,520.1134645348196,2.268381,68967150.0
cdd_20p0,mask_400,pop_SSP5,2060,20,1116576300.0,972.3198762654504,2.268381,1251398500.0
cdd_20p0,mask_400,pop_SSP5,2060,21,440384600.0,2513.3495167151827,2.268381,443314000.0
cdd_20p0,mask_400,pop_SSP5,2060,22,307256400.0,2242.99919785493,2.268381,308861500.0
cdd_20p0,mask_400,pop_SSP5,2060,23,91978590.0,653.0961497110959,2.268381,105085610.0
cdd_20p0,mask_400,pop_SSP5,2060,24,26518400.0,472.2844721740433,2.268381,46211076.0
cdd_20p0,mask_400,pop_SSP5,2060,25,610277100.0,2192.411947002293,2.268381,639516160.0
cdd_20p0,mask_400,pop_SSP5,2060,26,338654460.0,1466.9135705799654,2.268381,347721730.0
cdd_20p0,mask_400,pop_SSP5,2070,1,3071568.5,237.1315484311441,2.554702,50957204.0
cdd_20p0,mask_400,pop_SSP5,2070,2,376334180.0,880.1987462599391,2.554702,435736060.0
cdd_20p0,mask_400,pop_SSP5,2070,3,89838560.0,1042.0712632554594,2.554702,132594584.0
cdd_20p0,mask_400,pop_SSP5,2070,4,89063224.0,1439.5420093901487,2.554702,97328590.0
cdd_20p0,mask_400,pop_SSP5,2070,5,203682640.0,1942.2684364366373,2.554702,204266880.0
cdd_20p0,mask_400,pop_SSP5,2070,6,156113400.0,1109.8086036012548,2.554702,230797540.0
cdd_20p0,mask_400,pop_SSP5,2070,7,282726800.0,1430.3074976191458,2.554702,282730140.0
cdd_20p0,mask_400,pop_SSP5,2070,8,1140224500.0,2863.177243519746,2.554702,1151005600.0
cdd_20p0,mask_400,pop_SSP5,2070,9,483457820.0,1592.3600036972032,2.554702,623450400.0
cdd_20p0,mask_400,pop_SSP5,2070,10,60602224.0,766.108446937503,2.554702,67827340.0
cdd_20p0,mask_400,pop_SSP5,2070,11,133955480.0,237.67244650912778,2.554702,480712100.0
cdd_20p0,mask_400,pop_SSP5,2070,12,32078152.0,320.2840037714026,2.554702,97409496.0
cdd_20p0,mask_400,pop_SSP5,2070,13,79807380.0,642.9480877285102,2.554702,93346936.0
cdd_20p0,mask_400,pop_SSP5,2070,14,23072064.0,373.26782488594273,2.554702,44880170.0
cdd_20p0,mask_400,pop_SSP5,2070,15,76236210.0,905.8349823513845,2.554702,94441750.0
cdd_20p0,mask_400,pop_SSP5,2070,16,45355810.0,351.06915155188716,2.554702,160806910.0
cdd_20p0,mask_400,pop_SSP5,2070,17,377164860.0,1782.7373896236363,2.554702,389016320.0
cdd_20p0,mask_400,pop_SSP5,2070,18,1462367500.0,2689.57771313322,2.554702,1478133200.0
cdd_20p0,mask_400,pop_SSP5,2070,19,56300310.0,559.9261618182122,2.554702,63368810.0
cdd_20p0,mask_400,pop_SSP5,2070,20,1034608800.0,1029.2118465587166,2.554702,1140496000.0
cdd_20p0,mask_400,pop_SSP5,2070,21,425781060.0,2603.808192354664,2.554702,428410430.0
cdd_20p0,mask_400,pop_SSP5,2070,22,295579900.0,2318.411995273771,2.554702,297115900.0
cdd_20p0,mask_400,pop_SSP5,2070,23,88413620.0,693.4977839178666,2.554702,99710800.0
cdd_20p0,mask_400,pop_SSP5,2070,24,28688260.0,508.20197172127183,2.554702,48151736.0
cdd_20p0,mask_400,pop_SSP5,2070,25,609789060.0,2287.5117066940534,2.554702,638131300.0
cdd_20p0,mask_400,pop_SSP5,2070,26,359464500.0,1566.2532781162415,2.554702,367066000.0
cdd_20p0,mask_400,pop_SSP5,2080,1,9316183.0,270.40001972492047,2.845921,52262844.0
cdd_20p0,mask_400,pop_SSP5,2080,2,391855700.0,934.6563900291939,2.845921,446012320.0
cdd_20p0,mask_400,pop_SSP5,2080,3,89220020.0,1112.1033398182835,2.845921,127441710.0
cdd_20p0,mask_400,pop_SSP5,2080,4,88321360.0,1513.5513537740346,2.845921,92585890.0
cdd_20p0,mask_400,pop_SSP5,2080,5,190364590.0,2042.086383389154,2.845921,190735710.0
cdd_20p0,mask_400,pop_SSP5,2080,6,150540700.0,1171.1675545795247,2.845921,220191060.0
cdd_20p0,mask_400,pop_SSP5,2080,7,278586560.0,1502.557597816018,2.845921,278589900.0
cdd_20p0,mask_400,pop_SSP5,2080,8,1189293200.0,2971.549549772764,2.845921,1198967000.0
cdd_20p0,mask_400,pop_SSP5,2080,9,510100770.0,1679.9245084938702,2.845921,631325600.0
cdd_20p0,mask_400,pop_SSP5,2080,10,59067010.0,839.217606340707,2.845921,64640944.0
cdd_20p0,mask_400,pop_SSP5,2080,11,144111100.0,264.13734681015757,2.845921,482969020.0
cdd_20p0,mask_400,pop_SSP5,2080,12,35953560.0,361.74453461698914,2.845921,92288720.0
cdd_20p0,mask_400,pop_SSP5,2080,13,80119330.0,698.7093716383249,2.845921,89766420.0
cdd_20p0,mask_400,pop_SSP5,2080,14,26087352.0,416.4914643204927,2.845921,42962130.0
cdd_20p0,mask_400,pop_SSP5,2080,15,76840690.0,964.594339123663,2.845921,91924680.0
cdd_20p0,mask_400,pop_SSP5,2080,16,51006824.0,384.4889073728756,2.845921,157745150.0
cdd_20p0,mask_400,pop_SSP5,2080,17,374754430.0,1868.9147289470816,2.845921,384154720.0
cdd_20p0,mask_400,pop_SSP5,2080,18,1375119600.0,2791.7164579838545,2.845921,1389885600.0
cdd_20p0,mask_400,pop_SSP5,2080,19,52745428.0,597.6560785580998,2.845921,57924530.0
cdd_20p0,mask_400,pop_SSP5,2080,20,954068160.0,1082.0672325731814,2.845921,1031476350.0
cdd_20p0,mask_400,pop_SSP5,2080,21,405025760.0,2690.597373923209,2.845921,407526200.0
cdd_20p0,mask_400,pop_SSP5,2080,22,280180030.0,2391.9482826697217,2.845921,281301340.0
cdd_20p0,mask_400,pop_SSP5,2080,23,84379450.0,733.7915232187153,2.845921,92839010.0
cdd_20p0,mask_400,pop_SSP5,2080,24,29574988.0,547.6800273687965,2.845921,49285304.0
cdd_20p0,mask_400,pop_SSP5,2080,25,597251460.0,2380.5190327502114,2.845921,624636300.0
cdd_20p0,mask_400,pop_SSP5,2080,26,371130000.0,1667.142053078094,2.845921,376710100.0
cdd_20p0,mask_400,pop_SSP5,2090,1,16995594.0,312.2472934882779,3.137292,52095904.0
cdd_20p0,mask_400,pop_SSP5,2090,2,398860450.0,989.981193972975,3.137292,448334460.0
cdd_20p0,mask_400,pop_SSP5,2090,3,85113960.0,1169.895391582969,3.137292,121236936.0
cdd_20p0,mask_400,pop_SSP5,2090,4,83385030.0,1577.8370552762708,3.137292,86967870.0
cdd_20p0,mask_400,pop_SSP5,2090,5,175463580.0,2130.1804697374055,3.137292,175802430.0
cdd_20p0,mask_400,pop_SSP5,2090,6,143085860.0,1224.9690404781823,3.137292,207117020.0
cdd_20p0,mask_400,pop_SSP5,2090,7,271135070.0,1566.977932178976,3.137292,271138300.0
cdd_20p0,mask_400,pop_SSP5,2090,8,1206406700.0,3059.73380475231,3.137292,1216166100.0
cdd_20p0,mask_400,pop_SSP5,2090,9,510724030.0,1757.520305025155,3.137292,624225340.0
cdd_20p0,mask_400,pop_SSP5,2090,10,55968350.0,902.5928153578826,3.137292,60318396.0
cdd_20p0,mask_400,pop_SSP5,2090,11,150799780.0,292.7864913541419,3.137292,474767650.0
cdd_20p0,mask_400,pop_SSP5,2090,12,36952970.0,406.6810295145476,3.137292,87156970.0
cdd_20p0,mask_400,pop_SSP5,2090,13,79070580.0,743.2945062826769,3.137292,85383620.0
cdd_20p0,mask_400,pop_SSP5,2090,14,26934480.0,465.46680018783053,3.137292,40788630.0
cdd_20p0,mask_400,pop_SSP5,2090,15,75554880.0,1022.8224257912956,3.137292,88606020.0
cdd_20p0,mask_400,pop_SSP5,2090,16,55567856.0,423.33342549193156,3.137292,153171410.0
cdd_20p0,mask_400,pop_SSP5,2090,17,366292540.0,1945.536825610636,3.137292,372719740.0
cdd_20p0,mask_400,pop_SSP5,2090,18,1267015300.0,2890.7802458472365,3.137292,1280144800.0
cdd_20p0,mask_400,pop_SSP5,2090,19,49755316.0,637.1703228881856,3.137292,52603030.0
cdd_20p0,mask_400,pop_SSP5,2090,20,863269060.0,1143.0424447724156,3.137292,922740200.0
cdd_20p0,mask_400,pop_SSP5,2090,21,379537200.0,2773.928644711647,3.137292,381879500.0
cdd_20p0,mask_400,pop_SSP5,2090,22,261945380.0,2457.216652735432,3.137292,262939000.0
cdd_20p0,mask_400,pop_SSP5,2090,23,78152940.0,774.3590415015285,3.137292,85412500.0
cdd_20p0,mask_400,pop_SSP5,2090,24,29597478.0,582.5099612101297,3.137292,49066810.0
cdd_20p0,mask_400,pop_SSP5,2090,25,577472830.0,2472.659316549031,3.137292,601448960.0
cdd_20p0,mask_400,pop_SSP5,2090,26,371003740.0,1749.046987849253,3.137292,376255400.0
cdd_20p0,mask_400,pop_SSP5,2100,1,25605336.0,362.58231728527676,3.422318,49873596.0
cdd_20p0,mask_400,pop_SSP5,2100,2,401257150.0,1045.0220176518294,3.422318,439881250.0
cdd_20p0,mask_400,pop_SSP5,2100,3,80704440.0,1212.951307894765,3.422318,113432290.0
cdd_20p0,mask_400,pop_SSP5,2100,4,77247070.0,1630.0055019553638,3.422318,80566170.0
cdd_20p0,mask_400,pop_SSP5,2100,5,159251860.0,2203.4281472772664,3.422318,159537630.0
cdd_20p0,mask_400,pop_SSP5,2100,6,132526180.0,1269.2669303619496,3.422318,191616370.0
cdd_20p0,mask_400,pop_SSP5,2100,7,260874130.0,1621.3582491257566,3.422318,260877220.0
cdd_20p0,mask_400,pop_SSP5,2100,8,1197823200.0,3123.7725158669814,3.422318,1201983700.0
cdd_20p0,mask_400,pop_SSP5,2100,9,509002660.0,1822.4321931727156,3.422318,604439230.0
cdd_20p0,mask_400,pop_SSP5,2100,10,51980428.0,953.8597966565357,3.422318,55405904.0
cdd_20p0,mask_400,pop_SSP5,2100,11,167546350.0,323.1945331247716,3.422318,453007740.0
cdd_20p0,mask_400,pop_SSP5,2100,12,36683890.0,454.43124274753507,3.422318,81932770.0
cdd_20p0,mask_400,pop_SSP5,2100,13,75126264.0,774.6072392503341,3.422318,80546520.0
cdd_20p0,mask_400,pop_SSP5,2100,14,27345256.0,519.6652674936863,3.422318,38433052.0
cdd_20p0,mask_400,pop_SSP5,2100,15,75661250.0,1079.1656011152086,3.422318,84967690.0
cdd_20p0,mask_400,pop_SSP5,2100,16,65029684.0,467.26838593153474,3.422318,147491890.0
cdd_20p0,mask_400,pop_SSP5,2100,17,350456320.0,2009.9509286682207,3.422318,355755700.0
cdd_20p0,mask_400,pop_SSP5,2100,18,1146292000.0,2984.252468703497,3.422318,1158173400.0
cdd_20p0,mask_400,pop_SSP5,2100,19,45132704.0,677.7613653830433,3.422318,47005696.0
cdd_20p0,mask_400,pop_SSP5,2100,20,779640060.0,1211.5737672520772,3.422318,824748540.0
cdd_20p0,mask_400,pop_SSP5,2100,21,350546620.0,2851.5993234734938,3.422318,352670080.0
cdd_20p0,mask_400,pop_SSP5,2100,22,241608450.0,2511.9447839853624,3.422318,242243790.0
cdd_20p0,mask_400,pop_SSP5,2100,23,71358500.0,814.3206219252139,3.422318,77380890.0
cdd_20p0,mask_400,pop_SSP5,2100,24,35147916.0,611.4559420427345,3.422318,47273250.0
cdd_20p0,mask_400,pop_SSP5,2100,25,551555700.0,2561.7879585979204,3.422318,571949250.0
cdd_20p0,mask_400,pop_SSP5,2100,26,362188400.0,1808.2694305617972,3.422318,367119550.0
cdd_24p0,mask_50,pop_SSP1,2040,1,2390939.8,23.56610384461284,1.693643,41337404.0
cdd_24p0,mask_50,pop_SSP1,2040,2,313223360.0,294.69973446564467,1.693643,367037060.0
cdd_24p0,mask_50,pop_SSP1,2040,3,74358100.0,324.80572902824656,1.693643,138872290.0
cdd_24p0,mask_50,pop_SSP1,2040,4,88258460.0,422.63790513180214,1.693643,105208740.0
cdd_24p0,mask_50,pop_SSP1,2040,5,216259740.0,620.5061179101947,1.693643,224225860.0
cdd_24p0,mask_50,pop_SSP1,2040,6,129668040.0,361.4864329807069,1.693643,242465470.0
cdd_24p0,mask_50,pop_SSP1,2040,7,258588530.0,589.0925280116239,1.693643,258731170.0
cdd_24p0,mask_50,pop_SSP1,2040,8,826213500.0,1258.0378436568353,1.693643,848988800.0
cdd_24p0,mask_50,pop_SSP1,2040,9,264655330.0,553.5183524680027,1.693643,504946800.0
cdd_24p0,mask_50,pop_SSP1,2040,10,42464548.0,125.87120964834196,1.693643,67584720.0
cdd_24p0,mask_50,pop_SSP1,2040,11,123539100.0,44.75621558857854,1.693643,431206400.0
cdd_24p0,mask_50,pop_SSP1,2040,12,38010500.0,50.83170012134233,1.693643,111707960.0
cdd_24p0,mask_50,pop_SSP1,2040,13,75456344.0,192.4173721533245,1.693643,94843990.0
cdd_24p0,mask_50,pop_SSP1,2040,14,26399836.0,59.55037703085146,1.693643,48440990.0
cdd_24p0,mask_50,pop_SSP1,2040,15,78351970.0,331.79564400721716,1.693643,92945240.0
cdd_24p0,mask_50,pop_SSP1,2040,16,59447656.0,74.07389547964398,1.693643,156855440.0
cdd_24p0,mask_50,pop_SSP1,2040,17,321490880.0,880.5166298842144,1.693643,342136600.0
cdd_24p0,mask_50,pop_SSP1,2040,18,1538415100.0,1303.1951513193078,1.693643,1563959600.0
cdd_24p0,mask_50,pop_SSP1,2040,19,68372600.0,129.534524578654,1.693643,76428100.0
cdd_24p0,mask_50,pop_SSP1,2040,20,1265006300.0,361.7334076371044,1.693643,1414905100.0
cdd_24p0,mask_50,pop_SSP1,2040,21,440822980.0,1165.8954550674523,1.693643,445849020.0
cdd_24p0,mask_50,pop_SSP1,2040,22,303407100.0,984.8800924364962,1.693643,312030500.0
cdd_24p0,mask_50,pop_SSP1,2040,23,103166190.0,209.01053857712574,1.693643,113431120.0
cdd_24p0,mask_50,pop_SSP1,2040,24,28607920.0,114.23995410679498,1.693643,38909136.0
cdd_24p0,mask_50,pop_SSP1,2040,25,570579600.0,1129.2377796926755,1.693643,606828100.0
cdd_24p0,mask_50,pop_SSP1,2040,26,236997010.0,359.5218703367833,1.693643,281171600.0
cdd_24p0,mask_50,pop_SSP1,2050,1,8945240.0,31.01199647373557,1.980731,42730160.0
cdd_24p0,mask_50,pop_SSP1,2050,2,331483970.0,325.15428234648004,1.980731,379067230.0
cdd_24p0,mask_50,pop_SSP1,2050,3,79611990.0,353.89942420031906,1.980731,141275540.0
cdd_24p0,mask_50,pop_SSP1,2050,4,91076910.0,468.83533254767787,1.980731,106730440.0
cdd_24p0,mask_50,pop_SSP1,2050,5,216027200.0,684.8427487096236,1.980731,222007940.0
cdd_24p0,mask_50,pop_SSP1,2050,6,135240380.0,396.567872845898,1.980731,245458220.0
cdd_24p0,mask_50,pop_SSP1,2050,7,275902370.0,637.2584436137929,1.980731,276054530.0
cdd_24p0,mask_50,pop_SSP1,2050,8,958849800.0,1346.4714746011934,1.980731,981780860.0
cdd_24p0,mask_50,pop_SSP1,2050,9,311299000.0,595.001554872901,1.980731,567637300.0
cdd_24p0,mask_50,pop_SSP1,2050,10,45986364.0,149.62099240124036,1.980731,69499650.0
cdd_24p0,mask_50,pop_SSP1,2050,11,138937940.0,53.326702289011116,1.980731,436203360.0
cdd_24p0,mask_50,pop_SSP1,2050,12,41267016.0,62.38150722077136,1.980731,107122160.0
cdd_24p0,mask_50,pop_SSP1,2050,13,80699790.0,218.14131831679285,1.980731,96936720.0
cdd_24p0,mask_50,pop_SSP1,2050,14,29105348.0,72.51476705311059,1.980731,46647932.0
cdd_24p0,mask_50,pop_SSP1,2050,15,84399280.0,366.6376829873366,1.980731,98202280.0
cdd_24p0,mask_50,pop_SSP1,2050,16,69343600.0,86.7583153435939,1.980731,155298020.0
cdd_24p0,mask_50,pop_SSP1,2050,17,344747000.0,939.2038419606198,1.980731,365695940.0
cdd_24p0,mask_50,pop_SSP1,2050,18,1549514900.0,1375.873518289628,1.980731,1573453300.0
cdd_24p0,mask_50,pop_SSP1,2050,19,67067588.0,148.94033149856628,1.980731,73376910.0
cdd_24p0,mask_50,pop_SSP1,2050,20,1228016600.0,395.7700396106631,1.980731,1352791300.0
cdd_24p0,mask_50,pop_SSP1,2050,21,445976450.0,1241.7549735180853,1.980731,450295300.0
cdd_24p0,mask_50,pop_SSP1,2050,22,305912600.0,1051.020633962659,1.980731,314288030.0
cdd_24p0,mask_50,pop_SSP1,2050,23,98333620.0,229.61297110167655,1.980731,107435820.0
cdd_24p0,mask_50,pop_SSP1,2050,24,31515366.0,127.01009806123326,1.980731,40958290.0
cdd_24p0,mask_50,pop_SSP1,2050,25,617028600.0,1193.9863073689453,1.980731,647567100.0
cdd_24p0,mask_50,pop_SSP1,2050,26,280417280.0,407.9426173439869,1.980731,322151000.0
cdd_24p0,mask_50,pop_SSP1,2060,1,16847254.0,40.654626825976784,2.268381,43724424.0
cdd_24p0,mask_50,pop_SSP1,2060,2,343573900.0,361.4078099522819,2.268381,386854980.0
cdd_24p0,mask_50,pop_SSP1,2060,3,85373390.0,390.57342258470493,2.268381,140542530.0
cdd_24p0,mask_50,pop_SSP1,2060,4,92620050.0,524.3116444189684,2.268381,105595120.0
cdd_24p0,mask_50,pop_SSP1,2060,5,210006530.0,758.8517691611877,2.268381,215165280.0
cdd_24p0,mask_50,pop_SSP1,2060,6,142030940.0,435.7239491559826,2.268381,243065360.0
cdd_24p0,mask_50,pop_SSP1,2060,7,285473000.0,692.3816256569993,2.268381,285476380.0
cdd_24p0,mask_50,pop_SSP1,2060,8,1069977660.0,1449.5721551445597,2.268381,1090710100.0
cdd_24p0,mask_50,pop_SSP1,2060,9,352836860.0,644.411785715277,2.268381,614193150.0
cdd_24p0,mask_50,pop_SSP1,2060,10,60504420.0,176.5129399661048,2.268381,69521660.0
cdd_24p0,mask_50,pop_SSP1,2060,11,159865540.0,63.6867030883766,2.268381,437019330.0
cdd_24p0,mask_50,pop_SSP1,2060,12,43246310.0,78.33675767536837,2.268381,102368690.0
cdd_24p0,mask_50,pop_SSP1,2060,13,88740340.0,250.687395546735,2.268381,96692240.0
cdd_24p0,mask_50,pop_SSP1,2060,14,30641132.0,92.0585395129933,2.268381,44486428.0
cdd_24p0,mask_50,pop_SSP1,2060,15,87135950.0,408.26501964787815,2.268381,100182490.0
cdd_24p0,mask_50,pop_SSP1,2060,16,81691150.0,104.46819754540182,2.268381,152653250.0
cdd_24p0,mask_50,pop_SSP1,2060,17,363794140.0,1004.2417762722954,2.268381,379247300.0
cdd_24p0,mask_50,pop_SSP1,2060,18,1524346100.0,1463.8268153474228,2.268381,1545084400.0
cdd_24p0,mask_50,pop_SSP1,2060,19,65409810.0,172.2402752666458,2.268381,68708940.0
cdd_24p0,mask_50,pop_SSP1,2060,20,1158788200.0,434.77731633763943,2.268381,1258049700.0
cdd_24p0,mask_50,pop_SSP1,2060,21,440135200.0,1326.1203517608685,2.268381,444014660.0
cdd_24p0,mask_50,pop_SSP1,2060,22,301597760.0,1124.7014659180347,2.268381,309094800.0
cdd_24p0,mask_50,pop_SSP1,2060,23,93805080.0,254.29395018916347,2.268381,101781510.0
cdd_24p0,mask_50,pop_SSP1,2060,24,33251082.0,143.06518285466174,2.268381,42555550.0
cdd_24p0,mask_50,pop_SSP1,2060,25,641105660.0,1269.152098251606,2.268381,671092740.0
cdd_24p0,mask_50,pop_SSP1,2060,26,319696200.0,467.65413225122353,2.268381,354106900.0
cdd_24p0,mask_50,pop_SSP1,2070,1,23617004.0,51.02800631428802,2.554702,44364012.0
cdd_24p0,mask_50,pop_SSP1,2070,2,359040320.0,397.84619314093595,2.554702,392172800.0
cdd_24p0,mask_50,pop_SSP1,2070,3,85614850.0,428.1768309303621,2.554702,137426370.0
cdd_24p0,mask_50,pop_SSP1,2070,4,92664744.0,580.4084546490448,2.554702,102546620.0
cdd_24p0,mask_50,pop_SSP1,2070,5,202896700.0,833.2781632244984,2.554702,204359040.0
cdd_24p0,mask_50,pop_SSP1,2070,6,143823940.0,475.4543129588159,2.554702,236221260.0
cdd_24p0,mask_50,pop_SSP1,2070,7,287184900.0,747.738602435001,2.554702,287188320.0
cdd_24p0,mask_50,pop_SSP1,2070,8,1156886000.0,1552.8376500336194,2.554702,1171714300.0
cdd_24p0,mask_50,pop_SSP1,2070,9,390108930.0,694.1608986053604,2.554702,642925440.0
cdd_24p0,mask_50,pop_SSP1,2070,10,60468784.0,205.276584477233,2.554702,67755464.0
cdd_24p0,mask_50,pop_SSP1,2070,11,179744220.0,74.6005092293753,2.554702,433117380.0
cdd_24p0,mask_50,pop_SSP1,2070,12,48274984.0,95.46153369617664,2.554702,96934740.0
cdd_24p0,mask_50,pop_SSP1,2070,13,88305790.0,284.33543012230314,2.554702,94466090.0
cdd_24p0,mask_50,pop_SSP1,2070,14,30981456.0,112.55743158464546,2.554702,42106644.0
cdd_24p0,mask_50,pop_SSP1,2070,15,89098910.0,450.0145449618084,2.554702,99628890.0
cdd_24p0,mask_50,pop_SSP1,2070,16,94091970.0,122.35270428654256,2.554702,148472910.0
cdd_24p0,mask_50,pop_SSP1,2070,17,367064320.0,1069.7202835779528,2.554702,382055680.0
cdd_24p0,mask_50,pop_SSP1,2070,18,1465970700.0,1551.6497028203682,2.554702,1484759600.0
cdd_24p0,mask_50,pop_SSP1,2070,19,60353564.0,195.38126374641234,2.554702,62868164.0
cdd_24p0,mask_50,pop_SSP1,2070,20,1067155460.0,473.22837210621293,2.554702,1147859800.0
cdd_24p0,mask_50,pop_SSP1,2070,21,425222530.0,1409.8039179801267,2.554702,428890880.0
cdd_24p0,mask_50,pop_SSP1,2070,22,290633540.0,1197.9390704223501,2.554702,297357660.0
cdd_24p0,mask_50,pop_SSP1,2070,23,88496360.0,278.913948592848,2.554702,95463000.0
cdd_24p0,mask_50,pop_SSP1,2070,24,35235104.0,159.76652142552473,2.554702,43537636.0
cdd_24p0,mask_50,pop_SSP1,2070,25,647939000.0,1344.1432544138224,2.554702,677983000.0
cdd_24p0,mask_50,pop_SSP1,2070,26,343789000.0,529.144685888123,2.554702,375558880.0
cdd_24p0,mask_50,pop_SSP1,2080,1,25648272.0,64.24615403400449,2.845921,44620250.0
cdd_24p0,mask_50,pop_SSP1,2080,2,366498300.0,434.6589404269299,2.845921,395203330.0
cdd_24p0,mask_50,pop_SSP1,2080,3,86366580.0,468.8403517985552,2.845921,132715140.0
cdd_24p0,mask_50,pop_SSP1,2080,4,89192696.0,638.4130125885259,2.845921,98098780.0
cdd_24p0,mask_50,pop_SSP1,2080,5,189692980.0,909.3096521001615,2.845921,190773550.0
cdd_24p0,mask_50,pop_SSP1,2080,6,139527940.0,517.8837458403365,2.845921,226005010.0
cdd_24p0,mask_50,pop_SSP1,2080,7,283654700.0,804.0339779282914,2.845921,283658080.0
cdd_24p0,mask_50,pop_SSP1,2080,8,1208756200.0,1656.1700380351517,2.845921,1224136200.0
cdd_24p0,mask_50,pop_SSP1,2080,9,415719040.0,744.7888819964836,2.845921,654119700.0
cdd_24p0,mask_50,pop_SSP1,2080,10,58847250.0,242.1752945709359,2.845921,64471650.0
cdd_24p0,mask_50,pop_SSP1,2080,11,207981500.0,87.74658197993494,2.845921,426984860.0
cdd_24p0,mask_50,pop_SSP1,2080,12,60609980.0,116.88451214404785,2.845921,91174940.0
cdd_24p0,mask_50,pop_SSP1,2080,13,86961410.0,321.86819267499015,2.845921,90921100.0
cdd_24p0,mask_50,pop_SSP1,2080,14,33705852.0,135.89204919108073,2.845921,39598330.0
cdd_24p0,mask_50,pop_SSP1,2080,15,87845220.0,491.7654115612238,2.845921,97576300.0
cdd_24p0,mask_50,pop_SSP1,2080,16,110952720.0,140.10850994745,2.845921,143305800.0
cdd_24p0,mask_50,pop_SSP1,2080,17,365042100.0,1137.5911495547796,2.845921,376284930.0
cdd_24p0,mask_50,pop_SSP1,2080,18,1381015600.0,1637.5059139092953,2.845921,1396979000.0
cdd_24p0,mask_50,pop_SSP1,2080,19,55013664.0,217.5103391973363,2.845921,57179110.0
cdd_24p0,mask_50,pop_SSP1,2080,20,978649400.0,509.20857211108626,2.845921,1038973760.0
cdd_24p0,mask_50,pop_SSP1,2080,21,404290600.0,1491.0891904499879,2.845921,407564600.0
cdd_24p0,mask_50,pop_SSP1,2080,22,276265800.0,1269.705907965247,2.845921,281531460.0
cdd_24p0,mask_50,pop_SSP1,2080,23,82226640.0,302.9407185389352,2.845921,87863890.0
cdd_24p0,mask_50,pop_SSP1,2080,24,35889404.0,178.85286591073665,2.845921,43898824.0
cdd_24p0,mask_50,pop_SSP1,2080,25,642848640.0,1417.9936175445441,2.845921,669882750.0
cdd_24p0,mask_50,pop_SSP1,2080,26,359384770.0,597.0910614906968,2.845921,386785280.0
cdd_24p0,mask_50,pop_SSP1,2090,1,27091072.0,82.69831463627868,3.137292,43763460.0
cdd_24p0,mask_50,pop_SSP1,2090,2,371333950.0,471.9324099698086,3.137292,392706430.0
cdd_24p0,mask_50,pop_SSP1,2090,3,85995630.0,502.1076005351154,3.137292,126606850.0
cdd_24p0,mask_50,pop_SSP1,2090,4,84064490.0,689.1062804938385,3.137292,92409900.0
cdd_24p0,mask_50,pop_SSP1,2090,5,175084060.0,978.4135536457866,3.137292,175775840.0
cdd_24p0,mask_50,pop_SSP1,2090,6,134698770.0,555.244446626828,3.137292,212886300.0
cdd_24p0,mask_50,pop_SSP1,2090,7,276510560.0,854.2016006037031,3.137292,276513900.0
cdd_24p0,mask_50,pop_SSP1,2090,8,1228584200.0,1740.5203834953775,3.137292,1243985900.0
cdd_24p0,mask_50,pop_SSP1,2090,9,420316350.0,790.6382746218587,3.137292,648780400.0
cdd_24p0,mask_50,pop_SSP1,2090,10,55654210.0,274.2654891099558,3.137292,60033336.0
cdd_24p0,mask_50,pop_SSP1,2090,11,224141600.0,101.41272466344572,3.137292,413250300.0
cdd_24p0,mask_50,pop_SSP1,2090,12,67584860.0,140.49917824874223,3.137292,85553730.0
cdd_24p0,mask_50,pop_SSP1,2090,13,84836360.0,352.0609656092743,3.137292,86465120.0
cdd_24p0,mask_50,pop_SSP1,2090,14,34964880.0,164.24816746231633,3.137292,37064172.0
cdd_24p0,mask_50,pop_SSP1,2090,15,86202300.0,533.1955806904791,3.137292,94346904.0
cdd_24p0,mask_50,pop_SSP1,2090,16,114292300.0,161.6048255445812,3.137292,137513820.0
cdd_24p0,mask_50,pop_SSP1,2090,17,353632480.0,1197.8321142388331,3.137292,364307700.0
cdd_24p0,mask_50,pop_SSP1,2090,18,1272879600.0,1721.0789854767165,3.137292,1287154300.0
cdd_24p0,mask_50,pop_SSP1,2090,19,49888628.0,241.10711779844362,3.137292,51643520.0
cdd_24p0,mask_50,pop_SSP1,2090,20,883007550.0,551.4282934795232,3.137292,929867260.0
cdd_24p0,mask_50,pop_SSP1,2090,21,378309250.0,1569.1856883135051,3.137292,381329660.0
cdd_24p0,mask_50,pop_SSP1,2090,22,258860580.0,1333.496122379243,3.137292,263148960.0
cdd_24p0,mask_50,pop_SSP1,2090,23,77814450.0,327.5662231780834,3.137292,80022490.0
cdd_24p0,mask_50,pop_SSP1,2090,24,35464484.0,196.2558165041835,3.137292,43116236.0
cdd_24p0,mask_50,pop_SSP1,2090,25,623590660.0,1491.910530900558,3.137292,648921200.0
cdd_24p0,mask_50,pop_SSP1,2090,26,365118600.0,654.0536398346075,3.137292,387177100.0
cdd_24p0,mask_50,pop_SSP1,2100,1,28874580.0,106.48715351657027,3.422318,41334500.0
cdd_24p0,mask_50,pop_SSP1,2100,2,368220300.0,508.8789012211972,3.422318,382343550.0
cdd_24p0,mask_50,pop_SSP1,2100,3,81594330.0,526.5072358227296,3.422318,118474700.0
cdd_24p0,mask_50,pop_SSP1,2100,4,77873420.0,730.6358192984561,3.422318,85604180.0
cdd_24p0,mask_50,pop_SSP1,2100,5,158843710.0,1038.36372150592,3.422318,159448770.0
cdd_24p0,mask_50,pop_SSP1,2100,6,125797390.0,586.2026323967062,3.422318,196914220.0
cdd_24p0,mask_50,pop_SSP1,2100,7,266229020.0,896.5172466803987,3.422318,266232200.0
cdd_24p0,mask_50,pop_SSP1,2100,8,1215482600.0,1802.135558062508,3.422318,1230346500.0
cdd_24p0,mask_50,pop_SSP1,2100,9,419655680.0,830.2141283780272,3.422318,629134000.0
cdd_24p0,mask_50,pop_SSP1,2100,10,51359690.0,300.3567845884182,3.422318,55014532.0
cdd_24p0,mask_50,pop_SSP1,2100,11,234073330.0,115.34468575227899,3.422318,389888200.0
cdd_24p0,mask_50,pop_SSP1,2100,12,70687040.0,165.9934348844226,3.422318,80128870.0
cdd_24p0,mask_50,pop_SSP1,2100,13,80134584.0,373.5166587499137,3.422318,81469210.0
cdd_24p0,mask_50,pop_SSP1,2100,14,34098750.0,197.48619206945884,3.422318,34660790.0
cdd_24p0,mask_50,pop_SSP1,2100,15,82923464.0,573.3475556149175,3.422318,90474380.0
cdd_24p0,mask_50,pop_SSP1,2100,16,114463660.0,186.72931152385777,3.422318,131682300.0
cdd_24p0,mask_50,pop_SSP1,2100,17,339176320.0,1248.3460002373884,3.422318,347380600.0
cdd_24p0,mask_50,pop_SSP1,2100,18,1153347500.0,1800.2764370035259,3.422318,1164688100.0
cdd_24p0,mask_50,pop_SSP1,2100,19,44434490.0,265.78865760544414,3.422318,45889290.0
cdd_24p0,mask_50,pop_SSP1,2100,20,795606340.0,599.5579599498365,3.422318,831249700.0
cdd_24p0,mask_50,pop_SSP1,2100,21,348760060.0,1642.0342088703187,3.422318,351520450.0
cdd_24p0,mask_50,pop_SSP1,2100,22,239219470.0,1387.0990931906324,3.422318,242425780.0
cdd_24p0,mask_50,pop_SSP1,2100,23,70400696.0,352.29901727081716,3.422318,71976080.0
cdd_24p0,mask_50,pop_SSP1,2100,24,33803268.0,211.42077179336377,3.422318,41043690.0
cdd_24p0,mask_50,pop_SSP1,2100,25,596308600.0,1564.2485471298726,3.422318,618490500.0
cdd_24p0,mask_50,pop_SSP1,2100,26,362757380.0,697.6784691002518,3.422318,378042140.0
cdd_24p0,mask_50,pop_SSP2,2040,1,2386280.8,23.568171564342066,1.693643,41235690.0
cdd_24p0,mask_50,pop_SSP2,2040,2,313529020.0,295.04685578438324,1.693643,367379520.0
cdd_24p0,mask_50,pop_SSP2,2040,3,76305550.0,324.81438371368387,1.693643,142523300.0
cdd_24p0,mask_50,pop_SSP2,2040,4,91062370.0,422.51966435392995,1.693643,108550970.0
cdd_24p0,mask_50,pop_SSP2,2040,5,219752800.0,620.7248963021497,1.693643,227847470.0
cdd_24p0,mask_50,pop_SSP2,2040,6,132678450.0,361.7308089727269,1.693643,248099980.0
cdd_24p0,mask_50,pop_SSP2,2040,7,267181760.0,589.4255978306282,1.693643,267329170.0
cdd_24p0,mask_50,pop_SSP2,2040,8,888075600.0,1258.267971272586,1.693643,912532350.0
cdd_24p0,mask_50,pop_SSP2,2040,9,281305860.0,553.1367212694513,1.693643,536728770.0
cdd_24p0,mask_50,pop_SSP2,2040,10,42553710.0,126.15682253560374,1.693643,67723840.0
cdd_24p0,mask_50,pop_SSP2,2040,11,123089260.0,44.756190318172905,1.693643,429634530.0
cdd_24p0,mask_50,pop_SSP2,2040,12,37805016.0,50.83041995261543,1.693643,111103150.0
cdd_24p0,mask_50,pop_SSP2,2040,13,75968510.0,192.98745088943363,1.693643,95478960.0
cdd_24p0,mask_50,pop_SSP2,2040,14,26213016.0,59.54991485469424,1.693643,48097216.0
cdd_24p0,mask_50,pop_SSP2,2040,15,80800860.0,332.16215340881877,1.693643,95847944.0
cdd_24p0,mask_50,pop_SSP2,2040,16,59239744.0,74.14472023900522,1.693643,156275730.0
cdd_24p0,mask_50,pop_SSP2,2040,17,330813920.0,881.1922138256573,1.693643,352059260.0
cdd_24p0,mask_50,pop_SSP2,2040,18,1578678000.0,1302.9388625095821,1.693643,1604890600.0
cdd_24p0,mask_50,pop_SSP2,2040,19,67996264.0,129.52602123081346,1.693643,76008750.0
cdd_24p0,mask_50,pop_SSP2,2040,20,1260844900.0,361.6974448110714,1.693643,1410251500.0
cdd_24p0,mask_50,pop_SSP2,2040,21,451599420.0,1165.763111369682,1.693643,456747040.0
cdd_24p0,mask_50,pop_SSP2,2040,22,309972480.0,984.6769251874172,1.693643,318782430.0
cdd_24p0,mask_50,pop_SSP2,2040,23,102226936.0,209.00564594826005,1.693643,112398424.0
cdd_24p0,mask_50,pop_SSP2,2040,24,28732618.0,114.25992112869675,1.693643,39078732.0
cdd_24p0,mask_50,pop_SSP2,2040,25,593234200.0,1129.3107679827842,1.693643,630920060.0
cdd_24p0,mask_50,pop_SSP2,2040,26,251181600.0,359.5772003966745,1.693643,297976000.0
cdd_24p0,mask_50,pop_SSP2,2050,1,8912558.0,31.01458734460221,1.980731,42558132.0
cdd_24p0,mask_50,pop_SSP2,2050,2,332451460.0,325.5155128753756,1.980731,380150100.0
cdd_24p0,mask_50,pop_SSP2,2050,3,83265980.0,353.91820643768995,1.980731,147781920.0
cdd_24p0,mask_50,pop_SSP2,2050,4,96078980.0,468.7184344980076,1.980731,112591950.0
cdd_24p0,mask_50,pop_SSP2,2050,5,221885230.0,685.0771056718428,1.980731,228028000.0
cdd_24p0,mask_50,pop_SSP2,2050,6,140780690.0,396.8331505670293,1.980731,255523500.0
cdd_24p0,mask_50,pop_SSP2,2050,7,292705900.0,637.6079623792139,1.980731,292867360.0
cdd_24p0,mask_50,pop_SSP2,2050,8,1085956200.0,1346.712264668442,1.980731,1111875200.0
cdd_24p0,mask_50,pop_SSP2,2050,9,344571600.0,594.6218495561128,1.980731,628347100.0
cdd_24p0,mask_50,pop_SSP2,2050,10,46055676.0,149.941907199481,1.980731,69606420.0
cdd_24p0,mask_50,pop_SSP2,2050,11,138126480.0,53.32658734668132,1.980731,433655460.0
cdd_24p0,mask_50,pop_SSP2,2050,12,40888330.0,62.37990789590574,1.980731,106137620.0
cdd_24p0,mask_50,pop_SSP2,2050,13,81460560.0,218.74954136305112,1.980731,97837060.0
cdd_24p0,mask_50,pop_SSP2,2050,14,28788432.0,72.51417248723634,1.980731,46139016.0
cdd_24p0,mask_50,pop_SSP2,2050,15,89475210.0,367.03660381159165,1.980731,104102540.0
cdd_24p0,mask_50,pop_SSP2,2050,16,69049290.0,86.83537015652361,1.980731,154594640.0
cdd_24p0,mask_50,pop_SSP2,2050,17,362013250.0,939.8939032900925,1.980731,384014180.0
cdd_24p0,mask_50,pop_SSP2,2050,18,1619255900.0,1375.6083290756449,1.980731,1644272400.0
cdd_24p0,mask_50,pop_SSP2,2050,19,66121380.0,148.93049992638504,1.980731,72344100.0
cdd_24p0,mask_50,pop_SSP2,2050,20,1215794000.0,395.7329785710329,1.980731,1339330600.0
cdd_24p0,mask_50,pop_SSP2,2050,21,465249600.0,1241.6121726646443,1.980731,469752540.0
cdd_24p0,mask_50,pop_SSP2,2050,22,317594500.0,1050.8058793758514,1.980731,326289730.0
cdd_24p0,mask_50,pop_SSP2,2050,23,96772530.0,229.60771932188956,1.980731,105730216.0
cdd_24p0,mask_50,pop_SSP2,2050,24,31779668.0,127.03199080020205,1.980731,41301784.0
cdd_24p0,mask_50,pop_SSP2,2050,25,661884600.0,1194.0718553564511,1.980731,694634560.0
cdd_24p0,mask_50,pop_SSP2,2050,26,309356580.0,407.993665860049,1.980731,355352580.0
cdd_24p0,mask_50,pop_SSP2,2060,1,16831720.0,40.657840961117955,2.268381,43672144.0
cdd_24p0,mask_50,pop_SSP2,2060,2,346862370.0,361.7844147832096,2.268381,390528700.0
cdd_24p0,mask_50,pop_SSP2,2060,3,91353600.0,390.60653711804537,2.268381,150414260.0
cdd_24p0,mask_50,pop_SSP2,2060,4,100164170.0,524.206557108872,2.268381,114195710.0
cdd_24p0,mask_50,pop_SSP2,2060,5,218384830.0,759.1017032738134,2.268381,223749180.0
cdd_24p0,mask_50,pop_SSP2,2060,6,150849120.0,436.01118413762964,2.268381,258169620.0
cdd_24p0,mask_50,pop_SSP2,2060,7,311798400.0,692.7504465751356,2.268381,311802100.0
cdd_24p0,mask_50,pop_SSP2,2060,8,1280802800.0,1449.82584925479,2.268381,1305529200.0
cdd_24p0,mask_50,pop_SSP2,2060,9,407780480.0,644.0297007348898,2.268381,709911600.0
cdd_24p0,mask_50,pop_SSP2,2060,10,60704730.0,176.86860969168256,2.268381,69768220.0
cdd_24p0,mask_50,pop_SSP2,2060,11,159092290.0,63.68638533989219,2.268381,434905060.0
cdd_24p0,mask_50,pop_SSP2,2060,12,42825600.0,78.3346975424828,2.268381,101370700.0
cdd_24p0,mask_50,pop_SSP2,2060,13,89778170.0,251.33585406152082,2.268381,97814136.0
cdd_24p0,mask_50,pop_SSP2,2060,14,30302538.0,92.05774049086652,2.268381,43993936.0
cdd_24p0,mask_50,pop_SSP2,2060,15,95288536.0,408.7008912203965,2.268381,109548380.0
cdd_24p0,mask_50,pop_SSP2,2060,16,81532900.0,104.55305189503545,2.268381,152312130.0
cdd_24p0,mask_50,pop_SSP2,2060,17,390046240.0,1004.9437546811376,2.268381,406616400.0
cdd_24p0,mask_50,pop_SSP2,2060,18,1626679800.0,1463.5529226401559,2.268381,1648807700.0
cdd_24p0,mask_50,pop_SSP2,2060,19,63887348.0,172.22882544973564,2.268381,67111020.0
cdd_24p0,mask_50,pop_SSP2,2060,20,1137444900.0,434.7395250688538,2.268381,1234886400.0
cdd_24p0,mask_50,pop_SSP2,2060,21,468886140.0,1325.9598722701073,2.268381,473015070.0
cdd_24p0,mask_50,pop_SSP2,2060,22,319368200.0,1124.4734603951904,2.268381,327306980.0
cdd_24p0,mask_50,pop_SSP2,2060,23,91699600.0,254.2881799376413,2.268381,99497010.0
cdd_24p0,mask_50,pop_SSP2,2060,24,33765980.0,143.08932016520015,2.268381,43214544.0
cdd_24p0,mask_50,pop_SSP2,2060,25,712872600.0,1269.23301867762,2.268381,746201660.0
cdd_24p0,mask_50,pop_SSP2,2060,26,367817660.0,467.69736909201646,2.268381,407346560.0
cdd_24p0,mask_50,pop_SSP2,2070,1,23765290.0,51.0318733767227,2.554702,44633880.0
cdd_24p0,mask_50,pop_SSP2,2070,2,366397120.0,398.2382154622913,2.554702,400180160.0
cdd_24p0,mask_50,pop_SSP2,2070,3,94014990.0,428.22466822259815,2.554702,150940340.0
cdd_24p0,mask_50,pop_SSP2,2070,4,103053710.0,580.3163800296057,2.554702,114043016.0
cdd_24p0,mask_50,pop_SSP2,2070,5,214343060.0,833.5433986582657,2.554702,215887780.0
cdd_24p0,mask_50,pop_SSP2,2070,6,156335890.0,475.7629711107406,2.554702,256786940.0
cdd_24p0,mask_50,pop_SSP2,2070,7,323478140.0,748.126349615248,2.554702,323482020.0
cdd_24p0,mask_50,pop_SSP2,2070,8,1463639000.0,1553.1039669444372,2.554702,1482260500.0
cdd_24p0,mask_50,pop_SSP2,2070,9,470580450.0,693.7761051107032,2.554702,775675140.0
cdd_24p0,mask_50,pop_SSP2,2070,10,61262908.0,205.66746392258614,2.554702,68638130.0
cdd_24p0,mask_50,pop_SSP2,2070,11,180095820.0,74.59996733718793,2.554702,433964700.0
cdd_24p0,mask_50,pop_SSP2,2070,12,47946990.0,95.45896908395072,2.554702,96273770.0
cdd_24p0,mask_50,pop_SSP2,2070,13,89693730.0,285.02407740154894,2.554702,95941550.0
cdd_24p0,mask_50,pop_SSP2,2070,14,30801664.0,112.5564096049803,2.554702,41861824.0
cdd_24p0,mask_50,pop_SSP2,2070,15,100690570.0,450.4871058386471,2.554702,112581130.0
cdd_24p0,mask_50,pop_SSP2,2070,16,94469840.0,122.44532608389362,2.554702,149028450.0
cdd_24p0,mask_50,pop_SSP2,2070,17,402308930.0,1070.4344538341081,2.554702,418741570.0
cdd_24p0,mask_50,pop_SSP2,2070,18,1602154200.0,1551.3674893851057,2.554702,1622686700.0
cdd_24p0,mask_50,pop_SSP2,2070,19,58749170.0,195.3682646764542,2.554702,61197800.0
cdd_24p0,mask_50,pop_SSP2,2070,20,1042659700.0,473.1899473201548,2.554702,1121519900.0
cdd_24p0,mask_50,pop_SSP2,2070,21,464442180.0,1409.6258033302033,2.554702,468443650.0
cdd_24p0,mask_50,pop_SSP2,2070,22,315952220.0,1197.6979514059583,2.554702,323262140.0
cdd_24p0,mask_50,pop_SSP2,2070,23,85966696.0,278.9076689604443,2.554702,92734200.0
cdd_24p0,mask_50,pop_SSP2,2070,24,36146676.0,159.79291952220754,2.554702,44664010.0
cdd_24p0,mask_50,pop_SSP2,2070,25,747927700.0,1344.2164071846885,2.554702,782588300.0
cdd_24p0,mask_50,pop_SSP2,2070,26,412658180.0,529.1777158762875,2.554702,450714980.0
cdd_24p0,mask_50,pop_SSP2,2080,1,26024236.0,64.25079484500903,2.845921,45265812.0
cdd_24p0,mask_50,pop_SSP2,2080,2,377835970.0,435.0667550237446,2.845921,407399500.0
cdd_24p0,mask_50,pop_SSP2,2080,3,97407040.0,468.90384244835,2.845921,149714400.0
cdd_24p0,mask_50,pop_SSP2,2080,4,102193460.0,638.3363636392031,2.845921,112397820.0
cdd_24p0,mask_50,pop_SSP2,2080,5,204177920.0,909.589582484509,2.845921,205340940.0
cdd_24p0,mask_50,pop_SSP2,2080,6,155553200.0,518.212018134041,2.845921,251980200.0
cdd_24p0,mask_50,pop_SSP2,2080,7,330352580.0,804.4388721429094,2.845921,330356480.0
cdd_24p0,mask_50,pop_SSP2,2080,8,1612662500.0,1656.447555749619,2.845921,1632995200.0
cdd_24p0,mask_50,pop_SSP2,2080,9,522187700.0,744.4011963673747,2.845921,821835840.0
cdd_24p0,mask_50,pop_SSP2,2080,10,60700564.0,242.60482583247736,2.845921,66502090.0
cdd_24p0,mask_50,pop_SSP2,2080,11,210994160.0,87.74575094734168,2.845921,433175170.0
cdd_24p0,mask_50,pop_SSP2,2080,12,60717120.0,116.88128058207083,2.845921,91335220.0
cdd_24p0,mask_50,pop_SSP2,2080,13,88997896.0,322.59769503714057,2.845921,93042460.0
cdd_24p0,mask_50,pop_SSP2,2080,14,33946656.0,135.89073879400544,2.845921,39881184.0
cdd_24p0,mask_50,pop_SSP2,2080,15,102895270.0,492.2735210946623,2.845921,114282900.0
cdd_24p0,mask_50,pop_SSP2,2080,16,112735040.0,140.20856976897707,2.845921,145581340.0
cdd_24p0,mask_50,pop_SSP2,2080,17,409906240.0,1138.319937385975,2.845921,422534880.0
cdd_24p0,mask_50,pop_SSP2,2080,18,1550734200.0,1637.2166466898314,2.845921,1568660100.0
cdd_24p0,mask_50,pop_SSP2,2080,19,53642876.0,217.49611775520944,2.845921,55754692.0
cdd_24p0,mask_50,pop_SSP2,2080,20,955796400.0,509.1697910246974,2.845921,1014721300.0
cdd_24p0,mask_50,pop_SSP2,2080,21,454215100.0,1490.8951907389753,2.845921,457892400.0
cdd_24p0,mask_50,pop_SSP2,2080,22,309447520.0,1269.4522844137232,2.845921,315345660.0
cdd_24p0,mask_50,pop_SSP2,2080,23,80429820.0,302.93399846511244,2.845921,85943896.0
cdd_24p0,mask_50,pop_SSP2,2080,24,37306920.0,178.88158098428673,2.845921,45632690.0
cdd_24p0,mask_50,pop_SSP2,2080,25,770131460.0,1418.0505518660088,2.845921,802491800.0
cdd_24p0,mask_50,pop_SSP2,2080,26,449055360.0,597.1043233550351,2.845921,483205730.0
cdd_24p0,mask_50,pop_SSP2,2090,1,28022634.0,82.70383624964353,3.137292,45264700.0
cdd_24p0,mask_50,pop_SSP2,2090,2,387444900.0,472.3496786788262,3.137292,409720960.0
cdd_24p0,mask_50,pop_SSP2,2090,3,100026850.0,502.18446821079215,3.137292,147301260.0
cdd_24p0,mask_50,pop_SSP2,2090,4,99654150.0,689.0412969932408,3.137292,109547370.0
cdd_24p0,mask_50,pop_SSP2,2090,5,192888290.0,978.7062797906661,3.137292,193650340.0
cdd_24p0,mask_50,pop_SSP2,2090,6,154700380.0,555.587319323461,3.137292,244516750.0
cdd_24p0,mask_50,pop_SSP2,2090,7,333704320.0,854.622807150311,3.137292,333708300.0
cdd_24p0,mask_50,pop_SSP2,2090,8,1727073800.0,1740.8093420312007,3.137292,1748499300.0
cdd_24p0,mask_50,pop_SSP2,2090,9,550847200.0,790.2477409946214,3.137292,850514400.0
cdd_24p0,mask_50,pop_SSP2,2090,10,59144410.0,274.7256804654201,3.137292,63799784.0
cdd_24p0,mask_50,pop_SSP2,2090,11,233533180.0,101.41149901706096,3.137292,430576960.0
cdd_24p0,mask_50,pop_SSP2,2090,12,68873070.0,140.49525903034666,3.137292,87182820.0
cdd_24p0,mask_50,pop_SSP2,2090,13,87812504.0,352.82389878801575,3.137292,89494320.0
cdd_24p0,mask_50,pop_SSP2,2090,14,35931496.0,164.24665062527788,3.137292,38088804.0
cdd_24p0,mask_50,pop_SSP2,2090,15,104962090.0,533.7344351911305,3.137292,114867560.0
cdd_24p0,mask_50,pop_SSP2,2090,16,118234536.0,161.71054883716897,3.137292,142233840.0
cdd_24p0,mask_50,pop_SSP2,2090,17,408963040.0,1198.574416932301,3.137292,421313020.0
cdd_24p0,mask_50,pop_SSP2,2090,18,1481431700.0,1720.7873023550171,3.137292,1498046700.0
cdd_24p0,mask_50,pop_SSP2,2090,19,48972204.0,241.09146202253308,3.137292,50695056.0
cdd_24p0,mask_50,pop_SSP2,2090,20,867848000.0,551.3899400236609,3.137292,913915000.0
cdd_24p0,mask_50,pop_SSP2,2090,21,439308260.0,1568.9699759890823,3.137292,442814980.0
cdd_24p0,mask_50,pop_SSP2,2090,22,299111230.0,1333.2343235314784,3.137292,304066370.0
cdd_24p0,mask_50,pop_SSP2,2090,23,78007860.0,327.55922255944853,3.137292,80221390.0
cdd_24p0,mask_50,pop_SSP2,2090,24,37812596.0,196.28653575570573,3.137292,45970976.0
cdd_24p0,mask_50,pop_SSP2,2090,25,777292740.0,1491.9510405720284,3.137292,808838660.0
cdd_24p0,mask_50,pop_SSP2,2090,26,474014980.0,654.0542516079585,3.137292,502567100.0
cdd_24p0,mask_50,pop_SSP2,2100,1,31235504.0,106.49365383547043,3.422318,44719280.0
cdd_24p0,mask_50,pop_SSP2,2100,2,393421630.0,509.2984508709146,3.422318,408499700.0
cdd_24p0,mask_50,pop_SSP2,2100,3,99273330.0,526.594681219295,3.422318,144189000.0
cdd_24p0,mask_50,pop_SSP2,2100,4,96464856.0,730.5781102805357,3.422318,106041360.0
cdd_24p0,mask_50,pop_SSP2,2100,5,181538060.0,1038.6668713519737,3.422318,182229540.0
cdd_24p0,mask_50,pop_SSP2,2100,6,150516560.0,586.5542720644485,3.422318,235626800.0
cdd_24p0,mask_50,pop_SSP2,2100,7,333028220.0,896.9534841463807,3.422318,333032160.0
cdd_24p0,mask_50,pop_SSP2,2100,8,1801377000.0,1802.4359653615065,3.422318,1823155500.0
cdd_24p0,mask_50,pop_SSP2,2100,9,576251970.0,829.8208588832305,3.422318,864178800.0
cdd_24p0,mask_50,pop_SSP2,2100,10,56689384.0,300.83817264647695,3.422318,60728110.0
cdd_24p0,mask_50,pop_SSP2,2100,11,255163490.0,115.34295845884654,3.422318,425041180.0
cdd_24p0,mask_50,pop_SSP2,2100,12,73833460.0,165.9888206339626,3.422318,83693990.0
cdd_24p0,mask_50,pop_SSP2,2100,13,84238810.0,374.30412072717434,3.422318,85637630.0
cdd_24p0,mask_50,pop_SSP2,2100,14,35749576.0,197.48456345079921,3.422318,36338800.0
cdd_24p0,mask_50,pop_SSP2,2100,15,104953670.0,573.9111915497942,3.422318,114497230.0
cdd_24p0,mask_50,pop_SSP2,2100,16,120373930.0,186.8386225322928,3.422318,138470290.0
cdd_24p0,mask_50,pop_SSP2,2100,17,406557540.0,1249.1003045179132,3.422318,416395870.0
cdd_24p0,mask_50,pop_SSP2,2100,18,1407826400.0,1799.9874862519628,3.422318,1421647000.0
cdd_24p0,mask_50,pop_SSP2,2100,19,44385372.0,265.77136673224373,3.422318,45837730.0
cdd_24p0,mask_50,pop_SSP2,2100,20,789933600.0,599.5208856417752,3.422318,825335200.0
cdd_24p0,mask_50,pop_SSP2,2100,21,422124930.0,1641.790868175843,3.422318,425465700.0
cdd_24p0,mask_50,pop_SSP2,2100,22,286566430.0,1386.8340570223468,3.422318,290407300.0
cdd_24p0,mask_50,pop_SSP2,2100,23,73224320.0,352.2919180088012,3.422318,74862880.0
cdd_24p0,mask_50,pop_SSP2,2100,24,37692840.0,211.45310685048867,3.422318,45766380.0
cdd_24p0,mask_50,pop_SSP2,2100,25,777690240.0,1564.2727727398856,3.422318,806595840.0
cdd_24p0,mask_50,pop_SSP2,2100,26,490913700.0,697.6745319958402,3.422318,511516400.0
cdd_24p0,mask_50,pop_SSP3,2040,1,2347572.5,23.59281768953744,1.693643,40483924.0
cdd_24p0,mask_50,pop_SSP3,2040,2,311832320.0,295.6298724041804,1.693643,365363970.0
cdd_24p0,mask_50,pop_SSP3,2040,3,78770290.0,324.8250858093487,1.693643,147148340.0
cdd_24p0,mask_50,pop_SSP3,2040,4,94578344.0,422.3549654915983,1.693643,112742000.0
cdd_24p0,mask_50,pop_SSP3,2040,5,223636700.0,621.0493826965003,1.693643,231874340.0
cdd_24p0,mask_50,pop_SSP3,2040,6,136310140.0,362.07691469471183,1.693643,254898480.0
cdd_24p0,mask_50,pop_SSP3,2040,7,276466750.0,589.8319478837258,1.693643,276619230.0
cdd_24p0,mask_50,pop_SSP3,2040,8,934755200.0,1258.2941892896058,1.693643,960487400.0
cdd_24p0,mask_50,pop_SSP3,2040,9,294896130.0,552.9144452081327,1.693643,562667500.0
cdd_24p0,mask_50,pop_SSP3,2040,10,42486880.0,126.42491112196127,1.693643,67615390.0
cdd_24p0,mask_50,pop_SSP3,2040,11,121826060.0,44.75582242867263,1.693643,425228200.0
cdd_24p0,mask_50,pop_SSP3,2040,12,38133490.0,50.833955347403275,1.693643,112074770.0
cdd_24p0,mask_50,pop_SSP3,2040,13,77721144.0,193.45135484591523,1.693643,97681940.0
cdd_24p0,mask_50,pop_SSP3,2040,14,26103920.0,59.544365476380136,1.693643,47893124.0
cdd_24p0,mask_50,pop_SSP3,2040,15,84097590.0,332.5907163720474,1.693643,99756710.0
cdd_24p0,mask_50,pop_SSP3,2040,16,59019736.0,74.25265105455355,1.693643,155668030.0
cdd_24p0,mask_50,pop_SSP3,2040,17,339068160.0,882.0177949866757,1.693643,360844930.0
cdd_24p0,mask_50,pop_SSP3,2040,18,1619972600.0,1302.611752458412,1.693643,1646870800.0
cdd_24p0,mask_50,pop_SSP3,2040,19,68210890.0,129.5140337413366,1.693643,76252620.0
cdd_24p0,mask_50,pop_SSP3,2040,20,1273096300.0,361.8528139166573,1.693643,1423951500.0
cdd_24p0,mask_50,pop_SSP3,2040,21,462380540.0,1165.5342245384677,1.693643,467650600.0
cdd_24p0,mask_50,pop_SSP3,2040,22,316651070.0,984.4255701254656,1.693643,325650850.0
cdd_24p0,mask_50,pop_SSP3,2040,23,101608210.0,209.00882093426452,1.693643,111718130.0
cdd_24p0,mask_50,pop_SSP3,2040,24,28593732.0,114.27438898117317,1.693643,38889836.0
cdd_24p0,mask_50,pop_SSP3,2040,25,619608500.0,1129.3955324289457,1.693643,658968450.0
cdd_24p0,mask_50,pop_SSP3,2040,26,261105010.0,359.61531245508394,1.693643,309730000.0
cdd_24p0,mask_50,pop_SSP3,2050,1,8644049.0,31.045455731406122,1.980731,41216212.0
cdd_24p0,mask_50,pop_SSP3,2050,2,330310270.0,326.12270484387005,1.980731,377658750.0
cdd_24p0,mask_50,pop_SSP3,2050,3,88213736.0,353.94383895715737,1.980731,156598080.0
cdd_24p0,mask_50,pop_SSP3,2050,4,102797820.0,468.5556807356196,1.980731,120465210.0
cdd_24p0,mask_50,pop_SSP3,2050,5,228989250.0,685.4246693828217,1.980731,235328510.0
cdd_24p0,mask_50,pop_SSP3,2050,6,147895570.0,397.20887792796555,1.980731,268450700.0
cdd_24p0,mask_50,pop_SSP3,2050,7,312274050.0,638.0344220612171,1.980731,312446270.0
cdd_24p0,mask_50,pop_SSP3,2050,8,1194251800.0,1346.740303254927,1.980731,1222742300.0
cdd_24p0,mask_50,pop_SSP3,2050,9,376818880.0,594.4064018749395,1.980731,687176300.0
cdd_24p0,mask_50,pop_SSP3,2050,10,46310610.0,150.24370276431068,1.980731,69993380.0
cdd_24p0,mask_50,pop_SSP3,2050,11,135808200.0,53.32629449854426,1.980731,426360400.0
cdd_24p0,mask_50,pop_SSP3,2050,12,41562090.0,62.38183072059878,1.980731,107896490.0
cdd_24p0,mask_50,pop_SSP3,2050,13,84890184.0,219.24878745659672,1.980731,101955340.0
cdd_24p0,mask_50,pop_SSP3,2050,14,28618668.0,72.50800801506375,1.980731,45861864.0
cdd_24p0,mask_50,pop_SSP3,2050,15,96397710.0,367.5032799227212,1.980731,112153120.0
cdd_24p0,mask_50,pop_SSP3,2050,16,68849720.0,86.95298993900745,1.980731,154105740.0
cdd_24p0,mask_50,pop_SSP3,2050,17,379508350.0,940.7373339905566,1.980731,402574850.0
cdd_24p0,mask_50,pop_SSP3,2050,18,1698558200.0,1375.2696906521905,1.980731,1724801000.0
cdd_24p0,mask_50,pop_SSP3,2050,19,66285020.0,148.91744873410872,1.980731,72531310.0
cdd_24p0,mask_50,pop_SSP3,2050,20,1235885300.0,395.8947074932401,1.980731,1361459700.0
cdd_24p0,mask_50,pop_SSP3,2050,21,486557630.0,1241.367530437051,1.980731,491265600.0
cdd_24p0,mask_50,pop_SSP3,2050,22,330326430.0,1050.540170884642,1.980731,339370240.0
cdd_24p0,mask_50,pop_SSP3,2050,23,95880120.0,229.61112601058952,1.980731,104755220.0
cdd_24p0,mask_50,pop_SSP3,2050,24,31594158.0,127.04785498751707,1.980731,41060684.0
cdd_24p0,mask_50,pop_SSP3,2050,25,716856960.0,1194.1715940465144,1.980731,752317300.0
cdd_24p0,mask_50,pop_SSP3,2050,26,334635140.0,408.02509531861136,1.980731,384356320.0
cdd_24p0,mask_50,pop_SSP3,2060,1,16176812.0,40.696089098891385,2.268381,41926972.0
cdd_24p0,mask_50,pop_SSP3,2060,2,346767400.0,362.41796151410904,2.268381,390365020.0
cdd_24p0,mask_50,pop_SSP3,2060,3,100134440.0,390.6533099398637,2.268381,164916400.0
cdd_24p0,mask_50,pop_SSP3,2060,4,111090660.0,524.0604510306405,2.268381,126652400.0
cdd_24p0,mask_50,pop_SSP3,2060,5,229642940.0,759.4723365176932,2.268381,235283580.0
cdd_24p0,mask_50,pop_SSP3,2060,6,163037970.0,436.41803350924823,2.268381,279048260.0
cdd_24p0,mask_50,pop_SSP3,2060,7,345181400.0,693.200535129477,2.268381,345185540.0
cdd_24p0,mask_50,pop_SSP3,2060,8,1480498700.0,1449.8567241867122,2.268381,1509065200.0
cdd_24p0,mask_50,pop_SSP3,2060,9,468709820.0,643.8165294551378,2.268381,816020200.0
cdd_24p0,mask_50,pop_SSP3,2060,10,61955636.0,177.2041000318702,2.268381,71220456.0
cdd_24p0,mask_50,pop_SSP3,2060,11,156090460.0,63.6862829318375,2.268381,426685060.0
cdd_24p0,mask_50,pop_SSP3,2060,12,44076100.0,78.33368366222442,2.268381,104345420.0
cdd_24p0,mask_50,pop_SSP3,2060,13,95777230.0,251.8747180773726,2.268381,104349270.0
cdd_24p0,mask_50,pop_SSP3,2060,14,30163292.0,92.05065451139285,2.268381,43786800.0
cdd_24p0,mask_50,pop_SSP3,2060,15,106878840.0,409.2112352582784,2.268381,122868824.0
cdd_24p0,mask_50,pop_SSP3,2060,16,81735630.0,104.68272719908101,2.268381,152645900.0
cdd_24p0,mask_50,pop_SSP3,2060,17,420364160.0,1005.8020895270874,2.268381,438224400.0
cdd_24p0,mask_50,pop_SSP3,2060,18,1758041100.0,1463.2029744329755,2.268381,1781953500.0
cdd_24p0,mask_50,pop_SSP3,2060,19,64157204.0,172.21453758909476,2.268381,67400760.0
cdd_24p0,mask_50,pop_SSP3,2060,20,1168322700.0,434.9069676149077,2.268381,1268408000.0
cdd_24p0,mask_50,pop_SSP3,2060,21,503877900.0,1325.690355473565,2.268381,508313340.0
cdd_24p0,mask_50,pop_SSP3,2060,22,340574080.0,1124.191341454302,2.268381,349039870.0
cdd_24p0,mask_50,pop_SSP3,2060,23,90613736.0,254.29192241621465,2.268381,98318810.0
cdd_24p0,mask_50,pop_SSP3,2060,24,33704332.0,143.1068125525759,2.268381,43135644.0
cdd_24p0,mask_50,pop_SSP3,2060,25,807295900.0,1269.3274647889762,2.268381,845022850.0
cdd_24p0,mask_50,pop_SSP3,2060,26,417193820.0,467.7185174501782,2.268381,461982820.0
cdd_24p0,mask_50,pop_SSP3,2070,1,22865336.0,51.07751085348155,2.554702,42907930.0
cdd_24p0,mask_50,pop_SSP3,2070,2,372909220.0,398.89816991363494,2.554702,407231700.0
cdd_24p0,mask_50,pop_SSP3,2070,3,107396780.0,428.2931606132146,2.554702,172477180.0
cdd_24p0,mask_50,pop_SSP3,2070,4,119192860.0,580.1886085314726,2.554702,131902680.0
cdd_24p0,mask_50,pop_SSP3,2070,5,231190340.0,833.9366908214914,2.554702,232856380.0
cdd_24p0,mask_50,pop_SSP3,2070,6,174943520.0,476.2001886025964,2.554702,287372580.0
cdd_24p0,mask_50,pop_SSP3,2070,7,373490080.0,748.5996047540966,2.554702,373494530.0
cdd_24p0,mask_50,pop_SSP3,2070,8,1780573300.0,1553.1374448441532,2.554702,1803212200.0
cdd_24p0,mask_50,pop_SSP3,2070,9,569764100.0,693.5647838261727,2.554702,939222000.0
cdd_24p0,mask_50,pop_SSP3,2070,10,64046390.0,206.03738379461132,2.554702,71749976.0
cdd_24p0,mask_50,pop_SSP3,2070,11,178586540.0,74.60007226405665,2.554702,430315070.0
cdd_24p0,mask_50,pop_SSP3,2070,12,50377380.0,95.45477247228631,2.554702,101163260.0
cdd_24p0,mask_50,pop_SSP3,2070,13,98850350.0,285.60252282422374,2.554702,105735150.0
cdd_24p0,mask_50,pop_SSP3,2070,14,30968074.0,112.54841847280095,2.554702,42083730.0
cdd_24p0,mask_50,pop_SSP3,2070,15,117850260.0,451.0408393009058,2.554702,131761620.0
cdd_24p0,mask_50,pop_SSP3,2070,16,96070024.0,122.58700360776378,2.554702,151516780.0
cdd_24p0,mask_50,pop_SSP3,2070,17,448717400.0,1071.3080737888206,2.554702,467048130.0
cdd_24p0,mask_50,pop_SSP3,2070,18,1798606800.0,1551.0066813601024,2.554702,1821655300.0
cdd_24p0,mask_50,pop_SSP3,2070,19,59648376.0,195.35267194915846,2.554702,62143024.0
cdd_24p0,mask_50,pop_SSP3,2070,20,1094968800.0,473.3628395137619,2.554702,1177790500.0
cdd_24p0,mask_50,pop_SSP3,2070,21,516682800.0,1409.3315531805376,2.554702,521132830.0
cdd_24p0,mask_50,pop_SSP3,2070,22,348101440.0,1197.399593500022,2.554702,356155140.0
cdd_24p0,mask_50,pop_SSP3,2070,23,85381100.0,278.91174124514407,2.554702,92102504.0
cdd_24p0,mask_50,pop_SSP3,2070,24,36535384.0,159.81205216991793,2.554702,45144300.0
cdd_24p0,mask_50,pop_SSP3,2070,25,888798000.0,1344.3018387164193,2.554702,929965500.0
cdd_24p0,mask_50,pop_SSP3,2070,26,491927100.0,529.1864949937205,2.554702,537235700.0
cdd_24p0,mask_50,pop_SSP3,2080,1,25306728.0,64.30378370054443,2.845921,43977050.0
cdd_24p0,mask_50,pop_SSP3,2080,2,395133540.0,435.7536652037506,2.845921,425981920.0
cdd_24p0,mask_50,pop_SSP3,2080,3,116673030.0,468.9954390304104,2.845921,179385540.0
cdd_24p0,mask_50,pop_SSP3,2080,4,123851976.0,638.2303125273021,2.845921,136219100.0
cdd_24p0,mask_50,pop_SSP3,2080,5,227845280.0,910.0046281507398,2.845921,229142990.0
cdd_24p0,mask_50,pop_SSP3,2080,6,181418200.0,518.677051836301,2.845921,293904060.0
cdd_24p0,mask_50,pop_SSP3,2080,7,400219800.0,804.933098402131,2.845921,400224580.0
cdd_24p0,mask_50,pop_SSP3,2080,8,2060959000.0,1656.4824209765777,2.845921,2086932400.0
cdd_24p0,mask_50,pop_SSP3,2080,9,665054300.0,744.1913707471317,2.845921,1046764160.0
cdd_24p0,mask_50,pop_SSP3,2080,10,65492068.0,243.0136230401331,2.845921,71751544.0
cdd_24p0,mask_50,pop_SSP3,2080,11,213908600.0,87.74610783337882,2.845921,439119700.0
cdd_24p0,mask_50,pop_SSP3,2080,12,66037050.0,116.87313537969676,2.845921,99345624.0
cdd_24p0,mask_50,pop_SSP3,2080,13,102229480.0,323.2157353236406,2.845921,106874620.0
cdd_24p0,mask_50,pop_SSP3,2080,14,35046840.0,135.88197305835908,2.845921,41169890.0
cdd_24p0,mask_50,pop_SSP3,2080,15,126206350.0,492.8693690448099,2.845921,140167870.0
cdd_24p0,mask_50,pop_SSP3,2080,16,118115650.0,140.361742625013,2.845921,152507900.0
cdd_24p0,mask_50,pop_SSP3,2080,17,477263800.0,1139.211958423041,2.845921,491970240.0
cdd_24p0,mask_50,pop_SSP3,2080,18,1820919300.0,1636.8464316497864,2.845921,1841970200.0
cdd_24p0,mask_50,pop_SSP3,2080,19,55710560.0,217.47893212164263,2.845921,57913860.0
cdd_24p0,mask_50,pop_SSP3,2080,20,1035905700.0,509.34740564383503,2.845921,1099774300.0
cdd_24p0,mask_50,pop_SSP3,2080,21,527704800.0,1490.5786945169175,2.845921,531978050.0
cdd_24p0,mask_50,pop_SSP3,2080,22,354735500.0,1269.138446194289,2.845921,361496830.0
cdd_24p0,mask_50,pop_SSP3,2080,23,81568456.0,302.9383552135559,2.845921,87160590.0
cdd_24p0,mask_50,pop_SSP3,2080,24,38460536.0,178.90239576684291,2.845921,47043750.0
cdd_24p0,mask_50,pop_SSP3,2080,25,961834000.0,1418.1169266704624,2.845921,1002221500.0
cdd_24p0,mask_50,pop_SSP3,2080,26,561984100.0,597.092427724277,2.845921,604655900.0
cdd_24p0,mask_50,pop_SSP3,2090,1,27872098.0,82.76544413118403,3.137292,44979364.0
cdd_24p0,mask_50,pop_SSP3,2090,2,420723330.0,473.05303479554135,3.137292,444843650.0
cdd_24p0,mask_50,pop_SSP3,2090,3,126506750.0,502.29577283983355,3.137292,186358780.0
cdd_24p0,mask_50,pop_SSP3,2090,4,127458504.0,688.9516806268027,3.137292,140112080.0
cdd_24p0,mask_50,pop_SSP3,2090,5,225204290.0,979.1402704040944,3.137292,226093950.0
cdd_24p0,mask_50,pop_SSP3,2090,6,189690050.0,556.0730711423627,3.137292,299846850.0
cdd_24p0,mask_50,pop_SSP3,2090,7,426190430.0,855.1369762683843,3.137292,426195500.0
cdd_24p0,mask_50,pop_SSP3,2090,8,2316183000.0,1740.847286718351,3.137292,2344929300.0
cdd_24p0,mask_50,pop_SSP3,2090,9,740486500.0,790.0387048757694,3.137292,1143401300.0
cdd_24p0,mask_50,pop_SSP3,2090,10,66367344.0,275.165095452165,3.137292,71592950.0
cdd_24p0,mask_50,pop_SSP3,2090,11,244470300.0,101.41217719387917,3.137292,450691100.0
cdd_24p0,mask_50,pop_SSP3,2090,12,78446110.0,140.48456331298448,3.137292,99307016.0
cdd_24p0,mask_50,pop_SSP3,2090,13,106101200.0,353.4736412379125,3.137292,108132840.0
cdd_24p0,mask_50,pop_SSP3,2090,14,38654990.0,164.23684198729146,3.137292,40975320.0
cdd_24p0,mask_50,pop_SSP3,2090,15,135229220.0,534.3665181600936,3.137292,147985220.0
cdd_24p0,mask_50,pop_SSP3,2090,16,129149336.0,161.87221347836902,3.137292,155349680.0
cdd_24p0,mask_50,pop_SSP3,2090,17,501587900.0,1199.4831647618303,3.137292,516737860.0
cdd_24p0,mask_50,pop_SSP3,2090,18,1841387500.0,1720.4136278709425,3.137292,1862041900.0
cdd_24p0,mask_50,pop_SSP3,2090,19,52728376.0,241.07322507631113,3.137292,54595016.0
cdd_24p0,mask_50,pop_SSP3,2090,20,984409340.0,551.5682700782187,3.137292,1036669800.0
cdd_24p0,mask_50,pop_SSP3,2090,21,538312800.0,1568.6239123657688,3.137292,542610940.0
cdd_24p0,mask_50,pop_SSP3,2090,22,359964160.0,1332.9103748871282,3.137292,365927360.0
cdd_24p0,mask_50,pop_SSP3,2090,23,81270296.0,327.5637580982849,3.137292,83576390.0
cdd_24p0,mask_50,pop_SSP3,2090,24,40164904.0,196.30880608485808,3.137292,48830816.0
cdd_24p0,mask_50,pop_SSP3,2090,25,1025423040.0,1491.9982152694831,3.137292,1067009540.0
cdd_24p0,mask_50,pop_SSP3,2090,26,622370750.0,654.0287033140555,3.137292,659791700.0
cdd_24p0,mask_50,pop_SSP3,2100,1,32248386.0,106.56508050485611,3.422318,46129350.0
cdd_24p0,mask_50,pop_SSP3,2100,2,448946880.0,510.0063413469865,3.422318,466091900.0
cdd_24p0,mask_50,pop_SSP3,2100,3,133539160.0,526.7215230866503,3.422318,194026940.0
cdd_24p0,mask_50,pop_SSP3,2100,4,131254210.0,730.498755572583,3.422318,144284480.0
cdd_24p0,mask_50,pop_SSP3,2100,5,224310200.0,1039.1162985697736,3.422318,225164530.0
cdd_24p0,mask_50,pop_SSP3,2100,6,195902720.0,587.052482372698,3.422318,306703700.0
cdd_24p0,mask_50,pop_SSP3,2100,7,449402700.0,897.48602096414,3.422318,449408030.0
cdd_24p0,mask_50,pop_SSP3,2100,8,2532806700.0,1802.478779334255,3.422318,2563487200.0
cdd_24p0,mask_50,pop_SSP3,2100,9,820260600.0,829.6118189671814,3.422318,1230168000.0
cdd_24p0,mask_50,pop_SSP3,2100,10,66541750.0,301.29844877585276,3.422318,71287580.0
cdd_24p0,mask_50,pop_SSP3,2100,11,278963070.0,115.34402690007589,3.422318,464625340.0
cdd_24p0,mask_50,pop_SSP3,2100,12,88492980.0,165.97716705910634,3.422318,100308620.0
cdd_24p0,mask_50,pop_SSP3,2100,13,108156780.0,374.97618742574826,3.422318,109952550.0
cdd_24p0,mask_50,pop_SSP3,2100,14,40400904.0,197.47344051752506,3.422318,41067064.0
cdd_24p0,mask_50,pop_SSP3,2100,15,141912540.0,574.5722416622813,3.422318,154809780.0
cdd_24p0,mask_50,pop_SSP3,2100,16,137828380.0,187.00529005785572,3.422318,158531020.0
cdd_24p0,mask_50,pop_SSP3,2100,17,527783200.0,1250.0235662561965,3.422318,540557630.0
cdd_24p0,mask_50,pop_SSP3,2100,18,1874883200.0,1799.6169624893562,3.422318,1893265500.0
cdd_24p0,mask_50,pop_SSP3,2100,19,50257744.0,265.75269685934757,3.422318,51911252.0
cdd_24p0,mask_50,pop_SSP3,2100,20,948602600.0,599.6955138392838,3.422318,991126700.0
cdd_24p0,mask_50,pop_SSP3,2100,21,550436300.0,1641.4078561707006,3.422318,554794400.0
cdd_24p0,mask_50,pop_SSP3,2100,22,365276500.0,1386.5061222338147,3.422318,370172320.0
cdd_24p0,mask_50,pop_SSP3,2100,23,79060720.0,352.2965122699099,3.422318,80829896.0
cdd_24p0,mask_50,pop_SSP3,2100,24,41805444.0,211.47655130974283,3.422318,50759870.0
cdd_24p0,mask_50,pop_SSP3,2100,25,1089032600.0,1564.3010189514168,3.422318,1129486200.0
cdd_24p0,mask_50,pop_SSP3,2100,26,678025600.0,697.6433492692187,3.422318,706413600.0
cdd_24p0,mask_50,pop_SSP5,2040,1,2501640.0,23.54558187542277,1.693643,43332450.0
cdd_24p0,mask_50,pop_SSP5,2040,2,324375040.0,294.72611379053427,1.693643,380137380.0
cdd_24p0,mask_50,pop_SSP5,2040,3,73428960.0,324.9974272691585,1.693643,137109700.0
cdd_24p0,mask_50,pop_SSP5,2040,4,86438700.0,422.69082291103786,1.693643,103039730.0
cdd_24p0,mask_50,pop_SSP5,2040,5,216173120.0,620.4985927137703,1.693643,224136160.0
cdd_24p0,mask_50,pop_SSP5,2040,6,128581700.0,361.43192908792406,1.693643,240428000.0
cdd_24p0,mask_50,pop_SSP5,2040,7,257205140.0,589.0576404363954,1.693643,257347000.0
cdd_24p0,mask_50,pop_SSP5,2040,8,821898300.0,1258.0939068117384,1.693643,844544500.0
cdd_24p0,mask_50,pop_SSP5,2040,9,261877150.0,553.5112013351221,1.693643,499649440.0
cdd_24p0,mask_50,pop_SSP5,2040,10,42463784.0,125.8300236124216,1.693643,67583850.0
cdd_24p0,mask_50,pop_SSP5,2040,11,127489440.0,44.75553044767446,1.693643,444985760.0
cdd_24p0,mask_50,pop_SSP5,2040,12,37767090.0,50.820464573712286,1.693643,110979220.0
cdd_24p0,mask_50,pop_SSP5,2040,13,75107420.0,192.56435814101172,1.693643,94398980.0
cdd_24p0,mask_50,pop_SSP5,2040,14,26722294.0,59.52632161679382,1.693643,49036920.0
cdd_24p0,mask_50,pop_SSP5,2040,15,76857240.0,331.6627656900928,1.693643,91172590.0
cdd_24p0,mask_50,pop_SSP5,2040,16,60739050.0,74.1302654558492,1.693643,160273680.0
cdd_24p0,mask_50,pop_SSP5,2040,17,324195680.0,880.6217841547582,1.693643,345014200.0
cdd_24p0,mask_50,pop_SSP5,2040,18,1536023300.0,1303.3684553124695,1.693643,1561527600.0
cdd_24p0,mask_50,pop_SSP5,2040,19,68335510.0,129.5471517829453,1.693643,76385490.0
cdd_24p0,mask_50,pop_SSP5,2040,20,1261956100.0,361.71354487738785,1.693643,1411498900.0
cdd_24p0,mask_50,pop_SSP5,2040,21,440329020.0,1165.9102181149042,1.693643,445349380.0
cdd_24p0,mask_50,pop_SSP5,2040,22,303285300.0,984.8817090125101,1.693643,311905200.0
cdd_24p0,mask_50,pop_SSP5,2040,23,104284060.0,209.02667611541796,1.693643,114660220.0
cdd_24p0,mask_50,pop_SSP5,2040,24,29652610.0,114.29325046089363,1.693643,40330000.0
cdd_24p0,mask_50,pop_SSP5,2040,25,559186700.0,1129.216283804678,1.693643,594712060.0
cdd_24p0,mask_50,pop_SSP5,2040,26,235243890.0,359.51891114157036,1.693643,279094100.0
cdd_24p0,mask_50,pop_SSP5,2050,1,9688185.0,30.98630007657982,1.980731,46331800.0
cdd_24p0,mask_50,pop_SSP5,2050,2,352000740.0,325.181301881359,1.980731,402577570.0
cdd_24p0,mask_50,pop_SSP5,2050,3,77978584.0,354.0954636455413,1.980731,138332980.0
cdd_24p0,mask_50,pop_SSP5,2050,4,88126930.0,468.88771719903986,1.980731,103273816.0
cdd_24p0,mask_50,pop_SSP5,2050,5,215908740.0,684.8344303119975,1.980731,221886370.0
cdd_24p0,mask_50,pop_SSP5,2050,6,133384510.0,396.5090820169377,1.980731,242080480.0
cdd_24p0,mask_50,pop_SSP5,2050,7,273432800.0,637.221940922458,1.980731,273583650.0
cdd_24p0,mask_50,pop_SSP5,2050,8,949830100.0,1346.5298243494628,1.980731,972528600.0
cdd_24p0,mask_50,pop_SSP5,2050,9,305853440.0,594.9918332174,1.980731,557712000.0
cdd_24p0,mask_50,pop_SSP5,2050,10,45984240.0,149.57481949999152,1.980731,69496184.0
cdd_24p0,mask_50,pop_SSP5,2050,11,146929800.0,53.325320515916495,1.980731,461321340.0
cdd_24p0,mask_50,pop_SSP5,2050,12,41041664.0,62.36785063374765,1.980731,106517320.0
cdd_24p0,mask_50,pop_SSP5,2050,13,80098630.0,218.2973504010437,1.980731,96206350.0
cdd_24p0,mask_50,pop_SSP5,2050,14,29877912.0,72.4858904401077,1.980731,47891656.0
cdd_24p0,mask_50,pop_SSP5,2050,15,81755460.0,366.49236933578226,1.980731,95126180.0
cdd_24p0,mask_50,pop_SSP5,2050,16,72176980.0,86.82007414160833,1.980731,161663440.0
cdd_24p0,mask_50,pop_SSP5,2050,17,348924860.0,939.3104103675583,1.980731,370126800.0
cdd_24p0,mask_50,pop_SSP5,2050,18,1545503900.0,1376.0515731370097,1.980731,1569378600.0
cdd_24p0,mask_50,pop_SSP5,2050,19,67120540.0,148.95464601586713,1.980731,73432060.0
cdd_24p0,mask_50,pop_SSP5,2050,20,1223220100.0,395.7492718487273,1.980731,1347515400.0
cdd_24p0,mask_50,pop_SSP5,2050,21,445292930.0,1241.770564734646,1.980731,449605060.0
cdd_24p0,mask_50,pop_SSP5,2050,22,305723000.0,1051.0223401778865,1.980731,314093250.0
cdd_24p0,mask_50,pop_SSP5,2050,23,100376510.0,229.63030202809665,1.980731,109667816.0
cdd_24p0,mask_50,pop_SSP5,2050,24,33467802.0,127.06853617767793,1.980731,43495732.0
cdd_24p0,mask_50,pop_SSP5,2050,25,596425500.0,1193.9606955987686,1.980731,625951600.0
cdd_24p0,mask_50,pop_SSP5,2050,26,276867360.0,407.94105281084427,1.980731,318077120.0
cdd_24p0,mask_50,pop_SSP5,2060,1,18847582.0,40.622811131151025,2.268381,48951268.0
cdd_24p0,mask_50,pop_SSP5,2060,2,373945470.0,361.43727028146327,2.268381,421112130.0
cdd_24p0,mask_50,pop_SSP5,2060,3,82955736.0,390.7724540777545,2.268381,136508750.0
cdd_24p0,mask_50,pop_SSP5,2060,4,88648296.0,524.3589257163442,2.268381,101067450.0
cdd_24p0,mask_50,pop_SSP5,2060,5,209886700.0,758.842742101638,2.268381,215042690.0
cdd_24p0,mask_50,pop_SSP5,2060,6,139357810.0,435.6607017214875,2.268381,238479630.0
cdd_24p0,mask_50,pop_SSP5,2060,7,281905630.0,692.3431434529416,2.268381,281909000.0
cdd_24p0,mask_50,pop_SSP5,2060,8,1055205900.0,1449.6329631466724,2.268381,1075628300.0
cdd_24p0,mask_50,pop_SSP5,2060,9,344242240.0,644.4003670240808,2.268381,599240960.0
cdd_24p0,mask_50,pop_SSP5,2060,10,60517372.0,176.46194994393883,2.268381,69534510.0
cdd_24p0,mask_50,pop_SSP5,2060,11,173412130.0,63.68382782743246,2.268381,474071840.0
cdd_24p0,mask_50,pop_SSP5,2060,12,43193664.0,78.31984718964168,2.268381,102216340.0
cdd_24p0,mask_50,pop_SSP5,2060,13,87852430.0,250.8525876963215,2.268381,95719980.0
cdd_24p0,mask_50,pop_SSP5,2060,14,32036156.0,92.02226207413466,2.268381,46516504.0
cdd_24p0,mask_50,pop_SSP5,2060,15,83383670.0,408.1052262742321,2.268381,95867900.0
cdd_24p0,mask_50,pop_SSP5,2060,16,86781020.0,104.53790634148636,2.268381,162185360.0
cdd_24p0,mask_50,pop_SSP5,2060,17,369380400.0,1004.3498973421489,2.268381,385069500.0
cdd_24p0,mask_50,pop_SSP5,2060,18,1518850000.0,1464.0092479830344,2.268381,1539514600.0
cdd_24p0,mask_50,pop_SSP5,2060,19,65658052.0,172.25662554657896,2.268381,68967150.0
cdd_24p0,mask_50,pop_SSP5,2060,20,1152651500.0,434.7556706583341,2.268381,1251398500.0
cdd_24p0,mask_50,pop_SSP5,2060,21,439440900.0,1326.136838720189,2.268381,443314000.0
cdd_24p0,mask_50,pop_SSP5,2060,22,301370140.0,1124.7032751511872,2.268381,308861500.0
cdd_24p0,mask_50,pop_SSP5,2060,23,96850240.0,254.31299542969975,2.268381,105085610.0
cdd_24p0,mask_50,pop_SSP5,2060,24,36107344.0,143.12961515230157,2.268381,46211076.0
cdd_24p0,mask_50,pop_SSP5,2060,25,610928640.0,1269.1316088335782,2.268381,639516160.0
cdd_24p0,mask_50,pop_SSP5,2060,26,313925820.0,467.6543635846257,2.268381,347721730.0
cdd_24p0,mask_50,pop_SSP5,2070,1,27114582.0,50.990249605458715,2.554702,50957204.0
cdd_24p0,mask_50,pop_SSP5,2070,2,398871040.0,397.87828302249335,2.554702,435736060.0
cdd_24p0,mask_50,pop_SSP5,2070,3,82642700.0,428.3787758427879,2.554702,132594584.0
cdd_24p0,mask_50,pop_SSP5,2070,4,87949040.0,580.4501045154061,2.554702,97328590.0
cdd_24p0,mask_50,pop_SSP5,2070,5,202805170.0,833.2684264954449,2.554702,204266880.0
cdd_24p0,mask_50,pop_SSP5,2070,6,140528820.0,475.386751511403,2.554702,230797540.0
cdd_24p0,mask_50,pop_SSP5,2070,7,282726800.0,747.698180987838,2.554702,282730140.0
cdd_24p0,mask_50,pop_SSP5,2070,8,1136469600.0,1552.9009475556527,2.554702,1151005600.0
cdd_24p0,mask_50,pop_SSP5,2070,9,378286800.0,694.1478874021726,2.554702,623450400.0
cdd_24p0,mask_50,pop_SSP5,2070,10,60532124.0,205.22076754640048,2.554702,67827340.0
cdd_24p0,mask_50,pop_SSP5,2070,11,199488540.0,74.59599736617005,2.554702,480712100.0
cdd_24p0,mask_50,pop_SSP5,2070,12,48521250.0,95.44107499809486,2.554702,97409496.0
cdd_24p0,mask_50,pop_SSP5,2070,13,87263780.0,284.5097102494308,2.554702,93346936.0
cdd_24p0,mask_50,pop_SSP5,2070,14,33019336.0,112.51340309179483,2.554702,44880170.0
cdd_24p0,mask_50,pop_SSP5,2070,15,84460024.0,449.8403266916722,2.554702,94441750.0
cdd_24p0,mask_50,pop_SSP5,2070,16,101902170.0,122.43024145970212,2.554702,160806910.0
cdd_24p0,mask_50,pop_SSP5,2070,17,373753600.0,1069.8299528138039,2.554702,389016320.0
cdd_24p0,mask_50,pop_SSP5,2070,18,1459428400.0,1551.835957220327,2.554702,1478133200.0
cdd_24p0,mask_50,pop_SSP5,2070,19,60837690.0,195.39960316138874,2.554702,63368810.0
cdd_24p0,mask_50,pop_SSP5,2070,20,1060311600.0,473.20589080625774,2.554702,1140496000.0
cdd_24p0,mask_50,pop_SSP5,2070,21,424746620.0,1409.8212855808881,2.554702,428410430.0
cdd_24p0,mask_50,pop_SSP5,2070,22,290397250.0,1197.9409816377358,2.554702,297115900.0
cdd_24p0,mask_50,pop_SSP5,2070,23,92434180.0,278.9346787102856,2.554702,99710800.0
cdd_24p0,mask_50,pop_SSP5,2070,24,38969304.0,159.8369916839398,2.554702,48151736.0
cdd_24p0,mask_50,pop_SSP5,2070,25,609839360.0,1344.1294768247433,2.554702,638131300.0
cdd_24p0,mask_50,pop_SSP5,2070,26,336007140.0,529.1469314118199,2.554702,367066000.0
cdd_24p0,mask_50,pop_SSP5,2080,1,30028398.0,64.20328841316783,2.845921,52262844.0
cdd_24p0,mask_50,pop_SSP5,2080,2,413564740.0,434.69401253085886,2.845921,446012320.0
cdd_24p0,mask_50,pop_SSP5,2080,3,82976230.0,469.04539873245835,2.845921,127441710.0
cdd_24p0,mask_50,pop_SSP5,2080,4,84180376.0,638.4479651943271,2.845921,92585890.0
cdd_24p0,mask_50,pop_SSP5,2080,5,189655280.0,909.2991486246696,2.845921,190735710.0
cdd_24p0,mask_50,pop_SSP5,2080,6,135946020.0,517.8123716370645,2.845921,220191060.0
cdd_24p0,mask_50,pop_SSP5,2080,7,278586560.0,803.9918292821823,2.845921,278589900.0
cdd_24p0,mask_50,pop_SSP5,2080,8,1183937800.0,1656.2359997738013,2.845921,1198967000.0
cdd_24p0,mask_50,pop_SSP5,2080,9,401226140.0,744.7743970304149,2.845921,631325600.0
cdd_24p0,mask_50,pop_SSP5,2080,10,59001776.0,242.11437491060514,2.845921,64640944.0
cdd_24p0,mask_50,pop_SSP5,2080,11,235222270.0,87.74000429304111,2.845921,482969020.0
cdd_24p0,mask_50,pop_SSP5,2080,12,61357468.0,116.85936716617064,2.845921,92288720.0
cdd_24p0,mask_50,pop_SSP5,2080,13,85860200.0,322.05155842502506,2.845921,89766420.0
cdd_24p0,mask_50,pop_SSP5,2080,14,36566160.0,135.83927252957696,2.845921,42962130.0
cdd_24p0,mask_50,pop_SSP5,2080,15,82757384.0,491.57709135585014,2.845921,91924680.0
cdd_24p0,mask_50,pop_SSP5,2080,16,122130640.0,140.1928588036249,2.845921,157745150.0
cdd_24p0,mask_50,pop_SSP5,2080,17,372677540.0,1137.7023631851098,2.845921,384154720.0
cdd_24p0,mask_50,pop_SSP5,2080,18,1374005800.0,1637.6938656523998,2.845921,1389885600.0
cdd_24p0,mask_50,pop_SSP5,2080,19,55735336.0,217.53043524607668,2.845921,57924530.0
cdd_24p0,mask_50,pop_SSP5,2080,20,971589300.0,509.1853967024243,2.845921,1031476350.0
cdd_24p0,mask_50,pop_SSP5,2080,21,404252860.0,1491.1073862457567,2.845921,407526200.0
cdd_24p0,mask_50,pop_SSP5,2080,22,276039970.0,1269.707916433268,2.845921,281301340.0
cdd_24p0,mask_50,pop_SSP5,2080,23,86882540.0,302.9629100821539,2.845921,92839010.0
cdd_24p0,mask_50,pop_SSP5,2080,24,40293108.0,178.9295259753348,2.845921,49285304.0
cdd_24p0,mask_50,pop_SSP5,2080,25,599409800.0,1417.9907680307551,2.845921,624636300.0
cdd_24p0,mask_50,pop_SSP5,2080,26,350014620.0,597.0962089929046,2.845921,376710100.0
cdd_24p0,mask_50,pop_SSP5,2090,1,32236030.0,82.64928734501333,3.137292,52095904.0
cdd_24p0,mask_50,pop_SSP5,2090,2,423888670.0,471.96515713505653,3.137292,448334460.0
cdd_24p0,mask_50,pop_SSP5,2090,3,82390060.0,502.3148398418088,3.137292,121236936.0
cdd_24p0,mask_50,pop_SSP5,2090,4,79113970.0,689.1361730207169,3.137292,86967870.0
cdd_24p0,mask_50,pop_SSP5,2090,5,175110510.0,978.4025275626996,3.137292,175802430.0
cdd_24p0,mask_50,pop_SSP5,2090,6,131055440.0,555.1703700458498,3.137292,207117020.0
cdd_24p0,mask_50,pop_SSP5,2090,7,271135070.0,854.1578599364522,3.137292,271138300.0
cdd_24p0,mask_50,pop_SSP5,2090,8,1201145900.0,1740.5882645996016,3.137292,1216166100.0
cdd_24p0,mask_50,pop_SSP5,2090,9,404399230.0,790.6226788045653,3.137292,624225340.0
cdd_24p0,mask_50,pop_SSP5,2090,10,55918680.0,274.20048190247206,3.137292,60318396.0
cdd_24p0,mask_50,pop_SSP5,2090,11,257470620.0,101.4034250367398,3.137292,474767650.0
cdd_24p0,mask_50,pop_SSP5,2090,12,68856290.0,140.46922045561155,3.137292,87156970.0
cdd_24p0,mask_50,pop_SSP5,2090,13,83776660.0,352.25195050152115,3.137292,85383620.0
cdd_24p0,mask_50,pop_SSP5,2090,14,38478144.0,164.18777863307045,3.137292,40788630.0
cdd_24p0,mask_50,pop_SSP5,2090,15,80957100.0,532.9949243451179,3.137292,88606020.0
cdd_24p0,mask_50,pop_SSP5,2090,16,127309900.0,161.6946080166396,3.137292,153171410.0
cdd_24p0,mask_50,pop_SSP5,2090,17,361798880.0,1197.9448082258405,3.137292,372719740.0
cdd_24p0,mask_50,pop_SSP5,2090,18,1265951000.0,1721.265729250379,3.137292,1280144800.0
cdd_24p0,mask_50,pop_SSP5,2090,19,50820812.0,241.12899213944536,3.137292,52603030.0
cdd_24p0,mask_50,pop_SSP5,2090,20,876241300.0,551.4047720976414,3.137292,922740200.0
cdd_24p0,mask_50,pop_SSP5,2090,21,378855170.0,1569.2046986662704,3.137292,381879500.0
cdd_24p0,mask_50,pop_SSP5,2090,22,258654060.0,1333.4981926552853,3.137292,262939000.0
cdd_24p0,mask_50,pop_SSP5,2090,23,83055730.0,327.58936117437696,3.137292,85412500.0
cdd_24p0,mask_50,pop_SSP5,2090,24,40359020.0,196.33783154145814,3.137292,49066810.0
cdd_24p0,mask_50,pop_SSP5,2090,25,577952000.0,1491.91935985009,3.137292,601448960.0
cdd_24p0,mask_50,pop_SSP5,2090,26,354810000.0,654.0607030414061,3.137292,376255400.0
cdd_24p0,mask_50,pop_SSP5,2100,1,34826332.0,106.43094590789825,3.422318,49873596.0
cdd_24p0,mask_50,pop_SSP5,2100,2,423597020.0,508.9035459898577,3.422318,439881250.0
cdd_24p0,mask_50,pop_SSP5,2100,3,78163410.0,526.7156193402725,3.422318,113432290.0
cdd_24p0,mask_50,pop_SSP5,2100,4,73290450.0,730.662563126503,3.422318,80566170.0
cdd_24p0,mask_50,pop_SSP5,2100,5,158932200.0,1038.3524526588171,3.422318,159537630.0
cdd_24p0,mask_50,pop_SSP5,2100,6,122419224.0,586.1271334807476,3.422318,191616370.0
cdd_24p0,mask_50,pop_SSP5,2100,7,260874130.0,896.4720980528159,3.422318,260877220.0
cdd_24p0,mask_50,pop_SSP5,2100,8,1187500300.0,1802.2044974866712,3.422318,1201983700.0
cdd_24p0,mask_50,pop_SSP5,2100,9,403174200.0,830.1978451607587,3.422318,604439230.0
cdd_24p0,mask_50,pop_SSP5,2100,10,51725684.0,300.28889627050046,3.422318,55405904.0
cdd_24p0,mask_50,pop_SSP5,2100,11,271923200.0,115.33200433735178,3.422318,453007740.0
cdd_24p0,mask_50,pop_SSP5,2100,12,72273440.0,165.95863285208196,3.422318,81932770.0
cdd_24p0,mask_50,pop_SSP5,2100,13,79228180.0,373.71348170981184,3.422318,80546520.0
cdd_24p0,mask_50,pop_SSP5,2100,14,37810250.0,197.41960899009894,3.422318,38433052.0
cdd_24p0,mask_50,pop_SSP5,2100,15,77876130.0,573.136778395024,3.422318,84967690.0
cdd_24p0,mask_50,pop_SSP5,2100,16,128195680.0,186.82289249638197,3.422318,147491890.0
cdd_24p0,mask_50,pop_SSP5,2100,17,347354370.0,1248.4600711565158,3.422318,355755700.0
cdd_24p0,mask_50,pop_SSP5,2100,18,1146880000.0,1800.4588085916214,3.422318,1158173400.0
cdd_24p0,mask_50,pop_SSP5,2100,19,45519660.0,265.81229428482794,3.422318,47005696.0
cdd_24p0,mask_50,pop_SSP5,2100,20,789387600.0,599.534482721209,3.422318,824748540.0
cdd_24p0,mask_50,pop_SSP5,2100,21,349901120.0,1642.0540005951648,3.422318,352670080.0
cdd_24p0,mask_50,pop_SSP5,2100,22,239039870.0,1387.1011849607416,3.422318,242243790.0
cdd_24p0,mask_50,pop_SSP5,2100,23,75687210.0,352.3225149183247,3.422318,77380890.0
cdd_24p0,mask_50,pop_SSP5,2100,24,38933884.0,211.50710513672658,3.422318,47273250.0
cdd_24p0,mask_50,pop_SSP5,2100,25,551420700.0,1564.2696177673454,3.422318,571949250.0
cdd_24p0,mask_50,pop_SSP5,2100,26,352266940.0,697.686321867424,3.422318,367119550.0
cdd_24p0,mask_100,pop_SSP1,2040,1,0.0,23.56610384461284,1.693643,41337404.0
cdd_24p0,mask_100,pop_SSP1,2040,2,255279200.0,294.69973446564467,1.693643,367037060.0
cdd_24p0,mask_100,pop_SSP1,2040,3,67238320.0,324.80572902824656,1.693643,138872290.0
cdd_24p0,mask_100,pop_SSP1,2040,4,85309336.0,422.63790513180214,1.693643,105208740.0
cdd_24p0,mask_100,pop_SSP1,2040,5,206241620.0,620.5061179101947,1.693643,224225860.0
cdd_24p0,mask_100,pop_SSP1,2040,6,120491420.0,361.4864329807069,1.693643,242465470.0
cdd_24p0,mask_100,pop_SSP1,2040,7,256363800.0,589.0925280116239,1.693643,258731170.0
cdd_24p0,mask_100,pop_SSP1,2040,8,824382800.0,1258.0378436568353,1.693643,848988800.0
cdd_24p0,mask_100,pop_SSP1,2040,9,235539650.0,553.5183524680027,1.693643,504946800.0
cdd_24p0,mask_100,pop_SSP1,2040,10,30403642.0,125.87120964834196,1.693643,67584720.0
cdd_24p0,mask_100,pop_SSP1,2040,11,88306110.0,44.75621558857854,1.693643,431206400.0
cdd_24p0,mask_100,pop_SSP1,2040,12,20523288.0,50.83170012134233,1.693643,111707960.0
cdd_24p0,mask_100,pop_SSP1,2040,13,59397704.0,192.4173721533245,1.693643,94843990.0
cdd_24p0,mask_100,pop_SSP1,2040,14,12779461.0,59.55037703085146,1.693643,48440990.0
cdd_24p0,mask_100,pop_SSP1,2040,15,66332810.0,331.79564400721716,1.693643,92945240.0
cdd_24p0,mask_100,pop_SSP1,2040,16,34204796.0,74.07389547964398,1.693643,156855440.0
cdd_24p0,mask_100,pop_SSP1,2040,17,314087360.0,880.5166298842144,1.693643,342136600.0
cdd_24p0,mask_100,pop_SSP1,2040,18,1536300500.0,1303.1951513193078,1.693643,1563959600.0
cdd_24p0,mask_100,pop_SSP1,2040,19,62334660.0,129.534524578654,1.693643,76428100.0
cdd_24p0,mask_100,pop_SSP1,2040,20,1170316300.0,361.7334076371044,1.693643,1414905100.0
cdd_24p0,mask_100,pop_SSP1,2040,21,438602850.0,1165.8954550674523,1.693643,445849020.0
cdd_24p0,mask_100,pop_SSP1,2040,22,302358720.0,984.8800924364962,1.693643,312030500.0
cdd_24p0,mask_100,pop_SSP1,2040,23,95357020.0,209.01053857712574,1.693643,113431120.0
cdd_24p0,mask_100,pop_SSP1,2040,24,17421112.0,114.23995410679498,1.693643,38909136.0
cdd_24p0,mask_100,pop_SSP1,2040,25,565592960.0,1129.2377796926755,1.693643,606828100.0
cdd_24p0,mask_100,pop_SSP1,2040,26,215152830.0,359.5218703367833,1.693643,281171600.0
cdd_24p0,mask_100,pop_SSP1,2050,1,650273.8,31.01199647373557,1.980731,42730160.0
cdd_24p0,mask_100,pop_SSP1,2050,2,289721540.0,325.15428234648004,1.980731,379067230.0
cdd_24p0,mask_100,pop_SSP1,2050,3,70546430.0,353.89942420031906,1.980731,141275540.0
cdd_24p0,mask_100,pop_SSP1,2050,4,88452910.0,468.83533254767787,1.980731,106730440.0
cdd_24p0,mask_100,pop_SSP1,2050,5,209395460.0,684.8427487096236,1.980731,222007940.0
cdd_24p0,mask_100,pop_SSP1,2050,6,126981040.0,396.567872845898,1.980731,245458220.0
cdd_24p0,mask_100,pop_SSP1,2050,7,275148800.0,637.2584436137929,1.980731,276054530.0
cdd_24p0,mask_100,pop_SSP1,2050,8,955201600.0,1346.4714746011934,1.980731,981780860.0
cdd_24p0,mask_100,pop_SSP1,2050,9,283407140.0,595.001554872901,1.980731,567637300.0
cdd_24p0,mask_100,pop_SSP1,2050,10,34159136.0,149.62099240124036,1.980731,69499650.0
cdd_24p0,mask_100,pop_SSP1,2050,11,99829690.0,53.326702289011116,1.980731,436203360.0
cdd_24p0,mask_100,pop_SSP1,2050,12,25749336.0,62.38150722077136,1.980731,107122160.0
cdd_24p0,mask_100,pop_SSP1,2050,13,71614500.0,218.14131831679285,1.980731,96936720.0
cdd_24p0,mask_100,pop_SSP1,2050,14,16255158.0,72.51476705311059,1.980731,46647932.0
cdd_24p0,mask_100,pop_SSP1,2050,15,75390650.0,366.6376829873366,1.980731,98202280.0
cdd_24p0,mask_100,pop_SSP1,2050,16,39722136.0,86.7583153435939,1.980731,155298020.0
cdd_24p0,mask_100,pop_SSP1,2050,17,336759230.0,939.2038419606198,1.980731,365695940.0
cdd_24p0,mask_100,pop_SSP1,2050,18,1546686000.0,1375.873518289628,1.980731,1573453300.0
cdd_24p0,mask_100,pop_SSP1,2050,19,60899110.0,148.94033149856628,1.980731,73376910.0
cdd_24p0,mask_100,pop_SSP1,2050,20,1156464000.0,395.7700396106631,1.980731,1352791300.0
cdd_24p0,mask_100,pop_SSP1,2050,21,444094430.0,1241.7549735180853,1.980731,450295300.0
cdd_24p0,mask_100,pop_SSP1,2050,22,305302270.0,1051.020633962659,1.980731,314288030.0
cdd_24p0,mask_100,pop_SSP1,2050,23,92204170.0,229.61297110167655,1.980731,107435820.0
cdd_24p0,mask_100,pop_SSP1,2050,24,22452238.0,127.01009806123326,1.980731,40958290.0
cdd_24p0,mask_100,pop_SSP1,2050,25,604158600.0,1193.9863073689453,1.980731,647567100.0
cdd_24p0,mask_100,pop_SSP1,2050,26,259448770.0,407.9426173439869,1.980731,322151000.0
cdd_24p0,mask_100,pop_SSP1,2060,1,2003507.0,40.654626825976784,2.268381,43724424.0
cdd_24p0,mask_100,pop_SSP1,2060,2,315519550.0,361.4078099522819,2.268381,386854980.0
cdd_24p0,mask_100,pop_SSP1,2060,3,73893950.0,390.57342258470493,2.268381,140542530.0
cdd_24p0,mask_100,pop_SSP1,2060,4,89892740.0,524.3116444189684,2.268381,105595120.0
cdd_24p0,mask_100,pop_SSP1,2060,5,206798600.0,758.8517691611877,2.268381,215165280.0
cdd_24p0,mask_100,pop_SSP1,2060,6,128997380.0,435.7239491559826,2.268381,243065360.0
cdd_24p0,mask_100,pop_SSP1,2060,7,284539740.0,692.3816256569993,2.268381,285476380.0
cdd_24p0,mask_100,pop_SSP1,2060,8,1064136960.0,1449.5721551445597,2.268381,1090710100.0
cdd_24p0,mask_100,pop_SSP1,2060,9,323951550.0,644.411785715277,2.268381,614193150.0
cdd_24p0,mask_100,pop_SSP1,2060,10,36682690.0,176.5129399661048,2.268381,69521660.0
cdd_24p0,mask_100,pop_SSP1,2060,11,109232350.0,63.6867030883766,2.268381,437019330.0
cdd_24p0,mask_100,pop_SSP1,2060,12,31999032.0,78.33675767536837,2.268381,102368690.0
cdd_24p0,mask_100,pop_SSP1,2060,13,75326320.0,250.687395546735,2.268381,96692240.0
cdd_24p0,mask_100,pop_SSP1,2060,14,19667204.0,92.0585395129933,2.268381,44486428.0
cdd_24p0,mask_100,pop_SSP1,2060,15,81182410.0,408.26501964787815,2.268381,100182490.0
cdd_24p0,mask_100,pop_SSP1,2060,16,44057816.0,104.46819754540182,2.268381,152653250.0
cdd_24p0,mask_100,pop_SSP1,2060,17,356203740.0,1004.2417762722954,2.268381,379247300.0
cdd_24p0,mask_100,pop_SSP1,2060,18,1519847200.0,1463.8268153474228,2.268381,1545084400.0
cdd_24p0,mask_100,pop_SSP1,2060,19,60080332.0,172.2402752666458,2.268381,68708940.0
cdd_24p0,mask_100,pop_SSP1,2060,20,1103453600.0,434.77731633763943,2.268381,1258049700.0
cdd_24p0,mask_100,pop_SSP1,2060,21,439016200.0,1326.1203517608685,2.268381,444014660.0
cdd_24p0,mask_100,pop_SSP1,2060,22,300761950.0,1124.7014659180347,2.268381,309094800.0
cdd_24p0,mask_100,pop_SSP1,2060,23,89685700.0,254.29395018916347,2.268381,101781510.0
cdd_24p0,mask_100,pop_SSP1,2060,24,24269342.0,143.06518285466174,2.268381,42555550.0
cdd_24p0,mask_100,pop_SSP1,2060,25,630181700.0,1269.152098251606,2.268381,671092740.0
cdd_24p0,mask_100,pop_SSP1,2060,26,300582200.0,467.65413225122353,2.268381,354106900.0
cdd_24p0,mask_100,pop_SSP1,2070,1,2577072.0,51.02800631428802,2.554702,44364012.0
cdd_24p0,mask_100,pop_SSP1,2070,2,331584770.0,397.84619314093595,2.554702,392172800.0
cdd_24p0,mask_100,pop_SSP1,2070,3,76220330.0,428.1768309303621,2.554702,137426370.0
cdd_24p0,mask_100,pop_SSP1,2070,4,89945950.0,580.4084546490448,2.554702,102546620.0
cdd_24p0,mask_100,pop_SSP1,2070,5,198122530.0,833.2781632244984,2.554702,204359040.0
cdd_24p0,mask_100,pop_SSP1,2070,6,129478456.0,475.4543129588159,2.554702,236221260.0
cdd_24p0,mask_100,pop_SSP1,2070,7,286942940.0,747.738602435001,2.554702,287188320.0
cdd_24p0,mask_100,pop_SSP1,2070,8,1145965800.0,1552.8376500336194,2.554702,1171714300.0
cdd_24p0,mask_100,pop_SSP1,2070,9,351970620.0,694.1608986053604,2.554702,642925440.0
cdd_24p0,mask_100,pop_SSP1,2070,10,37519510.0,205.276584477233,2.554702,67755464.0
cdd_24p0,mask_100,pop_SSP1,2070,11,123339100.0,74.6005092293753,2.554702,433117380.0
cdd_24p0,mask_100,pop_SSP1,2070,12,34447596.0,95.46153369617664,2.554702,96934740.0
cdd_24p0,mask_100,pop_SSP1,2070,13,78409144.0,284.33543012230314,2.554702,94466090.0
cdd_24p0,mask_100,pop_SSP1,2070,14,24144708.0,112.55743158464546,2.554702,42106644.0
cdd_24p0,mask_100,pop_SSP1,2070,15,83764640.0,450.0145449618084,2.554702,99628890.0
cdd_24p0,mask_100,pop_SSP1,2070,16,52212228.0,122.35270428654256,2.554702,148472910.0
cdd_24p0,mask_100,pop_SSP1,2070,17,360053600.0,1069.7202835779528,2.554702,382055680.0
cdd_24p0,mask_100,pop_SSP1,2070,18,1462165800.0,1551.6497028203682,2.554702,1484759600.0
cdd_24p0,mask_100,pop_SSP1,2070,19,56216708.0,195.38126374641234,2.554702,62868164.0
cdd_24p0,mask_100,pop_SSP1,2070,20,1025856450.0,473.22837210621293,2.554702,1147859800.0
cdd_24p0,mask_100,pop_SSP1,2070,21,424786100.0,1409.8039179801267,2.554702,428890880.0
cdd_24p0,mask_100,pop_SSP1,2070,22,289762700.0,1197.9390704223501,2.554702,297357660.0
cdd_24p0,mask_100,pop_SSP1,2070,23,85723600.0,278.913948592848,2.554702,95463000.0
cdd_24p0,mask_100,pop_SSP1,2070,24,30779528.0,159.76652142552473,2.554702,43537636.0
cdd_24p0,mask_100,pop_SSP1,2070,25,638550900.0,1344.1432544138224,2.554702,677983000.0
cdd_24p0,mask_100,pop_SSP1,2070,26,331385470.0,529.144685888123,2.554702,375558880.0
cdd_24p0,mask_100,pop_SSP1,2080,1,9160138.0,64.24615403400449,2.845921,44620250.0
cdd_24p0,mask_100,pop_SSP1,2080,2,345705950.0,434.6589404269299,2.845921,395203330.0
cdd_24p0,mask_100,pop_SSP1,2080,3,79040480.0,468.8403517985552,2.845921,132715140.0
cdd_24p0,mask_100,pop_SSP1,2080,4,87743470.0,638.4130125885259,2.845921,98098780.0
cdd_24p0,mask_100,pop_SSP1,2080,5,185885660.0,909.3096521001615,2.845921,190773550.0
cdd_24p0,mask_100,pop_SSP1,2080,6,131975680.0,517.8837458403365,2.845921,226005010.0
cdd_24p0,mask_100,pop_SSP1,2080,7,283501700.0,804.0339779282914,2.845921,283658080.0
cdd_24p0,mask_100,pop_SSP1,2080,8,1201429400.0,1656.1700380351517,2.845921,1224136200.0
cdd_24p0,mask_100,pop_SSP1,2080,9,378161760.0,744.7888819964836,2.845921,654119700.0
cdd_24p0,mask_100,pop_SSP1,2080,10,53016324.0,242.1752945709359,2.845921,64471650.0
cdd_24p0,mask_100,pop_SSP1,2080,11,131321740.0,87.74658197993494,2.845921,426984860.0
cdd_24p0,mask_100,pop_SSP1,2080,12,37153236.0,116.88451214404785,2.845921,91174940.0
cdd_24p0,mask_100,pop_SSP1,2080,13,82140060.0,321.86819267499015,2.845921,90921100.0
cdd_24p0,mask_100,pop_SSP1,2080,14,25553904.0,135.89204919108073,2.845921,39598330.0
cdd_24p0,mask_100,pop_SSP1,2080,15,83639870.0,491.7654115612238,2.845921,97576300.0
cdd_24p0,mask_100,pop_SSP1,2080,16,58335196.0,140.10850994745,2.845921,143305800.0
cdd_24p0,mask_100,pop_SSP1,2080,17,360218880.0,1137.5911495547796,2.845921,376284930.0
cdd_24p0,mask_100,pop_SSP1,2080,18,1377547300.0,1637.5059139092953,2.845921,1396979000.0
cdd_24p0,mask_100,pop_SSP1,2080,19,51516210.0,217.5103391973363,2.845921,57179110.0
cdd_24p0,mask_100,pop_SSP1,2080,20,942983000.0,509.20857211108626,2.845921,1038973760.0
cdd_24p0,mask_100,pop_SSP1,2080,21,404009950.0,1491.0891904499879,2.845921,407564600.0
cdd_24p0,mask_100,pop_SSP1,2080,22,274811460.0,1269.705907965247,2.845921,281531460.0
cdd_24p0,mask_100,pop_SSP1,2080,23,80104856.0,302.9407185389352,2.845921,87863890.0
cdd_24p0,mask_100,pop_SSP1,2080,24,31902338.0,178.85286591073665,2.845921,43898824.0
cdd_24p0,mask_100,pop_SSP1,2080,25,639413440.0,1417.9936175445441,2.845921,669882750.0
cdd_24p0,mask_100,pop_SSP1,2080,26,349886720.0,597.0910614906968,2.845921,386785280.0
cdd_24p0,mask_100,pop_SSP1,2090,1,17100906.0,82.69831463627868,3.137292,43763460.0
cdd_24p0,mask_100,pop_SSP1,2090,2,347576260.0,471.9324099698086,3.137292,392706430.0
cdd_24p0,mask_100,pop_SSP1,2090,3,78002376.0,502.1076005351154,3.137292,126606850.0
cdd_24p0,mask_100,pop_SSP1,2090,4,83568920.0,689.1062804938385,3.137292,92409900.0
cdd_24p0,mask_100,pop_SSP1,2090,5,171561980.0,978.4135536457866,3.137292,175775840.0
cdd_24p0,mask_100,pop_SSP1,2090,6,125455460.0,555.244446626828,3.137292,212886300.0
cdd_24p0,mask_100,pop_SSP1,2090,7,276361400.0,854.2016006037031,3.137292,276513900.0
cdd_24p0,mask_100,pop_SSP1,2090,8,1228019800.0,1740.5203834953775,3.137292,1243985900.0
cdd_24p0,mask_100,pop_SSP1,2090,9,389658000.0,790.6382746218587,3.137292,648780400.0
cdd_24p0,mask_100,pop_SSP1,2090,10,51205510.0,274.2654891099558,3.137292,60033336.0
cdd_24p0,mask_100,pop_SSP1,2090,11,148345120.0,101.41272466344572,3.137292,413250300.0
cdd_24p0,mask_100,pop_SSP1,2090,12,37594652.0,140.49917824874223,3.137292,85553730.0
cdd_24p0,mask_100,pop_SSP1,2090,13,79986070.0,352.0609656092743,3.137292,86465120.0
cdd_24p0,mask_100,pop_SSP1,2090,14,26066204.0,164.24816746231633,3.137292,37064172.0
cdd_24p0,mask_100,pop_SSP1,2090,15,82087730.0,533.1955806904791,3.137292,94346904.0
cdd_24p0,mask_100,pop_SSP1,2090,16,65831916.0,161.6048255445812,3.137292,137513820.0
cdd_24p0,mask_100,pop_SSP1,2090,17,349656580.0,1197.8321142388331,3.137292,364307700.0
cdd_24p0,mask_100,pop_SSP1,2090,18,1270865700.0,1721.0789854767165,3.137292,1287154300.0
cdd_24p0,mask_100,pop_SSP1,2090,19,48479980.0,241.10711779844362,3.137292,51643520.0
cdd_24p0,mask_100,pop_SSP1,2090,20,854928830.0,551.4282934795232,3.137292,929867260.0
cdd_24p0,mask_100,pop_SSP1,2090,21,378074430.0,1569.1856883135051,3.137292,381329660.0
cdd_24p0,mask_100,pop_SSP1,2090,22,257215460.0,1333.496122379243,3.137292,263148960.0
cdd_24p0,mask_100,pop_SSP1,2090,23,73296460.0,327.5662231780834,3.137292,80022490.0
cdd_24p0,mask_100,pop_SSP1,2090,24,31863460.0,196.2558165041835,3.137292,43116236.0
cdd_24p0,mask_100,pop_SSP1,2090,25,619965950.0,1491.910530900558,3.137292,648921200.0
cdd_24p0,mask_100,pop_SSP1,2090,26,353547740.0,654.0536398346075,3.137292,387177100.0
cdd_24p0,mask_100,pop_SSP1,2100,1,23125270.0,106.48715351657027,3.422318,41334500.0
cdd_24p0,mask_100,pop_SSP1,2100,2,345537800.0,508.8789012211972,3.422318,382343550.0
cdd_24p0,mask_100,pop_SSP1,2100,3,74379480.0,526.5072358227296,3.422318,118474700.0
cdd_24p0,mask_100,pop_SSP1,2100,4,77832560.0,730.6358192984561,3.422318,85604180.0
cdd_24p0,mask_100,pop_SSP1,2100,5,158348370.0,1038.36372150592,3.422318,159448770.0
cdd_24p0,mask_100,pop_SSP1,2100,6,120076810.0,586.2026323967062,3.422318,196914220.0
cdd_24p0,mask_100,pop_SSP1,2100,7,266085380.0,896.5172466803987,3.422318,266232200.0
cdd_24p0,mask_100,pop_SSP1,2100,8,1214648300.0,1802.135558062508,3.422318,1230346500.0
cdd_24p0,mask_100,pop_SSP1,2100,9,391590340.0,830.2141283780272,3.422318,629134000.0
cdd_24p0,mask_100,pop_SSP1,2100,10,48563390.0,300.3567845884182,3.422318,55014532.0
cdd_24p0,mask_100,pop_SSP1,2100,11,157140400.0,115.34468575227899,3.422318,389888200.0
cdd_24p0,mask_100,pop_SSP1,2100,12,43721360.0,165.9934348844226,3.422318,80128870.0
cdd_24p0,mask_100,pop_SSP1,2100,13,75801720.0,373.5166587499137,3.422318,81469210.0
cdd_24p0,mask_100,pop_SSP1,2100,14,27267324.0,197.48619206945884,3.422318,34660790.0
cdd_24p0,mask_100,pop_SSP1,2100,15,78854024.0,573.3475556149175,3.422318,90474380.0
cdd_24p0,mask_100,pop_SSP1,2100,16,80921480.0,186.72931152385777,3.422318,131682300.0
cdd_24p0,mask_100,pop_SSP1,2100,17,334554180.0,1248.3460002373884,3.422318,347380600.0
cdd_24p0,mask_100,pop_SSP1,2100,18,1150836200.0,1800.2764370035259,3.422318,1164688100.0
cdd_24p0,mask_100,pop_SSP1,2100,19,43978756.0,265.78865760544414,3.422318,45889290.0
cdd_24p0,mask_100,pop_SSP1,2100,20,771016700.0,599.5579599498365,3.422318,831249700.0
cdd_24p0,mask_100,pop_SSP1,2100,21,348698620.0,1642.0342088703187,3.422318,351520450.0
cdd_24p0,mask_100,pop_SSP1,2100,22,238110880.0,1387.0990931906324,3.422318,242425780.0
cdd_24p0,mask_100,pop_SSP1,2100,23,66447470.0,352.29901727081716,3.422318,71976080.0
cdd_24p0,mask_100,pop_SSP1,2100,24,30779584.0,211.42077179336377,3.422318,41043690.0
cdd_24p0,mask_100,pop_SSP1,2100,25,591243500.0,1564.2485471298726,3.422318,618490500.0
cdd_24p0,mask_100,pop_SSP1,2100,26,349051260.0,697.6784691002518,3.422318,378042140.0
cdd_24p0,mask_100,pop_SSP2,2040,1,0.0,23.568171564342066,1.693643,41235690.0
cdd_24p0,mask_100,pop_SSP2,2040,2,255540340.0,295.04685578438324,1.693643,367379520.0
cdd_24p0,mask_100,pop_SSP2,2040,3,68998424.0,324.81438371368387,1.693643,142523300.0
cdd_24p0,mask_100,pop_SSP2,2040,4,88019540.0,422.51966435392995,1.693643,108550970.0
cdd_24p0,mask_100,pop_SSP2,2040,5,209572860.0,620.7248963021497,1.693643,227847470.0
cdd_24p0,mask_100,pop_SSP2,2040,6,123288376.0,361.7308089727269,1.693643,248099980.0
cdd_24p0,mask_100,pop_SSP2,2040,7,264883140.0,589.4255978306282,1.693643,267329170.0
cdd_24p0,mask_100,pop_SSP2,2040,8,886108300.0,1258.267971272586,1.693643,912532350.0
cdd_24p0,mask_100,pop_SSP2,2040,9,250351220.0,553.1367212694513,1.693643,536728770.0
cdd_24p0,mask_100,pop_SSP2,2040,10,30480844.0,126.15682253560374,1.693643,67723840.0
cdd_24p0,mask_100,pop_SSP2,2040,11,87984850.0,44.756190318172905,1.693643,429634530.0
cdd_24p0,mask_100,pop_SSP2,2040,12,20412078.0,50.83041995261543,1.693643,111103150.0
cdd_24p0,mask_100,pop_SSP2,2040,13,59808344.0,192.98745088943363,1.693643,95478960.0
cdd_24p0,mask_100,pop_SSP2,2040,14,12688721.0,59.54991485469424,1.693643,48097216.0
cdd_24p0,mask_100,pop_SSP2,2040,15,68411180.0,332.16215340881877,1.693643,95847944.0
cdd_24p0,mask_100,pop_SSP2,2040,16,34092404.0,74.14472023900522,1.693643,156275730.0
cdd_24p0,mask_100,pop_SSP2,2040,17,323194900.0,881.1922138256573,1.693643,352059260.0
cdd_24p0,mask_100,pop_SSP2,2040,18,1576508500.0,1302.9388625095821,1.693643,1604890600.0
cdd_24p0,mask_100,pop_SSP2,2040,19,61991344.0,129.52602123081346,1.693643,76008750.0
cdd_24p0,mask_100,pop_SSP2,2040,20,1166468100.0,361.6974448110714,1.693643,1410251500.0
cdd_24p0,mask_100,pop_SSP2,2040,21,449325120.0,1165.763111369682,1.693643,456747040.0
cdd_24p0,mask_100,pop_SSP2,2040,22,308901380.0,984.6769251874172,1.693643,318782430.0
cdd_24p0,mask_100,pop_SSP2,2040,23,94488860.0,209.00564594826005,1.693643,112398424.0
cdd_24p0,mask_100,pop_SSP2,2040,24,17497048.0,114.25992112869675,1.693643,39078732.0
cdd_24p0,mask_100,pop_SSP2,2040,25,588047740.0,1129.3107679827842,1.693643,630920060.0
cdd_24p0,mask_100,pop_SSP2,2040,26,228028060.0,359.5772003966745,1.693643,297976000.0
cdd_24p0,mask_100,pop_SSP2,2050,1,649324.4,31.01458734460221,1.980731,42558132.0
cdd_24p0,mask_100,pop_SSP2,2050,2,290579550.0,325.5155128753756,1.980731,380150100.0
cdd_24p0,mask_100,pop_SSP2,2050,3,73781290.0,353.91820643768995,1.980731,147781920.0
cdd_24p0,mask_100,pop_SSP2,2050,4,93310860.0,468.7184344980076,1.980731,112591950.0
cdd_24p0,mask_100,pop_SSP2,2050,5,215073800.0,685.0771056718428,1.980731,228028000.0
cdd_24p0,mask_100,pop_SSP2,2050,6,132182320.0,396.8331505670293,1.980731,255523500.0
cdd_24p0,mask_100,pop_SSP2,2050,7,291906460.0,637.6079623792139,1.980731,292867360.0
cdd_24p0,mask_100,pop_SSP2,2050,8,1081829900.0,1346.712264668442,1.980731,1111875200.0
cdd_24p0,mask_100,pop_SSP2,2050,9,313699200.0,594.6218495561128,1.980731,628347100.0
cdd_24p0,mask_100,pop_SSP2,2050,10,34235076.0,149.941907199481,1.980731,69606420.0
cdd_24p0,mask_100,pop_SSP2,2050,11,99247540.0,53.32658734668132,1.980731,433655460.0
cdd_24p0,mask_100,pop_SSP2,2050,12,25512264.0,62.37990789590574,1.980731,106137620.0
cdd_24p0,mask_100,pop_SSP2,2050,13,72297410.0,218.74954136305112,1.980731,97837060.0
cdd_24p0,mask_100,pop_SSP2,2050,14,16077852.0,72.51417248723634,1.980731,46139016.0
cdd_24p0,mask_100,pop_SSP2,2050,15,79925280.0,367.03660381159165,1.980731,104102540.0
cdd_24p0,mask_100,pop_SSP2,2050,16,39567004.0,86.83537015652361,1.980731,154594640.0
cdd_24p0,mask_100,pop_SSP2,2050,17,353625920.0,939.8939032900925,1.980731,384014180.0
cdd_24p0,mask_100,pop_SSP2,2050,18,1616301000.0,1375.6083290756449,1.980731,1644272400.0
cdd_24p0,mask_100,pop_SSP2,2050,19,60039530.0,148.93049992638504,1.980731,72344100.0
cdd_24p0,mask_100,pop_SSP2,2050,20,1144953600.0,395.7329785710329,1.980731,1339330600.0
cdd_24p0,mask_100,pop_SSP2,2050,21,463286140.0,1241.6121726646443,1.980731,469752540.0
cdd_24p0,mask_100,pop_SSP2,2050,22,316960830.0,1050.8058793758514,1.980731,326289730.0
cdd_24p0,mask_100,pop_SSP2,2050,23,90740380.0,229.60771932188956,1.980731,105730216.0
cdd_24p0,mask_100,pop_SSP2,2050,24,22640530.0,127.03199080020205,1.980731,41301784.0
cdd_24p0,mask_100,pop_SSP2,2050,25,648070850.0,1194.0718553564511,1.980731,694634560.0
cdd_24p0,mask_100,pop_SSP2,2050,26,286225150.0,407.993665860049,1.980731,355352580.0
cdd_24p0,mask_100,pop_SSP2,2060,1,2004443.1,40.657840961117955,2.268381,43672144.0
cdd_24p0,mask_100,pop_SSP2,2060,2,318557060.0,361.7844147832096,2.268381,390528700.0
cdd_24p0,mask_100,pop_SSP2,2060,3,79064670.0,390.60653711804537,2.268381,150414260.0
cdd_24p0,mask_100,pop_SSP2,2060,4,97214690.0,524.206557108872,2.268381,114195710.0
cdd_24p0,mask_100,pop_SSP2,2060,5,215049020.0,759.1017032738134,2.268381,223749180.0
cdd_24p0,mask_100,pop_SSP2,2060,6,137004740.0,436.01118413762964,2.268381,258169620.0
cdd_24p0,mask_100,pop_SSP2,2060,7,310779070.0,692.7504465751356,2.268381,311802100.0
cdd_24p0,mask_100,pop_SSP2,2060,8,1273810800.0,1449.82584925479,2.268381,1305529200.0
cdd_24p0,mask_100,pop_SSP2,2060,9,374404860.0,644.0297007348898,2.268381,709911600.0
cdd_24p0,mask_100,pop_SSP2,2060,10,36841760.0,176.86860969168256,2.268381,69768220.0
cdd_24p0,mask_100,pop_SSP2,2060,11,108704810.0,63.68638533989219,2.268381,434905060.0
cdd_24p0,mask_100,pop_SSP2,2060,12,31687764.0,78.3346975424828,2.268381,101370700.0
cdd_24p0,mask_100,pop_SSP2,2060,13,76223480.0,251.33585406152082,2.268381,97814136.0
cdd_24p0,mask_100,pop_SSP2,2060,14,19450664.0,92.05774049086652,2.268381,43993936.0
cdd_24p0,mask_100,pop_SSP2,2060,15,88779180.0,408.7008912203965,2.268381,109548380.0
cdd_24p0,mask_100,pop_SSP2,2060,16,43995124.0,104.55305189503545,2.268381,152312130.0
cdd_24p0,mask_100,pop_SSP2,2060,17,381908830.0,1004.9437546811376,2.268381,406616400.0
cdd_24p0,mask_100,pop_SSP2,2060,18,1621876700.0,1463.5529226401559,2.268381,1648807700.0
cdd_24p0,mask_100,pop_SSP2,2060,19,58680870.0,172.22882544973564,2.268381,67111020.0
cdd_24p0,mask_100,pop_SSP2,2060,20,1083130600.0,434.7395250688538,2.268381,1234886400.0
cdd_24p0,mask_100,pop_SSP2,2060,21,467693900.0,1325.9598722701073,2.268381,473015070.0
cdd_24p0,mask_100,pop_SSP2,2060,22,318483170.0,1124.4734603951904,2.268381,327306980.0
cdd_24p0,mask_100,pop_SSP2,2060,23,87672690.0,254.2881799376413,2.268381,99497010.0
cdd_24p0,mask_100,pop_SSP2,2060,24,24645160.0,143.08932016520015,2.268381,43214544.0
cdd_24p0,mask_100,pop_SSP2,2060,25,700715260.0,1269.23301867762,2.268381,746201660.0
cdd_24p0,mask_100,pop_SSP2,2060,26,345831360.0,467.69736909201646,2.268381,407346560.0
cdd_24p0,mask_100,pop_SSP2,2070,1,2598403.2,51.0318733767227,2.554702,44633880.0
cdd_24p0,mask_100,pop_SSP2,2070,2,338399580.0,398.2382154622913,2.554702,400180160.0
cdd_24p0,mask_100,pop_SSP2,2070,3,83691350.0,428.22466822259815,2.554702,150940340.0
cdd_24p0,mask_100,pop_SSP2,2070,4,100030070.0,580.3163800296057,2.554702,114043016.0
cdd_24p0,mask_100,pop_SSP2,2070,5,209299740.0,833.5433986582657,2.554702,215887780.0
cdd_24p0,mask_100,pop_SSP2,2070,6,140740110.0,475.7629711107406,2.554702,256786940.0
cdd_24p0,mask_100,pop_SSP2,2070,7,323205660.0,748.126349615248,2.554702,323482020.0
cdd_24p0,mask_100,pop_SSP2,2070,8,1449820400.0,1553.1039669444372,2.554702,1482260500.0
cdd_24p0,mask_100,pop_SSP2,2070,9,424589060.0,693.7761051107032,2.554702,775675140.0
cdd_24p0,mask_100,pop_SSP2,2070,10,38039320.0,205.66746392258614,2.554702,68638130.0
cdd_24p0,mask_100,pop_SSP2,2070,11,123580290.0,74.59996733718793,2.554702,433964700.0
cdd_24p0,mask_100,pop_SSP2,2070,12,34213776.0,95.45896908395072,2.554702,96273770.0
cdd_24p0,mask_100,pop_SSP2,2070,13,79657640.0,285.02407740154894,2.554702,95941550.0
cdd_24p0,mask_100,pop_SSP2,2070,14,24004820.0,112.5564096049803,2.554702,41861824.0
cdd_24p0,mask_100,pop_SSP2,2070,15,94666000.0,450.4871058386471,2.554702,112581130.0
cdd_24p0,mask_100,pop_SSP2,2070,16,52448270.0,122.44532608389362,2.554702,149028450.0
cdd_24p0,mask_100,pop_SSP2,2070,17,394623140.0,1070.4344538341081,2.554702,418741570.0
cdd_24p0,mask_100,pop_SSP2,2070,18,1597992300.0,1551.3674893851057,2.554702,1622686700.0
cdd_24p0,mask_100,pop_SSP2,2070,19,54721530.0,195.3682646764542,2.554702,61197800.0
cdd_24p0,mask_100,pop_SSP2,2070,20,1002306000.0,473.1899473201548,2.554702,1121519900.0
cdd_24p0,mask_100,pop_SSP2,2070,21,463965440.0,1409.6258033302033,2.554702,468443650.0
cdd_24p0,mask_100,pop_SSP2,2070,22,315005540.0,1197.6979514059583,2.554702,323262140.0
cdd_24p0,mask_100,pop_SSP2,2070,23,83273200.0,278.9076689604443,2.554702,92734200.0
cdd_24p0,mask_100,pop_SSP2,2070,24,31575834.0,159.79291952220754,2.554702,44664010.0
cdd_24p0,mask_100,pop_SSP2,2070,25,737079040.0,1344.2164071846885,2.554702,782588300.0
cdd_24p0,mask_100,pop_SSP2,2070,26,397776320.0,529.1777158762875,2.554702,450714980.0
cdd_24p0,mask_100,pop_SSP2,2080,1,9301099.0,64.25079484500903,2.845921,45265812.0
cdd_24p0,mask_100,pop_SSP2,2080,2,356418000.0,435.0667550237446,2.845921,407399500.0
cdd_24p0,mask_100,pop_SSP2,2080,3,89139070.0,468.90384244835,2.845921,149714400.0
cdd_24p0,mask_100,pop_SSP2,2080,4,100533620.0,638.3363636392031,2.845921,112397820.0
cdd_24p0,mask_100,pop_SSP2,2080,5,200080160.0,909.589582484509,2.845921,205340940.0
cdd_24p0,mask_100,pop_SSP2,2080,6,147132100.0,518.212018134041,2.845921,251980200.0
cdd_24p0,mask_100,pop_SSP2,2080,7,330174340.0,804.4388721429094,2.845921,330356480.0
cdd_24p0,mask_100,pop_SSP2,2080,8,1602884400.0,1656.447555749619,2.845921,1632995200.0
cdd_24p0,mask_100,pop_SSP2,2080,9,475029500.0,744.4011963673747,2.845921,821835840.0
cdd_24p0,mask_100,pop_SSP2,2080,10,54680904.0,242.60482583247736,2.845921,66502090.0
cdd_24p0,mask_100,pop_SSP2,2080,11,133224560.0,87.74575094734168,2.845921,433175170.0
cdd_24p0,mask_100,pop_SSP2,2080,12,37219790.0,116.88128058207083,2.845921,91335220.0
cdd_24p0,mask_100,pop_SSP2,2080,13,84072696.0,322.59769503714057,2.845921,93042460.0
cdd_24p0,mask_100,pop_SSP2,2080,14,25736304.0,135.89073879400544,2.845921,39881184.0
cdd_24p0,mask_100,pop_SSP2,2080,15,97972120.0,492.2735210946623,2.845921,114282900.0
cdd_24p0,mask_100,pop_SSP2,2080,16,59307000.0,140.20856976897707,2.845921,145581340.0
cdd_24p0,mask_100,pop_SSP2,2080,17,404491900.0,1138.319937385975,2.845921,422534880.0
cdd_24p0,mask_100,pop_SSP2,2080,18,1546845300.0,1637.2166466898314,2.845921,1568660100.0
cdd_24p0,mask_100,pop_SSP2,2080,19,50232290.0,217.49611775520944,2.845921,55754692.0
cdd_24p0,mask_100,pop_SSP2,2080,20,920958300.0,509.1697910246974,2.845921,1014721300.0
cdd_24p0,mask_100,pop_SSP2,2080,21,453905000.0,1490.8951907389753,2.845921,457892400.0
cdd_24p0,mask_100,pop_SSP2,2080,22,307818500.0,1269.4522844137232,2.845921,315345660.0
cdd_24p0,mask_100,pop_SSP2,2080,23,78354410.0,302.93399846511244,2.845921,85943896.0
cdd_24p0,mask_100,pop_SSP2,2080,24,33162380.0,178.88158098428673,2.845921,45632690.0
cdd_24p0,mask_100,pop_SSP2,2080,25,766011000.0,1418.0505518660088,2.845921,802491800.0
cdd_24p0,mask_100,pop_SSP2,2080,26,437194460.0,597.1043233550351,2.845921,483205730.0
cdd_24p0,mask_100,pop_SSP2,2090,1,17691224.0,82.70383624964353,3.137292,45264700.0
cdd_24p0,mask_100,pop_SSP2,2090,2,362679460.0,472.3496786788262,3.137292,409720960.0
cdd_24p0,mask_100,pop_SSP2,2090,3,90722130.0,502.18446821079215,3.137292,147301260.0
cdd_24p0,mask_100,pop_SSP2,2090,4,99067460.0,689.0412969932408,3.137292,109547370.0
cdd_24p0,mask_100,pop_SSP2,2090,5,189008340.0,978.7062797906661,3.137292,193650340.0
cdd_24p0,mask_100,pop_SSP2,2090,6,144082430.0,555.587319323461,3.137292,244516750.0
cdd_24p0,mask_100,pop_SSP2,2090,7,333524300.0,854.622807150311,3.137292,333708300.0
cdd_24p0,mask_100,pop_SSP2,2090,8,1726280100.0,1740.8093420312007,3.137292,1748499300.0
cdd_24p0,mask_100,pop_SSP2,2090,9,510688480.0,790.2477409946214,3.137292,850514400.0
cdd_24p0,mask_100,pop_SSP2,2090,10,54426440.0,274.7256804654201,3.137292,63799784.0
cdd_24p0,mask_100,pop_SSP2,2090,11,154563140.0,101.41149901706096,3.137292,430576960.0
cdd_24p0,mask_100,pop_SSP2,2090,12,38312170.0,140.49525903034666,3.137292,87182820.0
cdd_24p0,mask_100,pop_SSP2,2090,13,82803090.0,352.82389878801575,3.137292,89494320.0
cdd_24p0,mask_100,pop_SSP2,2090,14,26786512.0,164.24665062527788,3.137292,38088804.0
cdd_24p0,mask_100,pop_SSP2,2090,15,99950980.0,533.7344351911305,3.137292,114867560.0
cdd_24p0,mask_100,pop_SSP2,2090,16,68136720.0,161.71054883716897,3.137292,142233840.0
cdd_24p0,mask_100,pop_SSP2,2090,17,404367360.0,1198.574416932301,3.137292,421313020.0
cdd_24p0,mask_100,pop_SSP2,2090,18,1479091500.0,1720.7873023550171,3.137292,1498046700.0
cdd_24p0,mask_100,pop_SSP2,2090,19,47589290.0,241.09146202253308,3.137292,50695056.0
cdd_24p0,mask_100,pop_SSP2,2090,20,840244540.0,551.3899400236609,3.137292,913915000.0
cdd_24p0,mask_100,pop_SSP2,2090,21,439041200.0,1568.9699759890823,3.137292,442814980.0
cdd_24p0,mask_100,pop_SSP2,2090,22,297210300.0,1333.2343235314784,3.137292,304066370.0
cdd_24p0,mask_100,pop_SSP2,2090,23,73478650.0,327.55922255944853,3.137292,80221390.0
cdd_24p0,mask_100,pop_SSP2,2090,24,33973148.0,196.28653575570573,3.137292,45970976.0
cdd_24p0,mask_100,pop_SSP2,2090,25,772769000.0,1491.9510405720284,3.137292,808838660.0
cdd_24p0,mask_100,pop_SSP2,2090,26,458999040.0,654.0542516079585,3.137292,502567100.0
cdd_24p0,mask_100,pop_SSP2,2100,1,25014322.0,106.49365383547043,3.422318,44719280.0
cdd_24p0,mask_100,pop_SSP2,2100,2,369212200.0,509.2984508709146,3.422318,408499700.0
cdd_24p0,mask_100,pop_SSP2,2100,3,90486550.0,526.594681219295,3.422318,144189000.0
cdd_24p0,mask_100,pop_SSP2,2100,4,96414230.0,730.5781102805357,3.422318,106041360.0
cdd_24p0,mask_100,pop_SSP2,2100,5,180972000.0,1038.6668713519737,3.422318,182229540.0
cdd_24p0,mask_100,pop_SSP2,2100,6,143670450.0,586.5542720644485,3.422318,235626800.0
cdd_24p0,mask_100,pop_SSP2,2100,7,332848580.0,896.9534841463807,3.422318,333032160.0
cdd_24p0,mask_100,pop_SSP2,2100,8,1800139800.0,1802.4359653615065,3.422318,1823155500.0
cdd_24p0,mask_100,pop_SSP2,2100,9,537720100.0,829.8208588832305,3.422318,864178800.0
cdd_24p0,mask_100,pop_SSP2,2100,10,53619700.0,300.83817264647695,3.422318,60728110.0
cdd_24p0,mask_100,pop_SSP2,2100,11,171304220.0,115.34295845884654,3.422318,425041180.0
cdd_24p0,mask_100,pop_SSP2,2100,12,45672520.0,165.9888206339626,3.422318,83693990.0
cdd_24p0,mask_100,pop_SSP2,2100,13,79696220.0,374.30412072717434,3.422318,85637630.0
cdd_24p0,mask_100,pop_SSP2,2100,14,28587352.0,197.48456345079921,3.422318,36338800.0
cdd_24p0,mask_100,pop_SSP2,2100,15,99800856.0,573.9111915497942,3.422318,114497230.0
cdd_24p0,mask_100,pop_SSP2,2100,16,85132376.0,186.8386225322928,3.422318,138470290.0
cdd_24p0,mask_100,pop_SSP2,2100,17,401019360.0,1249.1003045179132,3.422318,416395870.0
cdd_24p0,mask_100,pop_SSP2,2100,18,1404740100.0,1799.9874862519628,3.422318,1421647000.0
cdd_24p0,mask_100,pop_SSP2,2100,19,43930436.0,265.77136673224373,3.422318,45837730.0
cdd_24p0,mask_100,pop_SSP2,2100,20,765521900.0,599.5208856417752,3.422318,825335200.0
cdd_24p0,mask_100,pop_SSP2,2100,21,422050430.0,1641.790868175843,3.422318,425465700.0
cdd_24p0,mask_100,pop_SSP2,2100,22,285238400.0,1386.8340570223468,3.422318,290407300.0
cdd_24p0,mask_100,pop_SSP2,2100,23,69112540.0,352.2919180088012,3.422318,74862880.0
cdd_24p0,mask_100,pop_SSP2,2100,24,34321236.0,211.45310685048867,3.422318,45766380.0
cdd_24p0,mask_100,pop_SSP2,2100,25,771082900.0,1564.2727727398856,3.422318,806595840.0
cdd_24p0,mask_100,pop_SSP2,2100,26,472373380.0,697.6745319958402,3.422318,511516400.0
cdd_24p0,mask_100,pop_SSP3,2040,1,0.0,23.59281768953744,1.693643,40483924.0
cdd_24p0,mask_100,pop_SSP3,2040,2,254175800.0,295.6298724041804,1.693643,365363970.0
cdd_24p0,mask_100,pop_SSP3,2040,3,71225710.0,324.8250858093487,1.693643,147148340.0
cdd_24p0,mask_100,pop_SSP3,2040,4,91418020.0,422.3549654915983,1.693643,112742000.0
cdd_24p0,mask_100,pop_SSP3,2040,5,213276850.0,621.0493826965003,1.693643,231874340.0
cdd_24p0,mask_100,pop_SSP3,2040,6,126662460.0,362.07691469471183,1.693643,254898480.0
cdd_24p0,mask_100,pop_SSP3,2040,7,274088200.0,589.8319478837258,1.693643,276619230.0
cdd_24p0,mask_100,pop_SSP3,2040,8,932684800.0,1258.2941892896058,1.693643,960487400.0
cdd_24p0,mask_100,pop_SSP3,2040,9,262449660.0,552.9144452081327,1.693643,562667500.0
cdd_24p0,mask_100,pop_SSP3,2040,10,30443040.0,126.42491112196127,1.693643,67615390.0
cdd_24p0,mask_100,pop_SSP3,2040,11,87080700.0,44.75582242867263,1.693643,425228200.0
cdd_24p0,mask_100,pop_SSP3,2040,12,20592108.0,50.833955347403275,1.693643,112074770.0
cdd_24p0,mask_100,pop_SSP3,2040,13,61187996.0,193.45135484591523,1.693643,97681940.0
cdd_24p0,mask_100,pop_SSP3,2040,14,12633556.0,59.544365476380136,1.693643,47893124.0
cdd_24p0,mask_100,pop_SSP3,2040,15,71206410.0,332.5907163720474,1.693643,99756710.0
cdd_24p0,mask_100,pop_SSP3,2040,16,33971690.0,74.25265105455355,1.693643,155668030.0
cdd_24p0,mask_100,pop_SSP3,2040,17,331258660.0,882.0177949866757,1.693643,360844930.0
cdd_24p0,mask_100,pop_SSP3,2040,18,1617747200.0,1302.611752458412,1.693643,1646870800.0
cdd_24p0,mask_100,pop_SSP3,2040,19,62186430.0,129.5140337413366,1.693643,76252620.0
cdd_24p0,mask_100,pop_SSP3,2040,20,1177807900.0,361.8528139166573,1.693643,1423951500.0
cdd_24p0,mask_100,pop_SSP3,2040,21,460052060.0,1165.5342245384677,1.693643,467650600.0
cdd_24p0,mask_100,pop_SSP3,2040,22,315556930.0,984.4255701254656,1.693643,325650850.0
cdd_24p0,mask_100,pop_SSP3,2040,23,93916980.0,209.00882093426452,1.693643,111718130.0
cdd_24p0,mask_100,pop_SSP3,2040,24,17412472.0,114.27438898117317,1.693643,38889836.0
cdd_24p0,mask_100,pop_SSP3,2040,25,614189300.0,1129.3955324289457,1.693643,658968450.0
cdd_24p0,mask_100,pop_SSP3,2040,26,237030460.0,359.61531245508394,1.693643,309730000.0
cdd_24p0,mask_100,pop_SSP3,2050,1,635120.75,31.045455731406122,1.980731,41216212.0
cdd_24p0,mask_100,pop_SSP3,2050,2,288728500.0,326.12270484387005,1.980731,377658750.0
cdd_24p0,mask_100,pop_SSP3,2050,3,78160560.0,353.94383895715737,1.980731,156598080.0
cdd_24p0,mask_100,pop_SSP3,2050,4,99836110.0,468.5556807356196,1.980731,120465210.0
cdd_24p0,mask_100,pop_SSP3,2050,5,221959940.0,685.4246693828217,1.980731,235328510.0
cdd_24p0,mask_100,pop_SSP3,2050,6,138861700.0,397.20887792796555,1.980731,268450700.0
cdd_24p0,mask_100,pop_SSP3,2050,7,311421120.0,638.0344220612171,1.980731,312446270.0
cdd_24p0,mask_100,pop_SSP3,2050,8,1189717500.0,1346.740303254927,1.980731,1222742300.0
cdd_24p0,mask_100,pop_SSP3,2050,9,343063740.0,594.4064018749395,1.980731,687176300.0
cdd_24p0,mask_100,pop_SSP3,2050,10,34444780.0,150.24370276431068,1.980731,69993380.0
cdd_24p0,mask_100,pop_SSP3,2050,11,97575460.0,53.32629449854426,1.980731,426360400.0
cdd_24p0,mask_100,pop_SSP3,2050,12,25939476.0,62.38183072059878,1.980731,107896490.0
cdd_24p0,mask_100,pop_SSP3,2050,13,75341770.0,219.24878745659672,1.980731,101955340.0
cdd_24p0,mask_100,pop_SSP3,2050,14,15979736.0,72.50800801506375,1.980731,45861864.0
cdd_24p0,mask_100,pop_SSP3,2050,15,86109940.0,367.5032799227212,1.980731,112153120.0
cdd_24p0,mask_100,pop_SSP3,2050,16,39463936.0,86.95298993900745,1.980731,154105740.0
cdd_24p0,mask_100,pop_SSP3,2050,17,370715360.0,940.7373339905566,1.980731,402574850.0
cdd_24p0,mask_100,pop_SSP3,2050,18,1695460600.0,1375.2696906521905,1.980731,1724801000.0
cdd_24p0,mask_100,pop_SSP3,2050,19,60186910.0,148.91744873410872,1.980731,72531310.0
cdd_24p0,mask_100,pop_SSP3,2050,20,1163881300.0,395.8947074932401,1.980731,1361459700.0
cdd_24p0,mask_100,pop_SSP3,2050,21,484504130.0,1241.367530437051,1.980731,491265600.0
cdd_24p0,mask_100,pop_SSP3,2050,22,329667400.0,1050.540170884642,1.980731,339370240.0
cdd_24p0,mask_100,pop_SSP3,2050,23,89903600.0,229.61112601058952,1.980731,104755220.0
cdd_24p0,mask_100,pop_SSP3,2050,24,22508370.0,127.04785498751707,1.980731,41060684.0
cdd_24p0,mask_100,pop_SSP3,2050,25,701885600.0,1194.1715940465144,1.980731,752317300.0
cdd_24p0,mask_100,pop_SSP3,2050,26,309614430.0,408.02509531861136,1.980731,384356320.0
cdd_24p0,mask_100,pop_SSP3,2060,1,1937124.6,40.696089098891385,2.268381,41926972.0
cdd_24p0,mask_100,pop_SSP3,2060,2,318501820.0,362.41796151410904,2.268381,390365020.0
cdd_24p0,mask_100,pop_SSP3,2060,3,86655340.0,390.6533099398637,2.268381,164916400.0
cdd_24p0,mask_100,pop_SSP3,2060,4,107819410.0,524.0604510306405,2.268381,126652400.0
cdd_24p0,mask_100,pop_SSP3,2060,5,226135360.0,759.4723365176932,2.268381,235283580.0
cdd_24p0,mask_100,pop_SSP3,2060,6,148072690.0,436.41803350924823,2.268381,279048260.0
cdd_24p0,mask_100,pop_SSP3,2060,7,344052930.0,693.200535129477,2.268381,345185540.0
cdd_24p0,mask_100,pop_SSP3,2060,8,1472416400.0,1449.8567241867122,2.268381,1509065200.0
cdd_24p0,mask_100,pop_SSP3,2060,9,430347300.0,643.8165294551378,2.268381,816020200.0
cdd_24p0,mask_100,pop_SSP3,2060,10,37634350.0,177.2041000318702,2.268381,71220456.0
cdd_24p0,mask_100,pop_SSP3,2060,11,106649320.0,63.6862829318375,2.268381,426685060.0
cdd_24p0,mask_100,pop_SSP3,2060,12,32612404.0,78.33368366222442,2.268381,104345420.0
cdd_24p0,mask_100,pop_SSP3,2060,13,81318400.0,251.8747180773726,2.268381,104349270.0
cdd_24p0,mask_100,pop_SSP3,2060,14,19366898.0,92.05065451139285,2.268381,43786800.0
cdd_24p0,mask_100,pop_SSP3,2060,15,99579960.0,409.2112352582784,2.268381,122868824.0
cdd_24p0,mask_100,pop_SSP3,2060,16,44126940.0,104.68272719908101,2.268381,152645900.0
cdd_24p0,mask_100,pop_SSP3,2060,17,411593470.0,1005.8020895270874,2.268381,438224400.0
cdd_24p0,mask_100,pop_SSP3,2060,18,1752847500.0,1463.2029744329755,2.268381,1781953500.0
cdd_24p0,mask_100,pop_SSP3,2060,19,58923800.0,172.21453758909476,2.268381,67400760.0
cdd_24p0,mask_100,pop_SSP3,2060,20,1112539600.0,434.9069676149077,2.268381,1268408000.0
cdd_24p0,mask_100,pop_SSP3,2060,21,502596580.0,1325.690355473565,2.268381,508313340.0
cdd_24p0,mask_100,pop_SSP3,2060,22,339630270.0,1124.191341454302,2.268381,349039870.0
cdd_24p0,mask_100,pop_SSP3,2060,23,86634500.0,254.29192241621465,2.268381,98318810.0
cdd_24p0,mask_100,pop_SSP3,2060,24,24600164.0,143.1068125525759,2.268381,43135644.0
cdd_24p0,mask_100,pop_SSP3,2060,25,793515400.0,1269.3274647889762,2.268381,845022850.0
cdd_24p0,mask_100,pop_SSP3,2060,26,392259260.0,467.7185174501782,2.268381,461982820.0
cdd_24p0,mask_100,pop_SSP3,2070,1,2521169.8,51.07751085348155,2.554702,42907930.0
cdd_24p0,mask_100,pop_SSP3,2070,2,344452700.0,398.89816991363494,2.554702,407231700.0
cdd_24p0,mask_100,pop_SSP3,2070,3,95592100.0,428.2931606132146,2.554702,172477180.0
cdd_24p0,mask_100,pop_SSP3,2070,4,115695680.0,580.1886085314726,2.554702,131902680.0
cdd_24p0,mask_100,pop_SSP3,2070,5,225751000.0,833.9366908214914,2.554702,232856380.0
cdd_24p0,mask_100,pop_SSP3,2070,6,157488260.0,476.2001886025964,2.554702,287372580.0
cdd_24p0,mask_100,pop_SSP3,2070,7,373175460.0,748.5996047540966,2.554702,373494530.0
cdd_24p0,mask_100,pop_SSP3,2070,8,1763761800.0,1553.1374448441532,2.554702,1803212200.0
cdd_24p0,mask_100,pop_SSP3,2070,9,514088130.0,693.5647838261727,2.554702,939222000.0
cdd_24p0,mask_100,pop_SSP3,2070,10,39793100.0,206.03738379461132,2.554702,71749976.0
cdd_24p0,mask_100,pop_SSP3,2070,11,122547790.0,74.60007226405665,2.554702,430315070.0
cdd_24p0,mask_100,pop_SSP3,2070,12,35945104.0,95.45477247228631,2.554702,101163260.0
cdd_24p0,mask_100,pop_SSP3,2070,13,87791130.0,285.60252282422374,2.554702,105735150.0
cdd_24p0,mask_100,pop_SSP3,2070,14,24138504.0,112.54841847280095,2.554702,42083730.0
cdd_24p0,mask_100,pop_SSP3,2070,15,110802720.0,451.0408393009058,2.554702,131761620.0
cdd_24p0,mask_100,pop_SSP3,2070,16,53369500.0,122.58700360776378,2.554702,151516780.0
cdd_24p0,mask_100,pop_SSP3,2070,17,440143700.0,1071.3080737888206,2.554702,467048130.0
cdd_24p0,mask_100,pop_SSP3,2070,18,1793930100.0,1551.0066813601024,2.554702,1821655300.0
cdd_24p0,mask_100,pop_SSP3,2070,19,55551748.0,195.35267194915846,2.554702,62143024.0
cdd_24p0,mask_100,pop_SSP3,2070,20,1052602600.0,473.3628395137619,2.554702,1177790500.0
cdd_24p0,mask_100,pop_SSP3,2070,21,516152450.0,1409.3315531805376,2.554702,521132830.0
cdd_24p0,mask_100,pop_SSP3,2070,22,347058430.0,1197.399593500022,2.554702,356155140.0
cdd_24p0,mask_100,pop_SSP3,2070,23,82705950.0,278.91174124514407,2.554702,92102504.0
cdd_24p0,mask_100,pop_SSP3,2070,24,31915382.0,159.81205216991793,2.554702,45144300.0
cdd_24p0,mask_100,pop_SSP3,2070,25,875892200.0,1344.3018387164193,2.554702,929965500.0
cdd_24p0,mask_100,pop_SSP3,2070,26,474191420.0,529.1864949937205,2.554702,537235700.0
cdd_24p0,mask_100,pop_SSP3,2080,1,9076756.0,64.30378370054443,2.845921,43977050.0
cdd_24p0,mask_100,pop_SSP3,2080,2,372766270.0,435.7536652037506,2.845921,425981920.0
cdd_24p0,mask_100,pop_SSP3,2080,3,106760370.0,468.9954390304104,2.845921,179385540.0
cdd_24p0,mask_100,pop_SSP3,2080,4,121840890.0,638.2303125273021,2.845921,136219100.0
cdd_24p0,mask_100,pop_SSP3,2080,5,223272900.0,910.0046281507398,2.845921,229142990.0
cdd_24p0,mask_100,pop_SSP3,2080,6,171594750.0,518.677051836301,2.845921,293904060.0
cdd_24p0,mask_100,pop_SSP3,2080,7,400003900.0,804.933098402131,2.845921,400224580.0
cdd_24p0,mask_100,pop_SSP3,2080,8,2048461700.0,1656.4824209765777,2.845921,2086932400.0
cdd_24p0,mask_100,pop_SSP3,2080,9,605006500.0,744.1913707471317,2.845921,1046764160.0
cdd_24p0,mask_100,pop_SSP3,2080,10,58992188.0,243.0136230401331,2.845921,71751544.0
cdd_24p0,mask_100,pop_SSP3,2080,11,135064200.0,87.74610783337882,2.845921,439119700.0
cdd_24p0,mask_100,pop_SSP3,2080,12,40477510.0,116.87313537969676,2.845921,99345624.0
cdd_24p0,mask_100,pop_SSP3,2080,13,96572730.0,323.2157353236406,2.845921,106874620.0
cdd_24p0,mask_100,pop_SSP3,2080,14,26574422.0,135.88197305835908,2.845921,41169890.0
cdd_24p0,mask_100,pop_SSP3,2080,15,120170560.0,492.8693690448099,2.845921,140167870.0
cdd_24p0,mask_100,pop_SSP3,2080,16,62179220.0,140.361742625013,2.845921,152507900.0
cdd_24p0,mask_100,pop_SSP3,2080,17,470959230.0,1139.211958423041,2.845921,491970240.0
cdd_24p0,mask_100,pop_SSP3,2080,18,1816359800.0,1636.8464316497864,2.845921,1841970200.0
cdd_24p0,mask_100,pop_SSP3,2080,19,52159770.0,217.47893212164263,2.845921,57913860.0
cdd_24p0,mask_100,pop_SSP3,2080,20,998158300.0,509.34740564383503,2.845921,1099774300.0
cdd_24p0,mask_100,pop_SSP3,2080,21,527347100.0,1490.5786945169175,2.845921,531978050.0
cdd_24p0,mask_100,pop_SSP3,2080,22,352868130.0,1269.138446194289,2.845921,361496830.0
cdd_24p0,mask_100,pop_SSP3,2080,23,79463660.0,302.9383552135559,2.845921,87160590.0
cdd_24p0,mask_100,pop_SSP3,2080,24,34187836.0,178.90239576684291,2.845921,47043750.0
cdd_24p0,mask_100,pop_SSP3,2080,25,956682430.0,1418.1169266704624,2.845921,1002221500.0
cdd_24p0,mask_100,pop_SSP3,2080,26,547145540.0,597.092427724277,2.845921,604655900.0
cdd_24p0,mask_100,pop_SSP3,2090,1,17622732.0,82.76544413118403,3.137292,44979364.0
cdd_24p0,mask_100,pop_SSP3,2090,2,393869800.0,473.05303479554135,3.137292,444843650.0
cdd_24p0,mask_100,pop_SSP3,2090,3,114726450.0,502.29577283983355,3.137292,186358780.0
cdd_24p0,mask_100,pop_SSP3,2090,4,126708640.0,688.9516806268027,3.137292,140112080.0
cdd_24p0,mask_100,pop_SSP3,2090,5,220674750.0,979.1402704040944,3.137292,226093950.0
cdd_24p0,mask_100,pop_SSP3,2090,6,176667660.0,556.0730711423627,3.137292,299846850.0
cdd_24p0,mask_100,pop_SSP3,2090,7,425960500.0,855.1369762683843,3.137292,426195500.0
cdd_24p0,mask_100,pop_SSP3,2090,8,2315118600.0,1740.847286718351,3.137292,2344929300.0
cdd_24p0,mask_100,pop_SSP3,2090,9,686505340.0,790.0387048757694,3.137292,1143401300.0
cdd_24p0,mask_100,pop_SSP3,2090,10,61083430.0,275.165095452165,3.137292,71592950.0
cdd_24p0,mask_100,pop_SSP3,2090,11,161794020.0,101.41217719387917,3.137292,450691100.0
cdd_24p0,mask_100,pop_SSP3,2090,12,43635068.0,140.48456331298448,3.137292,99307016.0
cdd_24p0,mask_100,pop_SSP3,2090,13,100049256.0,353.4736412379125,3.137292,108132840.0
cdd_24p0,mask_100,pop_SSP3,2090,14,28821708.0,164.23684198729146,3.137292,40975320.0
cdd_24p0,mask_100,pop_SSP3,2090,15,128772580.0,534.3665181600936,3.137292,147985220.0
cdd_24p0,mask_100,pop_SSP3,2090,16,74470980.0,161.87221347836902,3.137292,155349680.0
cdd_24p0,mask_100,pop_SSP3,2090,17,495950880.0,1199.4831647618303,3.137292,516737860.0
cdd_24p0,mask_100,pop_SSP3,2090,18,1838483200.0,1720.4136278709425,3.137292,1862041900.0
cdd_24p0,mask_100,pop_SSP3,2090,19,51231330.0,241.07322507631113,3.137292,54595016.0
cdd_24p0,mask_100,pop_SSP3,2090,20,953105660.0,551.5682700782187,3.137292,1036669800.0
cdd_24p0,mask_100,pop_SSP3,2090,21,537988100.0,1568.6239123657688,3.137292,542610940.0
cdd_24p0,mask_100,pop_SSP3,2090,22,357676540.0,1332.9103748871282,3.137292,365927360.0
cdd_24p0,mask_100,pop_SSP3,2090,23,76551660.0,327.5637580982849,3.137292,83576390.0
cdd_24p0,mask_100,pop_SSP3,2090,24,36086604.0,196.30880608485808,3.137292,48830816.0
cdd_24p0,mask_100,pop_SSP3,2090,25,1019449150.0,1491.9982152694831,3.137292,1067009540.0
cdd_24p0,mask_100,pop_SSP3,2090,26,602659100.0,654.0287033140555,3.137292,659791700.0
cdd_24p0,mask_100,pop_SSP3,2100,1,25839504.0,106.56508050485611,3.422318,46129350.0
cdd_24p0,mask_100,pop_SSP3,2100,2,421366460.0,510.0063413469865,3.422318,466091900.0
cdd_24p0,mask_100,pop_SSP3,2100,3,121706030.0,526.7215230866503,3.422318,194026940.0
cdd_24p0,mask_100,pop_SSP3,2100,4,131185330.0,730.498755572583,3.422318,144284480.0
cdd_24p0,mask_100,pop_SSP3,2100,5,223610880.0,1039.1162985697736,3.422318,225164530.0
cdd_24p0,mask_100,pop_SSP3,2100,6,186990240.0,587.052482372698,3.422318,306703700.0
cdd_24p0,mask_100,pop_SSP3,2100,7,449160260.0,897.48602096414,3.422318,449408030.0
cdd_24p0,mask_100,pop_SSP3,2100,8,2531067400.0,1802.478779334255,3.422318,2563487200.0
cdd_24p0,mask_100,pop_SSP3,2100,9,765421440.0,829.6118189671814,3.422318,1230168000.0
cdd_24p0,mask_100,pop_SSP3,2100,10,62957468.0,301.29844877585276,3.422318,71287580.0
cdd_24p0,mask_100,pop_SSP3,2100,11,187270300.0,115.34402690007589,3.422318,464625340.0
cdd_24p0,mask_100,pop_SSP3,2100,12,54725670.0,165.97716705910634,3.422318,100308620.0
cdd_24p0,mask_100,pop_SSP3,2100,13,102324570.0,374.97618742574826,3.422318,109952550.0
cdd_24p0,mask_100,pop_SSP3,2100,14,32310188.0,197.47344051752506,3.422318,41067064.0
cdd_24p0,mask_100,pop_SSP3,2100,15,134943740.0,574.5722416622813,3.422318,154809780.0
cdd_24p0,mask_100,pop_SSP3,2100,16,97504170.0,187.00529005785572,3.422318,158531020.0
cdd_24p0,mask_100,pop_SSP3,2100,17,520592740.0,1250.0235662561965,3.422318,540557630.0
cdd_24p0,mask_100,pop_SSP3,2100,18,1870750600.0,1799.6169624893562,3.422318,1893265500.0
cdd_24p0,mask_100,pop_SSP3,2100,19,49739444.0,265.75269685934757,3.422318,51911252.0
cdd_24p0,mask_100,pop_SSP3,2100,20,919293300.0,599.6955138392838,3.422318,991126700.0
cdd_24p0,mask_100,pop_SSP3,2100,21,550338500.0,1641.4078561707006,3.422318,554794400.0
cdd_24p0,mask_100,pop_SSP3,2100,22,363583780.0,1386.5061222338147,3.422318,370172320.0
cdd_24p0,mask_100,pop_SSP3,2100,23,74621220.0,352.2965122699099,3.422318,80829896.0
cdd_24p0,mask_100,pop_SSP3,2100,24,38065970.0,211.47655130974283,3.422318,50759870.0
cdd_24p0,mask_100,pop_SSP3,2100,25,1079778000.0,1564.3010189514168,3.422318,1129486200.0
cdd_24p0,mask_100,pop_SSP3,2100,26,652423360.0,697.6433492692187,3.422318,706413600.0
cdd_24p0,mask_100,pop_SSP5,2040,1,0.0,23.54558187542277,1.693643,43332450.0
cdd_24p0,mask_100,pop_SSP5,2040,2,264345000.0,294.72611379053427,1.693643,380137380.0
cdd_24p0,mask_100,pop_SSP5,2040,3,66399984.0,324.9974272691585,1.693643,137109700.0
cdd_24p0,mask_100,pop_SSP5,2040,4,83550390.0,422.69082291103786,1.693643,103039730.0
cdd_24p0,mask_100,pop_SSP5,2040,5,206158980.0,620.4985927137703,1.693643,224136160.0
cdd_24p0,mask_100,pop_SSP5,2040,6,119482440.0,361.43192908792406,1.693643,240428000.0
cdd_24p0,mask_100,pop_SSP5,2040,7,254992340.0,589.0576404363954,1.693643,257347000.0
cdd_24p0,mask_100,pop_SSP5,2040,8,820077200.0,1258.0939068117384,1.693643,844544500.0
cdd_24p0,mask_100,pop_SSP5,2040,9,233060580.0,553.5112013351221,1.693643,499649440.0
cdd_24p0,mask_100,pop_SSP5,2040,10,30401384.0,125.8300236124216,1.693643,67583850.0
cdd_24p0,mask_100,pop_SSP5,2040,11,91132670.0,44.75553044767446,1.693643,444985760.0
cdd_24p0,mask_100,pop_SSP5,2040,12,20386372.0,50.820464573712286,1.693643,110979220.0
cdd_24p0,mask_100,pop_SSP5,2040,13,59128530.0,192.56435814101172,1.693643,94398980.0
cdd_24p0,mask_100,pop_SSP5,2040,14,12938992.0,59.52632161679382,1.693643,49036920.0
cdd_24p0,mask_100,pop_SSP5,2040,15,65065548.0,331.6627656900928,1.693643,91172590.0
cdd_24p0,mask_100,pop_SSP5,2040,16,34945876.0,74.1302654558492,1.693643,160273680.0
cdd_24p0,mask_100,pop_SSP5,2040,17,316729660.0,880.6217841547582,1.693643,345014200.0
cdd_24p0,mask_100,pop_SSP5,2040,18,1533911200.0,1303.3684553124695,1.693643,1561527600.0
cdd_24p0,mask_100,pop_SSP5,2040,19,62300940.0,129.5471517829453,1.693643,76385490.0
cdd_24p0,mask_100,pop_SSP5,2040,20,1167488100.0,361.71354487738785,1.693643,1411498900.0
cdd_24p0,mask_100,pop_SSP5,2040,21,438111360.0,1165.9102181149042,1.693643,445349380.0
cdd_24p0,mask_100,pop_SSP5,2040,22,302237340.0,984.8817090125101,1.693643,311905200.0
cdd_24p0,mask_100,pop_SSP5,2040,23,96390280.0,209.02667611541796,1.693643,114660220.0
cdd_24p0,mask_100,pop_SSP5,2040,24,18057288.0,114.29325046089363,1.693643,40330000.0
cdd_24p0,mask_100,pop_SSP5,2040,25,554301760.0,1129.216283804678,1.693643,594712060.0
cdd_24p0,mask_100,pop_SSP5,2040,26,213563890.0,359.51891114157036,1.693643,279094100.0
cdd_24p0,mask_100,pop_SSP5,2050,1,699556.4,30.98630007657982,1.980731,46331800.0
cdd_24p0,mask_100,pop_SSP5,2050,2,307629250.0,325.181301881359,1.980731,402577570.0
cdd_24p0,mask_100,pop_SSP5,2050,3,69105250.0,354.0954636455413,1.980731,138332980.0
cdd_24p0,mask_100,pop_SSP5,2050,4,85587950.0,468.88771719903986,1.980731,103273816.0
cdd_24p0,mask_100,pop_SSP5,2050,5,209280500.0,684.8344303119975,1.980731,221886370.0
cdd_24p0,mask_100,pop_SSP5,2050,6,125239170.0,396.5090820169377,1.980731,242080480.0
cdd_24p0,mask_100,pop_SSP5,2050,7,272686000.0,637.221940922458,1.980731,273583650.0
cdd_24p0,mask_100,pop_SSP5,2050,8,946216800.0,1346.5298243494628,1.980731,972528600.0
cdd_24p0,mask_100,pop_SSP5,2050,9,278446700.0,594.9918332174,1.980731,557712000.0
cdd_24p0,mask_100,pop_SSP5,2050,10,34154520.0,149.57481949999152,1.980731,69496184.0
cdd_24p0,mask_100,pop_SSP5,2050,11,105584700.0,53.325320515916495,1.980731,461321340.0
cdd_24p0,mask_100,pop_SSP5,2050,12,25595462.0,62.36785063374765,1.980731,106517320.0
cdd_24p0,mask_100,pop_SSP5,2050,13,71085736.0,218.2973504010437,1.980731,96206350.0
cdd_24p0,mask_100,pop_SSP5,2050,14,16691228.0,72.4858904401077,1.980731,47891656.0
cdd_24p0,mask_100,pop_SSP5,2050,15,73027900.0,366.49236933578226,1.980731,95126180.0
cdd_24p0,mask_100,pop_SSP5,2050,16,41341750.0,86.82007414160833,1.980731,161663440.0
cdd_24p0,mask_100,pop_SSP5,2050,17,340841100.0,939.3104103675583,1.980731,370126800.0
cdd_24p0,mask_100,pop_SSP5,2050,18,1542680600.0,1376.0515731370097,1.980731,1569378600.0
cdd_24p0,mask_100,pop_SSP5,2050,19,60947470.0,148.95464601586713,1.980731,73432060.0
cdd_24p0,mask_100,pop_SSP5,2050,20,1151933200.0,395.7492718487273,1.980731,1347515400.0
cdd_24p0,mask_100,pop_SSP5,2050,21,443413820.0,1241.770564734646,1.980731,449605060.0
cdd_24p0,mask_100,pop_SSP5,2050,22,305113060.0,1051.0223401778865,1.980731,314093250.0
cdd_24p0,mask_100,pop_SSP5,2050,23,94119720.0,229.63030202809665,1.980731,109667816.0
cdd_24p0,mask_100,pop_SSP5,2050,24,23843194.0,127.06853617767793,1.980731,43495732.0
cdd_24p0,mask_100,pop_SSP5,2050,25,583994300.0,1193.9606955987686,1.980731,625951600.0
cdd_24p0,mask_100,pop_SSP5,2050,26,256164640.0,407.94105281084427,1.980731,318077120.0
cdd_24p0,mask_100,pop_SSP5,2060,1,2233185.5,40.622811131151025,2.268381,48951268.0
cdd_24p0,mask_100,pop_SSP5,2060,2,343376260.0,361.43727028146327,2.268381,421112130.0
cdd_24p0,mask_100,pop_SSP5,2060,3,71812280.0,390.7724540777545,2.268381,136508750.0
cdd_24p0,mask_100,pop_SSP5,2060,4,86037960.0,524.3589257163442,2.268381,101067450.0
cdd_24p0,mask_100,pop_SSP5,2060,5,206680510.0,758.842742101638,2.268381,215042690.0
cdd_24p0,mask_100,pop_SSP5,2060,6,126570880.0,435.6607017214875,2.268381,238479630.0
cdd_24p0,mask_100,pop_SSP5,2060,7,280984100.0,692.3431434529416,2.268381,281909000.0
cdd_24p0,mask_100,pop_SSP5,2060,8,1049445900.0,1449.6329631466724,2.268381,1075628300.0
cdd_24p0,mask_100,pop_SSP5,2060,9,316063300.0,644.4003670240808,2.268381,599240960.0
cdd_24p0,mask_100,pop_SSP5,2060,10,36685870.0,176.46194994393883,2.268381,69534510.0
cdd_24p0,mask_100,pop_SSP5,2060,11,118497250.0,63.68382782743246,2.268381,474071840.0
cdd_24p0,mask_100,pop_SSP5,2060,12,31961090.0,78.31984718964168,2.268381,102216340.0
cdd_24p0,mask_100,pop_SSP5,2060,13,74581330.0,250.8525876963215,2.268381,95719980.0
cdd_24p0,mask_100,pop_SSP5,2060,14,20556560.0,92.02226207413466,2.268381,46516504.0
cdd_24p0,mask_100,pop_SSP5,2060,15,77684110.0,408.1052262742321,2.268381,95867900.0
cdd_24p0,mask_100,pop_SSP5,2060,16,46793320.0,104.53790634148636,2.268381,162185360.0
cdd_24p0,mask_100,pop_SSP5,2060,17,361674800.0,1004.3498973421489,2.268381,385069500.0
cdd_24p0,mask_100,pop_SSP5,2060,18,1514369300.0,1464.0092479830344,2.268381,1539514600.0
cdd_24p0,mask_100,pop_SSP5,2060,19,60310360.0,172.25662554657896,2.268381,68967150.0
cdd_24p0,mask_100,pop_SSP5,2060,20,1097604200.0,434.7556706583341,2.268381,1251398500.0
cdd_24p0,mask_100,pop_SSP5,2060,21,438323620.0,1326.136838720189,2.268381,443314000.0
cdd_24p0,mask_100,pop_SSP5,2060,22,300534980.0,1124.7032751511872,2.268381,308861500.0
cdd_24p0,mask_100,pop_SSP5,2060,23,92597140.0,254.31299542969975,2.268381,105085610.0
cdd_24p0,mask_100,pop_SSP5,2060,24,26354080.0,143.12961515230157,2.268381,46211076.0
cdd_24p0,mask_100,pop_SSP5,2060,25,600529150.0,1269.1316088335782,2.268381,639516160.0
cdd_24p0,mask_100,pop_SSP5,2060,26,295156860.0,467.6543635846257,2.268381,347721730.0
cdd_24p0,mask_100,pop_SSP5,2070,1,2945060.2,50.990249605458715,2.554702,50957204.0
cdd_24p0,mask_100,pop_SSP5,2070,2,368330300.0,397.87828302249335,2.554702,435736060.0
cdd_24p0,mask_100,pop_SSP5,2070,3,73587490.0,428.3787758427879,2.554702,132594584.0
cdd_24p0,mask_100,pop_SSP5,2070,4,85368620.0,580.4501045154061,2.554702,97328590.0
cdd_24p0,mask_100,pop_SSP5,2070,5,198032930.0,833.2684264954449,2.554702,204266880.0
cdd_24p0,mask_100,pop_SSP5,2070,6,126513710.0,475.386751511403,2.554702,230797540.0
cdd_24p0,mask_100,pop_SSP5,2070,7,282488600.0,747.698180987838,2.554702,282730140.0
cdd_24p0,mask_100,pop_SSP5,2070,8,1125741600.0,1552.9009475556527,2.554702,1151005600.0
cdd_24p0,mask_100,pop_SSP5,2070,9,341304400.0,694.1478874021726,2.554702,623450400.0
cdd_24p0,mask_100,pop_SSP5,2070,10,37555380.0,205.22076754640048,2.554702,67827340.0
cdd_24p0,mask_100,pop_SSP5,2070,11,136882960.0,74.59599736617005,2.554702,480712100.0
cdd_24p0,mask_100,pop_SSP5,2070,12,34627740.0,95.44107499809486,2.554702,97409496.0
cdd_24p0,mask_100,pop_SSP5,2070,13,77491660.0,284.5097102494308,2.554702,93346936.0
cdd_24p0,mask_100,pop_SSP5,2070,14,25728584.0,112.51340309179483,2.554702,44880170.0
cdd_24p0,mask_100,pop_SSP5,2070,15,79401130.0,449.8403266916722,2.554702,94441750.0
cdd_24p0,mask_100,pop_SSP5,2070,16,56524864.0,122.43024145970212,2.554702,160806910.0
cdd_24p0,mask_100,pop_SSP5,2070,17,366615580.0,1069.8299528138039,2.554702,389016320.0
cdd_24p0,mask_100,pop_SSP5,2070,18,1455643600.0,1551.835957220327,2.554702,1478133200.0
cdd_24p0,mask_100,pop_SSP5,2070,19,56670790.0,195.39960316138874,2.554702,63368810.0
cdd_24p0,mask_100,pop_SSP5,2070,20,1019256800.0,473.20589080625774,2.554702,1140496000.0
cdd_24p0,mask_100,pop_SSP5,2070,21,424310660.0,1409.8212855808881,2.554702,428410430.0
cdd_24p0,mask_100,pop_SSP5,2070,22,289527100.0,1197.9409816377358,2.554702,297115900.0
cdd_24p0,mask_100,pop_SSP5,2070,23,89538030.0,278.9346787102856,2.554702,99710800.0
cdd_24p0,mask_100,pop_SSP5,2070,24,34041530.0,159.8369916839398,2.554702,48151736.0
cdd_24p0,mask_100,pop_SSP5,2070,25,601013900.0,1344.1294768247433,2.554702,638131300.0
cdd_24p0,mask_100,pop_SSP5,2070,26,323883900.0,529.1469314118199,2.554702,367066000.0
cdd_24p0,mask_100,pop_SSP5,2080,1,10706750.0,64.20328841316783,2.845921,52262844.0
cdd_24p0,mask_100,pop_SSP5,2080,2,390071800.0,434.69401253085886,2.845921,446012320.0
cdd_24p0,mask_100,pop_SSP5,2080,3,75947790.0,469.04539873245835,2.845921,127441710.0
cdd_24p0,mask_100,pop_SSP5,2080,4,82812024.0,638.4479651943271,2.845921,92585890.0
cdd_24p0,mask_100,pop_SSP5,2080,5,185848560.0,909.2991486246696,2.845921,190735710.0
cdd_24p0,mask_100,pop_SSP5,2080,6,128588620.0,517.8123716370645,2.845921,220191060.0
cdd_24p0,mask_100,pop_SSP5,2080,7,278436300.0,803.9918292821823,2.845921,278589900.0
cdd_24p0,mask_100,pop_SSP5,2080,8,1176761100.0,1656.2359997738013,2.845921,1198967000.0
cdd_24p0,mask_100,pop_SSP5,2080,9,364977470.0,744.7743970304149,2.845921,631325600.0
cdd_24p0,mask_100,pop_SSP5,2080,10,53156210.0,242.11437491060514,2.845921,64640944.0
cdd_24p0,mask_100,pop_SSP5,2080,11,148524000.0,87.74000429304111,2.845921,482969020.0
cdd_24p0,mask_100,pop_SSP5,2080,12,37617784.0,116.85936716617064,2.845921,92288720.0
cdd_24p0,mask_100,pop_SSP5,2080,13,81103950.0,322.05155842502506,2.845921,89766420.0
cdd_24p0,mask_100,pop_SSP5,2080,14,27717984.0,135.83927252957696,2.845921,42962130.0
cdd_24p0,mask_100,pop_SSP5,2080,15,78794210.0,491.57709135585014,2.845921,91924680.0
cdd_24p0,mask_100,pop_SSP5,2080,16,64186850.0,140.1928588036249,2.845921,157745150.0
cdd_24p0,mask_100,pop_SSP5,2080,17,367754900.0,1137.7023631851098,2.845921,384154720.0
cdd_24p0,mask_100,pop_SSP5,2080,18,1370550300.0,1637.6938656523998,2.845921,1389885600.0
cdd_24p0,mask_100,pop_SSP5,2080,19,52196052.0,217.53043524607668,2.845921,57924530.0
cdd_24p0,mask_100,pop_SSP5,2080,20,936160900.0,509.1853967024243,2.845921,1031476350.0
cdd_24p0,mask_100,pop_SSP5,2080,21,403972540.0,1491.1073862457567,2.845921,407526200.0
cdd_24p0,mask_100,pop_SSP5,2080,22,274586800.0,1269.707916433268,2.845921,281301340.0
cdd_24p0,mask_100,pop_SSP5,2080,23,84640620.0,302.9629100821539,2.845921,92839010.0
cdd_24p0,mask_100,pop_SSP5,2080,24,35816824.0,178.9295259753348,2.845921,49285304.0
cdd_24p0,mask_100,pop_SSP5,2080,25,596210940.0,1417.9907680307551,2.845921,624636300.0
cdd_24p0,mask_100,pop_SSP5,2080,26,340763650.0,597.0962089929046,2.845921,376710100.0
cdd_24p0,mask_100,pop_SSP5,2090,1,20335282.0,82.64928734501333,3.137292,52095904.0
cdd_24p0,mask_100,pop_SSP5,2090,2,396733630.0,471.96515713505653,3.137292,448334460.0
cdd_24p0,mask_100,pop_SSP5,2090,3,74744080.0,502.3148398418088,3.137292,121236936.0
cdd_24p0,mask_100,pop_SSP5,2090,4,78647040.0,689.1361730207169,3.137292,86967870.0
cdd_24p0,mask_100,pop_SSP5,2090,5,171587710.0,978.4025275626996,3.137292,175802430.0
cdd_24p0,mask_100,pop_SSP5,2090,6,122063350.0,555.1703700458498,3.137292,207117020.0
cdd_24p0,mask_100,pop_SSP5,2090,7,270988800.0,854.1578599364522,3.137292,271138300.0
cdd_24p0,mask_100,pop_SSP5,2090,8,1200594200.0,1740.5882645996016,3.137292,1216166100.0
cdd_24p0,mask_100,pop_SSP5,2090,9,374904300.0,790.6226788045653,3.137292,624225340.0
cdd_24p0,mask_100,pop_SSP5,2090,10,51447480.0,274.20048190247206,3.137292,60318396.0
cdd_24p0,mask_100,pop_SSP5,2090,11,170415260.0,101.4034250367398,3.137292,474767650.0
cdd_24p0,mask_100,pop_SSP5,2090,12,38305550.0,140.46922045561155,3.137292,87156970.0
cdd_24p0,mask_100,pop_SSP5,2090,13,78991230.0,352.25195050152115,3.137292,85383620.0
cdd_24p0,mask_100,pop_SSP5,2090,14,28680616.0,164.18777863307045,3.137292,40788630.0
cdd_24p0,mask_100,pop_SSP5,2090,15,77094190.0,532.9949243451179,3.137292,88606020.0
cdd_24p0,mask_100,pop_SSP5,2090,16,73301670.0,161.6946080166396,3.137292,153171410.0
cdd_24p0,mask_100,pop_SSP5,2090,17,357732640.0,1197.9448082258405,3.137292,372719740.0
cdd_24p0,mask_100,pop_SSP5,2090,18,1263944800.0,1721.265729250379,3.137292,1280144800.0
cdd_24p0,mask_100,pop_SSP5,2090,19,49389604.0,241.12899213944536,3.137292,52603030.0
cdd_24p0,mask_100,pop_SSP5,2090,20,848358900.0,551.4047720976414,3.137292,922740200.0
cdd_24p0,mask_100,pop_SSP5,2090,21,378620350.0,1569.2046986662704,3.137292,381879500.0
cdd_24p0,mask_100,pop_SSP5,2090,22,257010270.0,1333.4981926552853,3.137292,262939000.0
cdd_24p0,mask_100,pop_SSP5,2090,23,78233440.0,327.58936117437696,3.137292,85412500.0
cdd_24p0,mask_100,pop_SSP5,2090,24,36261010.0,196.33783154145814,3.137292,49066810.0
cdd_24p0,mask_100,pop_SSP5,2090,25,574597060.0,1491.91935985009,3.137292,601448960.0
cdd_24p0,mask_100,pop_SSP5,2090,26,343565630.0,654.0607030414061,3.137292,376255400.0
cdd_24p0,mask_100,pop_SSP5,2100,1,27885272.0,106.43094590789825,3.422318,49873596.0
cdd_24p0,mask_100,pop_SSP5,2100,2,397468580.0,508.9035459898577,3.422318,439881250.0
cdd_24p0,mask_100,pop_SSP5,2100,3,71263816.0,526.7156193402725,3.422318,113432290.0
cdd_24p0,mask_100,pop_SSP5,2100,4,73251980.0,730.662563126503,3.422318,80566170.0
cdd_24p0,mask_100,pop_SSP5,2100,5,158436560.0,1038.3524526588171,3.422318,159537630.0
cdd_24p0,mask_100,pop_SSP5,2100,6,116852990.0,586.1271334807476,3.422318,191616370.0
cdd_24p0,mask_100,pop_SSP5,2100,7,260733390.0,896.4720980528159,3.422318,260877220.0
cdd_24p0,mask_100,pop_SSP5,2100,8,1186685200.0,1802.2044974866712,3.422318,1201983700.0
cdd_24p0,mask_100,pop_SSP5,2100,9,376210000.0,830.1978451607587,3.422318,604439230.0
cdd_24p0,mask_100,pop_SSP5,2100,10,48907028.0,300.28889627050046,3.422318,55405904.0
cdd_24p0,mask_100,pop_SSP5,2100,11,182566020.0,115.33200433735178,3.422318,453007740.0
cdd_24p0,mask_100,pop_SSP5,2100,12,44721100.0,165.95863285208196,3.422318,81932770.0
cdd_24p0,mask_100,pop_SSP5,2100,13,74948220.0,373.71348170981184,3.422318,80546520.0
cdd_24p0,mask_100,pop_SSP5,2100,14,30232358.0,197.41960899009894,3.422318,38433052.0
cdd_24p0,mask_100,pop_SSP5,2100,15,74056110.0,573.136778395024,3.422318,84967690.0
cdd_24p0,mask_100,pop_SSP5,2100,16,90623280.0,186.82289249638197,3.422318,147491890.0
cdd_24p0,mask_100,pop_SSP5,2100,17,342622340.0,1248.4600711565158,3.422318,355755700.0
cdd_24p0,mask_100,pop_SSP5,2100,18,1144400400.0,1800.4588085916214,3.422318,1158173400.0
cdd_24p0,mask_100,pop_SSP5,2100,19,45054308.0,265.81229428482794,3.422318,47005696.0
cdd_24p0,mask_100,pop_SSP5,2100,20,764989200.0,599.534482721209,3.422318,824748540.0
cdd_24p0,mask_100,pop_SSP5,2100,21,349839600.0,1642.0540005951648,3.422318,352670080.0
cdd_24p0,mask_100,pop_SSP5,2100,22,237932130.0,1387.1011849607416,3.422318,242243790.0
cdd_24p0,mask_100,pop_SSP5,2100,23,71437130.0,352.3225149183247,3.422318,77380890.0
cdd_24p0,mask_100,pop_SSP5,2100,24,35451270.0,211.50710513672658,3.422318,47273250.0
cdd_24p0,mask_100,pop_SSP5,2100,25,546738300.0,1564.2696177673454,3.422318,571949250.0
cdd_24p0,mask_100,pop_SSP5,2100,26,338957000.0,697.686321867424,3.422318,367119550.0
cdd_24p0,mask_200,pop_SSP1,2040,1,0.0,23.56610384461284,1.693643,41337404.0
cdd_24p0,mask_200,pop_SSP1,2040,2,177295060.0,294.69973446564467,1.693643,367037060.0
cdd_24p0,mask_200,pop_SSP1,2040,3,56878028.0,324.80572902824656,1.693643,138872290.0
cdd_24p0,mask_200,pop_SSP1,2040,4,81920904.0,422.63790513180214,1.693643,105208740.0
cdd_24p0,mask_200,pop_SSP1,2040,5,162379520.0,620.5061179101947,1.693643,224225860.0
cdd_24p0,mask_200,pop_SSP1,2040,6,89228110.0,361.4864329807069,1.693643,242465470.0
cdd_24p0,mask_200,pop_SSP1,2040,7,237891280.0,589.0925280116239,1.693643,258731170.0
cdd_24p0,mask_200,pop_SSP1,2040,8,811312640.0,1258.0378436568353,1.693643,848988800.0
cdd_24p0,mask_200,pop_SSP1,2040,9,200450610.0,553.5183524680027,1.693643,504946800.0
cdd_24p0,mask_200,pop_SSP1,2040,10,13345840.0,125.87120964834196,1.693643,67584720.0
cdd_24p0,mask_200,pop_SSP1,2040,11,46711470.0,44.75621558857854,1.693643,431206400.0
cdd_24p0,mask_200,pop_SSP1,2040,12,2598835.0,50.83170012134233,1.693643,111707960.0
cdd_24p0,mask_200,pop_SSP1,2040,13,33088760.0,192.4173721533245,1.693643,94843990.0
cdd_24p0,mask_200,pop_SSP1,2040,14,0.0,59.55037703085146,1.693643,48440990.0
cdd_24p0,mask_200,pop_SSP1,2040,15,59531284.0,331.79564400721716,1.693643,92945240.0
cdd_24p0,mask_200,pop_SSP1,2040,16,18953916.0,74.07389547964398,1.693643,156855440.0
cdd_24p0,mask_200,pop_SSP1,2040,17,288202900.0,880.5166298842144,1.693643,342136600.0
cdd_24p0,mask_200,pop_SSP1,2040,18,1532194600.0,1303.1951513193078,1.693643,1563959600.0
cdd_24p0,mask_200,pop_SSP1,2040,19,6722175.0,129.534524578654,1.693643,76428100.0
cdd_24p0,mask_200,pop_SSP1,2040,20,1046155260.0,361.7334076371044,1.693643,1414905100.0
cdd_24p0,mask_200,pop_SSP1,2040,21,432006800.0,1165.8954550674523,1.693643,445849020.0
cdd_24p0,mask_200,pop_SSP1,2040,22,300992400.0,984.8800924364962,1.693643,312030500.0
cdd_24p0,mask_200,pop_SSP1,2040,23,79620640.0,209.01053857712574,1.693643,113431120.0
cdd_24p0,mask_200,pop_SSP1,2040,24,6949072.0,114.23995410679498,1.693643,38909136.0
cdd_24p0,mask_200,pop_SSP1,2040,25,550455230.0,1129.2377796926755,1.693643,606828100.0
cdd_24p0,mask_200,pop_SSP1,2040,26,170654430.0,359.5218703367833,1.693643,281171600.0
cdd_24p0,mask_200,pop_SSP1,2050,1,0.0,31.01199647373557,1.980731,42730160.0
cdd_24p0,mask_200,pop_SSP1,2050,2,214695260.0,325.15428234648004,1.980731,379067230.0
cdd_24p0,mask_200,pop_SSP1,2050,3,60056344.0,353.89942420031906,1.980731,141275540.0
cdd_24p0,mask_200,pop_SSP1,2050,4,85455840.0,468.83533254767787,1.980731,106730440.0
cdd_24p0,mask_200,pop_SSP1,2050,5,174153630.0,684.8427487096236,1.980731,222007940.0
cdd_24p0,mask_200,pop_SSP1,2050,6,91795784.0,396.567872845898,1.980731,245458220.0
cdd_24p0,mask_200,pop_SSP1,2050,7,257241940.0,637.2584436137929,1.980731,276054530.0
cdd_24p0,mask_200,pop_SSP1,2050,8,945092400.0,1346.4714746011934,1.980731,981780860.0
cdd_24p0,mask_200,pop_SSP1,2050,9,232798660.0,595.001554872901,1.980731,567637300.0
cdd_24p0,mask_200,pop_SSP1,2050,10,15374106.0,149.62099240124036,1.980731,69499650.0
cdd_24p0,mask_200,pop_SSP1,2050,11,62628280.0,53.326702289011116,1.980731,436203360.0
cdd_24p0,mask_200,pop_SSP1,2050,12,6956581.0,62.38150722077136,1.980731,107122160.0
cdd_24p0,mask_200,pop_SSP1,2050,13,35630028.0,218.14131831679285,1.980731,96936720.0
cdd_24p0,mask_200,pop_SSP1,2050,14,151822.44,72.51476705311059,1.980731,46647932.0
cdd_24p0,mask_200,pop_SSP1,2050,15,64721250.0,366.6376829873366,1.980731,98202280.0
cdd_24p0,mask_200,pop_SSP1,2050,16,22631488.0,86.7583153435939,1.980731,155298020.0
cdd_24p0,mask_200,pop_SSP1,2050,17,317261760.0,939.2038419606198,1.980731,365695940.0
cdd_24p0,mask_200,pop_SSP1,2050,18,1541413400.0,1375.873518289628,1.980731,1573453300.0
cdd_24p0,mask_200,pop_SSP1,2050,19,14933685.0,148.94033149856628,1.980731,73376910.0
cdd_24p0,mask_200,pop_SSP1,2050,20,1030429800.0,395.7700396106631,1.980731,1352791300.0
cdd_24p0,mask_200,pop_SSP1,2050,21,438779500.0,1241.7549735180853,1.980731,450295300.0
cdd_24p0,mask_200,pop_SSP1,2050,22,304445980.0,1051.020633962659,1.980731,314288030.0
cdd_24p0,mask_200,pop_SSP1,2050,23,79985890.0,229.61297110167655,1.980731,107435820.0
cdd_24p0,mask_200,pop_SSP1,2050,24,9155264.0,127.01009806123326,1.980731,40958290.0
cdd_24p0,mask_200,pop_SSP1,2050,25,591087700.0,1193.9863073689453,1.980731,647567100.0
cdd_24p0,mask_200,pop_SSP1,2050,26,215886750.0,407.9426173439869,1.980731,322151000.0
cdd_24p0,mask_200,pop_SSP1,2060,1,0.0,40.654626825976784,2.268381,43724424.0
cdd_24p0,mask_200,pop_SSP1,2060,2,234719500.0,361.4078099522819,2.268381,386854980.0
cdd_24p0,mask_200,pop_SSP1,2060,3,67212580.0,390.57342258470493,2.268381,140542530.0
cdd_24p0,mask_200,pop_SSP1,2060,4,85965140.0,524.3116444189684,2.268381,105595120.0
cdd_24p0,mask_200,pop_SSP1,2060,5,173644670.0,758.8517691611877,2.268381,215165280.0
cdd_24p0,mask_200,pop_SSP1,2060,6,96519650.0,435.7239491559826,2.268381,243065360.0
cdd_24p0,mask_200,pop_SSP1,2060,7,271538560.0,692.3816256569993,2.268381,285476380.0
cdd_24p0,mask_200,pop_SSP1,2060,8,1055064770.0,1449.5721551445597,2.268381,1090710100.0
cdd_24p0,mask_200,pop_SSP1,2060,9,285971040.0,644.411785715277,2.268381,614193150.0
cdd_24p0,mask_200,pop_SSP1,2060,10,19189332.0,176.5129399661048,2.268381,69521660.0
cdd_24p0,mask_200,pop_SSP1,2060,11,75556380.0,63.6867030883766,2.268381,437019330.0
cdd_24p0,mask_200,pop_SSP1,2060,12,12841046.0,78.33675767536837,2.268381,102368690.0
cdd_24p0,mask_200,pop_SSP1,2060,13,38997070.0,250.687395546735,2.268381,96692240.0
cdd_24p0,mask_200,pop_SSP1,2060,14,2212437.8,92.0585395129933,2.268381,44486428.0
cdd_24p0,mask_200,pop_SSP1,2060,15,69782200.0,408.26501964787815,2.268381,100182490.0
cdd_24p0,mask_200,pop_SSP1,2060,16,25960720.0,104.46819754540182,2.268381,152653250.0
cdd_24p0,mask_200,pop_SSP1,2060,17,334657380.0,1004.2417762722954,2.268381,379247300.0
cdd_24p0,mask_200,pop_SSP1,2060,18,1516720100.0,1463.8268153474228,2.268381,1545084400.0
cdd_24p0,mask_200,pop_SSP1,2060,19,38959020.0,172.2402752666458,2.268381,68708940.0
cdd_24p0,mask_200,pop_SSP1,2060,20,988138500.0,434.77731633763943,2.268381,1258049700.0
cdd_24p0,mask_200,pop_SSP1,2060,21,435032770.0,1326.1203517608685,2.268381,444014660.0
cdd_24p0,mask_200,pop_SSP1,2060,22,299613220.0,1124.7014659180347,2.268381,309094800.0
cdd_24p0,mask_200,pop_SSP1,2060,23,76829710.0,254.29395018916347,2.268381,101781510.0
cdd_24p0,mask_200,pop_SSP1,2060,24,12474755.0,143.06518285466174,2.268381,42555550.0
cdd_24p0,mask_200,pop_SSP1,2060,25,617952400.0,1269.152098251606,2.268381,671092740.0
cdd_24p0,mask_200,pop_SSP1,2060,26,263959420.0,467.65413225122353,2.268381,354106900.0
cdd_24p0,mask_200,pop_SSP1,2070,1,0.0,51.02800631428802,2.554702,44364012.0
cdd_24p0,mask_200,pop_SSP1,2070,2,254350050.0,397.84619314093595,2.554702,392172800.0
cdd_24p0,mask_200,pop_SSP1,2070,3,66449064.0,428.1768309303621,2.554702,137426370.0
cdd_24p0,mask_200,pop_SSP1,2070,4,85534744.0,580.4084546490448,2.554702,102546620.0
cdd_24p0,mask_200,pop_SSP1,2070,5,170755620.0,833.2781632244984,2.554702,204359040.0
cdd_24p0,mask_200,pop_SSP1,2070,6,97975490.0,475.4543129588159,2.554702,236221260.0
cdd_24p0,mask_200,pop_SSP1,2070,7,279119870.0,747.738602435001,2.554702,287188320.0
cdd_24p0,mask_200,pop_SSP1,2070,8,1138962200.0,1552.8376500336194,2.554702,1171714300.0
cdd_24p0,mask_200,pop_SSP1,2070,9,315994800.0,694.1608986053604,2.554702,642925440.0
cdd_24p0,mask_200,pop_SSP1,2070,10,28482468.0,205.276584477233,2.554702,67755464.0
cdd_24p0,mask_200,pop_SSP1,2070,11,82566060.0,74.6005092293753,2.554702,433117380.0
cdd_24p0,mask_200,pop_SSP1,2070,12,16359604.0,95.46153369617664,2.554702,96934740.0
cdd_24p0,mask_200,pop_SSP1,2070,13,54807464.0,284.33543012230314,2.554702,94466090.0
cdd_24p0,mask_200,pop_SSP1,2070,14,6669761.5,112.55743158464546,2.554702,42106644.0
cdd_24p0,mask_200,pop_SSP1,2070,15,70549560.0,450.0145449618084,2.554702,99628890.0
cdd_24p0,mask_200,pop_SSP1,2070,16,29903790.0,122.35270428654256,2.554702,148472910.0
cdd_24p0,mask_200,pop_SSP1,2070,17,350439740.0,1069.7202835779528,2.554702,382055680.0
cdd_24p0,mask_200,pop_SSP1,2070,18,1458505700.0,1551.6497028203682,2.554702,1484759600.0
cdd_24p0,mask_200,pop_SSP1,2070,19,46727080.0,195.38126374641234,2.554702,62868164.0
cdd_24p0,mask_200,pop_SSP1,2070,20,924019840.0,473.22837210621293,2.554702,1147859800.0
cdd_24p0,mask_200,pop_SSP1,2070,21,422805060.0,1409.8039179801267,2.554702,428890880.0
cdd_24p0,mask_200,pop_SSP1,2070,22,289032640.0,1197.9390704223501,2.554702,297357660.0
cdd_24p0,mask_200,pop_SSP1,2070,23,77834530.0,278.913948592848,2.554702,95463000.0
cdd_24p0,mask_200,pop_SSP1,2070,24,14131829.0,159.76652142552473,2.554702,43537636.0
cdd_24p0,mask_200,pop_SSP1,2070,25,631696700.0,1344.1432544138224,2.554702,677983000.0
cdd_24p0,mask_200,pop_SSP1,2070,26,296938980.0,529.144685888123,2.554702,375558880.0
cdd_24p0,mask_200,pop_SSP1,2080,1,0.0,64.24615403400449,2.845921,44620250.0
cdd_24p0,mask_200,pop_SSP1,2080,2,280560060.0,434.6589404269299,2.845921,395203330.0
cdd_24p0,mask_200,pop_SSP1,2080,3,66089010.0,468.8403517985552,2.845921,132715140.0
cdd_24p0,mask_200,pop_SSP1,2080,4,83510696.0,638.4130125885259,2.845921,98098780.0
cdd_24p0,mask_200,pop_SSP1,2080,5,177374740.0,909.3096521001615,2.845921,190773550.0
cdd_24p0,mask_200,pop_SSP1,2080,6,101621410.0,517.8837458403365,2.845921,226005010.0
cdd_24p0,mask_200,pop_SSP1,2080,7,279486460.0,804.0339779282914,2.845921,283658080.0
cdd_24p0,mask_200,pop_SSP1,2080,8,1193054300.0,1656.1700380351517,2.845921,1224136200.0
cdd_24p0,mask_200,pop_SSP1,2080,9,338830000.0,744.7888819964836,2.845921,654119700.0
cdd_24p0,mask_200,pop_SSP1,2080,10,30466334.0,242.1752945709359,2.845921,64471650.0
cdd_24p0,mask_200,pop_SSP1,2080,11,93639840.0,87.74658197993494,2.845921,426984860.0
cdd_24p0,mask_200,pop_SSP1,2080,12,20844500.0,116.88451214404785,2.845921,91174940.0
cdd_24p0,mask_200,pop_SSP1,2080,13,67330480.0,321.86819267499015,2.845921,90921100.0
cdd_24p0,mask_200,pop_SSP1,2080,14,12723695.0,135.89204919108073,2.845921,39598330.0
cdd_24p0,mask_200,pop_SSP1,2080,15,72752100.0,491.7654115612238,2.845921,97576300.0
cdd_24p0,mask_200,pop_SSP1,2080,16,32472960.0,140.10850994745,2.845921,143305800.0
cdd_24p0,mask_200,pop_SSP1,2080,17,346479300.0,1137.5911495547796,2.845921,376284930.0
cdd_24p0,mask_200,pop_SSP1,2080,18,1373214200.0,1637.5059139092953,2.845921,1396979000.0
cdd_24p0,mask_200,pop_SSP1,2080,19,46284116.0,217.5103391973363,2.845921,57179110.0
cdd_24p0,mask_200,pop_SSP1,2080,20,857578700.0,509.20857211108626,2.845921,1038973760.0
cdd_24p0,mask_200,pop_SSP1,2080,21,402921540.0,1491.0891904499879,2.845921,407564600.0
cdd_24p0,mask_200,pop_SSP1,2080,22,274029000.0,1269.705907965247,2.845921,281531460.0
cdd_24p0,mask_200,pop_SSP1,2080,23,72641570.0,302.9407185389352,2.845921,87863890.0
cdd_24p0,mask_200,pop_SSP1,2080,24,16317796.0,178.85286591073665,2.845921,43898824.0
cdd_24p0,mask_200,pop_SSP1,2080,25,626418900.0,1417.9936175445441,2.845921,669882750.0
cdd_24p0,mask_200,pop_SSP1,2080,26,323855740.0,597.0910614906968,2.845921,386785280.0
cdd_24p0,mask_200,pop_SSP1,2090,1,848241.56,82.69831463627868,3.137292,43763460.0
cdd_24p0,mask_200,pop_SSP1,2090,2,302014800.0,471.9324099698086,3.137292,392706430.0
cdd_24p0,mask_200,pop_SSP1,2090,3,65691750.0,502.1076005351154,3.137292,126606850.0
cdd_24p0,mask_200,pop_SSP1,2090,4,81054190.0,689.1062804938385,3.137292,92409900.0
cdd_24p0,mask_200,pop_SSP1,2090,5,167229420.0,978.4135536457866,3.137292,175775840.0
cdd_24p0,mask_200,pop_SSP1,2090,6,112668990.0,555.244446626828,3.137292,212886300.0
cdd_24p0,mask_200,pop_SSP1,2090,7,273146940.0,854.2016006037031,3.137292,276513900.0
cdd_24p0,mask_200,pop_SSP1,2090,8,1215733200.0,1740.5203834953775,3.137292,1243985900.0
cdd_24p0,mask_200,pop_SSP1,2090,9,343679900.0,790.6382746218587,3.137292,648780400.0
cdd_24p0,mask_200,pop_SSP1,2090,10,28920366.0,274.2654891099558,3.137292,60033336.0
cdd_24p0,mask_200,pop_SSP1,2090,11,98056790.0,101.41272466344572,3.137292,413250300.0
cdd_24p0,mask_200,pop_SSP1,2090,12,25690476.0,140.49917824874223,3.137292,85553730.0
cdd_24p0,mask_200,pop_SSP1,2090,13,66414360.0,352.0609656092743,3.137292,86465120.0
cdd_24p0,mask_200,pop_SSP1,2090,14,15114658.0,164.24816746231633,3.137292,37064172.0
cdd_24p0,mask_200,pop_SSP1,2090,15,72121810.0,533.1955806904791,3.137292,94346904.0
cdd_24p0,mask_200,pop_SSP1,2090,16,34172264.0,161.6048255445812,3.137292,137513820.0
cdd_24p0,mask_200,pop_SSP1,2090,17,337308380.0,1197.8321142388331,3.137292,364307700.0
cdd_24p0,mask_200,pop_SSP1,2090,18,1267164700.0,1721.0789854767165,3.137292,1287154300.0
cdd_24p0,mask_200,pop_SSP1,2090,19,42415830.0,241.10711779844362,3.137292,51643520.0
cdd_24p0,mask_200,pop_SSP1,2090,20,788049660.0,551.4282934795232,3.137292,929867260.0
cdd_24p0,mask_200,pop_SSP1,2090,21,377138050.0,1569.1856883135051,3.137292,381329660.0
cdd_24p0,mask_200,pop_SSP1,2090,22,256427730.0,1333.496122379243,3.137292,263148960.0
cdd_24p0,mask_200,pop_SSP1,2090,23,67271704.0,327.5662231780834,3.137292,80022490.0
cdd_24p0,mask_200,pop_SSP1,2090,24,23136912.0,196.2558165041835,3.137292,43116236.0
cdd_24p0,mask_200,pop_SSP1,2090,25,609082400.0,1491.910530900558,3.137292,648921200.0
cdd_24p0,mask_200,pop_SSP1,2090,26,334144500.0,654.0536398346075,3.137292,387177100.0
cdd_24p0,mask_200,pop_SSP1,2100,1,2660218.8,106.48715351657027,3.422318,41334500.0
cdd_24p0,mask_200,pop_SSP1,2100,2,309469820.0,508.8789012211972,3.422318,382343550.0
cdd_24p0,mask_200,pop_SSP1,2100,3,63283480.0,526.5072358227296,3.422318,118474700.0
cdd_24p0,mask_200,pop_SSP1,2100,4,76567180.0,730.6358192984561,3.422318,85604180.0
cdd_24p0,mask_200,pop_SSP1,2100,5,152963070.0,1038.36372150592,3.422318,159448770.0
cdd_24p0,mask_200,pop_SSP1,2100,6,107367600.0,586.2026323967062,3.422318,196914220.0
cdd_24p0,mask_200,pop_SSP1,2100,7,265110480.0,896.5172466803987,3.422318,266232200.0
cdd_24p0,mask_200,pop_SSP1,2100,8,1204265700.0,1802.135558062508,3.422318,1230346500.0
cdd_24p0,mask_200,pop_SSP1,2100,9,347072500.0,830.2141283780272,3.422318,629134000.0
cdd_24p0,mask_200,pop_SSP1,2100,10,28663824.0,300.3567845884182,3.422318,55014532.0
cdd_24p0,mask_200,pop_SSP1,2100,11,101860940.0,115.34468575227899,3.422318,389888200.0
cdd_24p0,mask_200,pop_SSP1,2100,12,26868006.0,165.9934348844226,3.422318,80128870.0
cdd_24p0,mask_200,pop_SSP1,2100,13,64077676.0,373.5166587499137,3.422318,81469210.0
cdd_24p0,mask_200,pop_SSP1,2100,14,17831236.0,197.48619206945884,3.422318,34660790.0
cdd_24p0,mask_200,pop_SSP1,2100,15,70920260.0,573.3475556149175,3.422318,90474380.0
cdd_24p0,mask_200,pop_SSP1,2100,16,38981510.0,186.72931152385777,3.422318,131682300.0
cdd_24p0,mask_200,pop_SSP1,2100,17,326890800.0,1248.3460002373884,3.422318,347380600.0
cdd_24p0,mask_200,pop_SSP1,2100,18,1147614800.0,1800.2764370035259,3.422318,1164688100.0
cdd_24p0,mask_200,pop_SSP1,2100,19,38511200.0,265.78865760544414,3.422318,45889290.0
cdd_24p0,mask_200,pop_SSP1,2100,20,726280450.0,599.5579599498365,3.422318,831249700.0
cdd_24p0,mask_200,pop_SSP1,2100,21,348282900.0,1642.0342088703187,3.422318,351520450.0
cdd_24p0,mask_200,pop_SSP1,2100,22,236554270.0,1387.0990931906324,3.422318,242425780.0
cdd_24p0,mask_200,pop_SSP1,2100,23,61237864.0,352.29901727081716,3.422318,71976080.0
cdd_24p0,mask_200,pop_SSP1,2100,24,22398972.0,211.42077179336377,3.422318,41043690.0
cdd_24p0,mask_200,pop_SSP1,2100,25,581373200.0,1564.2485471298726,3.422318,618490500.0
cdd_24p0,mask_200,pop_SSP1,2100,26,335811200.0,697.6784691002518,3.422318,378042140.0
cdd_24p0,mask_200,pop_SSP2,2040,1,0.0,23.568171564342066,1.693643,41235690.0
cdd_24p0,mask_200,pop_SSP2,2040,2,177501300.0,295.04685578438324,1.693643,367379520.0
cdd_24p0,mask_200,pop_SSP2,2040,3,58364690.0,324.81438371368387,1.693643,142523300.0
cdd_24p0,mask_200,pop_SSP2,2040,4,84523440.0,422.51966435392995,1.693643,108550970.0
cdd_24p0,mask_200,pop_SSP2,2040,5,165002780.0,620.7248963021497,1.693643,227847470.0
cdd_24p0,mask_200,pop_SSP2,2040,6,91297840.0,361.7308089727269,1.693643,248099980.0
cdd_24p0,mask_200,pop_SSP2,2040,7,245796700.0,589.4255978306282,1.693643,267329170.0
cdd_24p0,mask_200,pop_SSP2,2040,8,872084500.0,1258.267971272586,1.693643,912532350.0
cdd_24p0,mask_200,pop_SSP2,2040,9,213060000.0,553.1367212694513,1.693643,536728770.0
cdd_24p0,mask_200,pop_SSP2,2040,10,13391008.0,126.15682253560374,1.693643,67723840.0
cdd_24p0,mask_200,pop_SSP2,2040,11,46541530.0,44.756190318172905,1.693643,429634530.0
cdd_24p0,mask_200,pop_SSP2,2040,12,2584747.5,50.83041995261543,1.693643,111103150.0
cdd_24p0,mask_200,pop_SSP2,2040,13,33333196.0,192.98745088943363,1.693643,95478960.0
cdd_24p0,mask_200,pop_SSP2,2040,14,0.0,59.54991485469424,1.693643,48097216.0
cdd_24p0,mask_200,pop_SSP2,2040,15,61397188.0,332.16215340881877,1.693643,95847944.0
cdd_24p0,mask_200,pop_SSP2,2040,16,18897180.0,74.14472023900522,1.693643,156275730.0
cdd_24p0,mask_200,pop_SSP2,2040,17,296558000.0,881.1922138256573,1.693643,352059260.0
cdd_24p0,mask_200,pop_SSP2,2040,18,1572276500.0,1302.9388625095821,1.693643,1604890600.0
cdd_24p0,mask_200,pop_SSP2,2040,19,6685079.5,129.52602123081346,1.693643,76008750.0
cdd_24p0,mask_200,pop_SSP2,2040,20,1042712600.0,361.6974448110714,1.693643,1410251500.0
cdd_24p0,mask_200,pop_SSP2,2040,21,442572900.0,1165.763111369682,1.693643,456747040.0
cdd_24p0,mask_200,pop_SSP2,2040,22,307505470.0,984.6769251874172,1.693643,318782430.0
cdd_24p0,mask_200,pop_SSP2,2040,23,78895750.0,209.00564594826005,1.693643,112398424.0
cdd_24p0,mask_200,pop_SSP2,2040,24,6979362.0,114.25992112869675,1.693643,39078732.0
cdd_24p0,mask_200,pop_SSP2,2040,25,572304000.0,1129.3107679827842,1.693643,630920060.0
cdd_24p0,mask_200,pop_SSP2,2040,26,180866270.0,359.5772003966745,1.693643,297976000.0
cdd_24p0,mask_200,pop_SSP2,2050,1,0.0,31.01458734460221,1.980731,42558132.0
cdd_24p0,mask_200,pop_SSP2,2050,2,215367980.0,325.5155128753756,1.980731,380150100.0
cdd_24p0,mask_200,pop_SSP2,2050,3,62807160.0,353.91820643768995,1.980731,147781920.0
cdd_24p0,mask_200,pop_SSP2,2050,4,90149170.0,468.7184344980076,1.980731,112591950.0
cdd_24p0,mask_200,pop_SSP2,2050,5,178876930.0,685.0771056718428,1.980731,228028000.0
cdd_24p0,mask_200,pop_SSP2,2050,6,95552696.0,396.8331505670293,1.980731,255523500.0
cdd_24p0,mask_200,pop_SSP2,2050,7,272908900.0,637.6079623792139,1.980731,292867360.0
cdd_24p0,mask_200,pop_SSP2,2050,8,1070401300.0,1346.712264668442,1.980731,1111875200.0
cdd_24p0,mask_200,pop_SSP2,2050,9,257670770.0,594.6218495561128,1.980731,628347100.0
cdd_24p0,mask_200,pop_SSP2,2050,10,15430009.0,149.941907199481,1.980731,69606420.0
cdd_24p0,mask_200,pop_SSP2,2050,11,62263140.0,53.32658734668132,1.980731,433655460.0
cdd_24p0,mask_200,pop_SSP2,2050,12,6892576.0,62.37990789590574,1.980731,106137620.0
cdd_24p0,mask_200,pop_SSP2,2050,13,36004200.0,218.74954136305112,1.980731,97837060.0
cdd_24p0,mask_200,pop_SSP2,2050,14,150211.28,72.51417248723634,1.980731,46139016.0
cdd_24p0,mask_200,pop_SSP2,2050,15,68622060.0,367.03660381159165,1.980731,104102540.0
cdd_24p0,mask_200,pop_SSP2,2050,16,22553320.0,86.83537015652361,1.980731,154594640.0
cdd_24p0,mask_200,pop_SSP2,2050,17,333150400.0,939.8939032900925,1.980731,384014180.0
cdd_24p0,mask_200,pop_SSP2,2050,18,1610751200.0,1375.6083290756449,1.980731,1644272400.0
cdd_24p0,mask_200,pop_SSP2,2050,19,14722603.0,148.93049992638504,1.980731,72344100.0
cdd_24p0,mask_200,pop_SSP2,2050,20,1020176200.0,395.7329785710329,1.980731,1339330600.0
cdd_24p0,mask_200,pop_SSP2,2050,21,457750800.0,1241.6121726646443,1.980731,469752540.0
cdd_24p0,mask_200,pop_SSP2,2050,22,316071870.0,1050.8058793758514,1.980731,326289730.0
cdd_24p0,mask_200,pop_SSP2,2050,23,78716070.0,229.60771932188956,1.980731,105730216.0
cdd_24p0,mask_200,pop_SSP2,2050,24,9232043.0,127.03199080020205,1.980731,41301784.0
cdd_24p0,mask_200,pop_SSP2,2050,25,634041540.0,1194.0718553564511,1.980731,694634560.0
cdd_24p0,mask_200,pop_SSP2,2050,26,238165570.0,407.993665860049,1.980731,355352580.0
cdd_24p0,mask_200,pop_SSP2,2060,1,0.0,40.657840961117955,2.268381,43672144.0
cdd_24p0,mask_200,pop_SSP2,2060,2,237024130.0,361.7844147832096,2.268381,390528700.0
cdd_24p0,mask_200,pop_SSP2,2060,3,71913600.0,390.60653711804537,2.268381,150414260.0
cdd_24p0,mask_200,pop_SSP2,2060,4,92967170.0,524.206557108872,2.268381,114195710.0
cdd_24p0,mask_200,pop_SSP2,2060,5,180573330.0,759.1017032738134,2.268381,223749180.0
cdd_24p0,mask_200,pop_SSP2,2060,6,102506580.0,436.01118413762964,2.268381,258169620.0
cdd_24p0,mask_200,pop_SSP2,2060,7,296578800.0,692.7504465751356,2.268381,311802100.0
cdd_24p0,mask_200,pop_SSP2,2060,8,1262977500.0,1449.82584925479,2.268381,1305529200.0
cdd_24p0,mask_200,pop_SSP2,2060,9,330516480.0,644.0297007348898,2.268381,709911600.0
cdd_24p0,mask_200,pop_SSP2,2060,10,19312496.0,176.86860969168256,2.268381,69768220.0
cdd_24p0,mask_200,pop_SSP2,2060,11,75191970.0,63.68638533989219,2.268381,434905060.0
cdd_24p0,mask_200,pop_SSP2,2060,12,12715921.0,78.3346975424828,2.268381,101370700.0
cdd_24p0,mask_200,pop_SSP2,2060,13,39513284.0,251.33585406152082,2.268381,97814136.0
cdd_24p0,mask_200,pop_SSP2,2060,14,2188738.8,92.05774049086652,2.268381,43993936.0
cdd_24p0,mask_200,pop_SSP2,2060,15,76324296.0,408.7008912203965,2.268381,109548380.0
cdd_24p0,mask_200,pop_SSP2,2060,16,25937616.0,104.55305189503545,2.268381,152312130.0
cdd_24p0,mask_200,pop_SSP2,2060,17,358802370.0,1004.9437546811376,2.268381,406616400.0
cdd_24p0,mask_200,pop_SSP2,2060,18,1618542300.0,1463.5529226401559,2.268381,1648807700.0
cdd_24p0,mask_200,pop_SSP2,2060,19,38051580.0,172.22882544973564,2.268381,67111020.0
cdd_24p0,mask_200,pop_SSP2,2060,20,969941060.0,434.7395250688538,2.268381,1234886400.0
cdd_24p0,mask_200,pop_SSP2,2060,21,463450560.0,1325.9598722701073,2.268381,473015070.0
cdd_24p0,mask_200,pop_SSP2,2060,22,317266750.0,1124.4734603951904,2.268381,327306980.0
cdd_24p0,mask_200,pop_SSP2,2060,23,75105260.0,254.2881799376413,2.268381,99497010.0
cdd_24p0,mask_200,pop_SSP2,2060,24,12667930.0,143.08932016520015,2.268381,43214544.0
cdd_24p0,mask_200,pop_SSP2,2060,25,687105340.0,1269.23301867762,2.268381,746201660.0
cdd_24p0,mask_200,pop_SSP2,2060,26,303693660.0,467.69736909201646,2.268381,407346560.0
cdd_24p0,mask_200,pop_SSP2,2070,1,0.0,51.0318733767227,2.554702,44633880.0
cdd_24p0,mask_200,pop_SSP2,2070,2,259628450.0,398.2382154622913,2.554702,400180160.0
cdd_24p0,mask_200,pop_SSP2,2070,3,72957390.0,428.22466822259815,2.554702,150940340.0
cdd_24p0,mask_200,pop_SSP2,2070,4,95124270.0,580.3163800296057,2.554702,114043016.0
cdd_24p0,mask_200,pop_SSP2,2070,5,180389970.0,833.5433986582657,2.554702,215887780.0
cdd_24p0,mask_200,pop_SSP2,2070,6,106491500.0,475.7629711107406,2.554702,256786940.0
cdd_24p0,mask_200,pop_SSP2,2070,7,314393800.0,748.126349615248,2.554702,323482020.0
cdd_24p0,mask_200,pop_SSP2,2070,8,1440972700.0,1553.1039669444372,2.554702,1482260500.0
cdd_24p0,mask_200,pop_SSP2,2070,9,381209200.0,693.7761051107032,2.554702,775675140.0
cdd_24p0,mask_200,pop_SSP2,2070,10,28882778.0,205.66746392258614,2.554702,68638130.0
cdd_24p0,mask_200,pop_SSP2,2070,11,82729100.0,74.59996733718793,2.554702,433964700.0
cdd_24p0,mask_200,pop_SSP2,2070,12,16247531.0,95.45896908395072,2.554702,96273770.0
cdd_24p0,mask_200,pop_SSP2,2070,13,55723690.0,285.02407740154894,2.554702,95941550.0
cdd_24p0,mask_200,pop_SSP2,2070,14,6631626.5,112.5564096049803,2.554702,41861824.0
cdd_24p0,mask_200,pop_SSP2,2070,15,79744000.0,450.4871058386471,2.554702,112581130.0
cdd_24p0,mask_200,pop_SSP2,2070,16,30063852.0,122.44532608389362,2.554702,149028450.0
cdd_24p0,mask_200,pop_SSP2,2070,17,384086880.0,1070.4344538341081,2.554702,418741570.0
cdd_24p0,mask_200,pop_SSP2,2070,18,1593997000.0,1551.3674893851057,2.554702,1622686700.0
cdd_24p0,mask_200,pop_SSP2,2070,19,45484024.0,195.3682646764542,2.554702,61197800.0
cdd_24p0,mask_200,pop_SSP2,2070,20,902806600.0,473.1899473201548,2.554702,1121519900.0
cdd_24p0,mask_200,pop_SSP2,2070,21,461801380.0,1409.6258033302033,2.554702,468443650.0
cdd_24p0,mask_200,pop_SSP2,2070,22,314211940.0,1197.6979514059583,2.554702,323262140.0
cdd_24p0,mask_200,pop_SSP2,2070,23,75609624.0,278.9076689604443,2.554702,92734200.0
cdd_24p0,mask_200,pop_SSP2,2070,24,14497439.0,159.79291952220754,2.554702,44664010.0
cdd_24p0,mask_200,pop_SSP2,2070,25,729158500.0,1344.2164071846885,2.554702,782588300.0
cdd_24p0,mask_200,pop_SSP2,2070,26,356432770.0,529.1777158762875,2.554702,450714980.0
cdd_24p0,mask_200,pop_SSP2,2080,1,0.0,64.25079484500903,2.845921,45265812.0
cdd_24p0,mask_200,pop_SSP2,2080,2,289299650.0,435.0667550237446,2.845921,407399500.0
cdd_24p0,mask_200,pop_SSP2,2080,3,74522350.0,468.90384244835,2.845921,149714400.0
cdd_24p0,mask_200,pop_SSP2,2080,4,95683790.0,638.3363636392031,2.845921,112397820.0
cdd_24p0,mask_200,pop_SSP2,2080,5,190919330.0,909.589582484509,2.845921,205340940.0
cdd_24p0,mask_200,pop_SSP2,2080,6,113285580.0,518.212018134041,2.845921,251980200.0
cdd_24p0,mask_200,pop_SSP2,2080,7,325498020.0,804.4388721429094,2.845921,330356480.0
cdd_24p0,mask_200,pop_SSP2,2080,8,1591728800.0,1656.447555749619,2.845921,1632995200.0
cdd_24p0,mask_200,pop_SSP2,2080,9,425647800.0,744.4011963673747,2.845921,821835840.0
cdd_24p0,mask_200,pop_SSP2,2080,10,31493730.0,242.60482583247736,2.845921,66502090.0
cdd_24p0,mask_200,pop_SSP2,2080,11,94999040.0,87.74575094734168,2.845921,433175170.0
cdd_24p0,mask_200,pop_SSP2,2080,12,20879696.0,116.88128058207083,2.845921,91335220.0
cdd_24p0,mask_200,pop_SSP2,2080,13,68946664.0,322.59769503714057,2.845921,93042460.0
cdd_24p0,mask_200,pop_SSP2,2080,14,12815234.0,135.89073879400544,2.845921,39881184.0
cdd_24p0,mask_200,pop_SSP2,2080,15,85235030.0,492.2735210946623,2.845921,114282900.0
cdd_24p0,mask_200,pop_SSP2,2080,16,33043444.0,140.20856976897707,2.845921,145581340.0
cdd_24p0,mask_200,pop_SSP2,2080,17,389063400.0,1138.319937385975,2.845921,422534880.0
cdd_24p0,mask_200,pop_SSP2,2080,18,1541976800.0,1637.2166466898314,2.845921,1568660100.0
cdd_24p0,mask_200,pop_SSP2,2080,19,45130376.0,217.49611775520944,2.845921,55754692.0
cdd_24p0,mask_200,pop_SSP2,2080,20,837544400.0,509.1697910246974,2.845921,1014721300.0
cdd_24p0,mask_200,pop_SSP2,2080,21,452681950.0,1490.8951907389753,2.845921,457892400.0
cdd_24p0,mask_200,pop_SSP2,2080,22,306942140.0,1269.4522844137232,2.845921,315345660.0
cdd_24p0,mask_200,pop_SSP2,2080,23,71054216.0,302.93399846511244,2.845921,85943896.0
cdd_24p0,mask_200,pop_SSP2,2080,24,16962296.0,178.88158098428673,2.845921,45632690.0
cdd_24p0,mask_200,pop_SSP2,2080,25,750424600.0,1418.0505518660088,2.845921,802491800.0
cdd_24p0,mask_200,pop_SSP2,2080,26,404674100.0,597.1043233550351,2.845921,483205730.0
cdd_24p0,mask_200,pop_SSP2,2090,1,879793.06,82.70383624964353,3.137292,45264700.0
cdd_24p0,mask_200,pop_SSP2,2090,2,315171400.0,472.3496786788262,3.137292,409720960.0
cdd_24p0,mask_200,pop_SSP2,2090,3,76391650.0,502.18446821079215,3.137292,147301260.0
cdd_24p0,mask_200,pop_SSP2,2090,4,96086320.0,689.0412969932408,3.137292,109547370.0
cdd_24p0,mask_200,pop_SSP2,2090,5,184234930.0,978.7062797906661,3.137292,193650340.0
cdd_24p0,mask_200,pop_SSP2,2090,6,129394390.0,555.587319323461,3.137292,244516750.0
cdd_24p0,mask_200,pop_SSP2,2090,7,329644900.0,854.622807150311,3.137292,333708300.0
cdd_24p0,mask_200,pop_SSP2,2090,8,1709004300.0,1740.8093420312007,3.137292,1748499300.0
cdd_24p0,mask_200,pop_SSP2,2090,9,450458800.0,790.2477409946214,3.137292,850514400.0
cdd_24p0,mask_200,pop_SSP2,2090,10,30804600.0,274.7256804654201,3.137292,63799784.0
cdd_24p0,mask_200,pop_SSP2,2090,11,102170180.0,101.41149901706096,3.137292,430576960.0
cdd_24p0,mask_200,pop_SSP2,2090,12,26182660.0,140.49525903034666,3.137292,87182820.0
cdd_24p0,mask_200,pop_SSP2,2090,13,68789170.0,352.82389878801575,3.137292,89494320.0
cdd_24p0,mask_200,pop_SSP2,2090,14,15530897.0,164.24665062527788,3.137292,38088804.0
cdd_24p0,mask_200,pop_SSP2,2090,15,87818650.0,533.7344351911305,3.137292,114867560.0
cdd_24p0,mask_200,pop_SSP2,2090,16,35405670.0,161.71054883716897,3.137292,142233840.0
cdd_24p0,mask_200,pop_SSP2,2090,17,390087420.0,1198.574416932301,3.137292,421313020.0
cdd_24p0,mask_200,pop_SSP2,2090,18,1474780300.0,1720.7873023550171,3.137292,1498046700.0
cdd_24p0,mask_200,pop_SSP2,2090,19,41636292.0,241.09146202253308,3.137292,50695056.0
cdd_24p0,mask_200,pop_SSP2,2090,20,774508160.0,551.3899400236609,3.137292,913915000.0
cdd_24p0,mask_200,pop_SSP2,2090,21,437953600.0,1568.9699759890823,3.137292,442814980.0
cdd_24p0,mask_200,pop_SSP2,2090,22,296300100.0,1333.2343235314784,3.137292,304066370.0
cdd_24p0,mask_200,pop_SSP2,2090,23,67438920.0,327.55922255944853,3.137292,80221390.0
cdd_24p0,mask_200,pop_SSP2,2090,24,24668812.0,196.28653575570573,3.137292,45970976.0
cdd_24p0,mask_200,pop_SSP2,2090,25,759186200.0,1491.9510405720284,3.137292,808838660.0
cdd_24p0,mask_200,pop_SSP2,2090,26,433819200.0,654.0542516079585,3.137292,502567100.0
cdd_24p0,mask_200,pop_SSP2,2100,1,2872258.2,106.49365383547043,3.422318,44719280.0
cdd_24p0,mask_200,pop_SSP2,2100,2,330698140.0,509.2984508709146,3.422318,408499700.0
cdd_24p0,mask_200,pop_SSP2,2100,3,76970570.0,526.594681219295,3.422318,144189000.0
cdd_24p0,mask_200,pop_SSP2,2100,4,94847440.0,730.5781102805357,3.422318,106041360.0
cdd_24p0,mask_200,pop_SSP2,2100,5,174817820.0,1038.6668713519737,3.422318,182229540.0
cdd_24p0,mask_200,pop_SSP2,2100,6,128460690.0,586.5542720644485,3.422318,235626800.0
cdd_24p0,mask_200,pop_SSP2,2100,7,331629020.0,896.9534841463807,3.422318,333032160.0
cdd_24p0,mask_200,pop_SSP2,2100,8,1784746100.0,1802.4359653615065,3.422318,1823155500.0
cdd_24p0,mask_200,pop_SSP2,2100,9,476620030.0,829.8208588832305,3.422318,864178800.0
cdd_24p0,mask_200,pop_SSP2,2100,10,31696414.0,300.83817264647695,3.422318,60728110.0
cdd_24p0,mask_200,pop_SSP2,2100,11,111046040.0,115.34295845884654,3.422318,425041180.0
cdd_24p0,mask_200,pop_SSP2,2100,12,28069496.0,165.9888206339626,3.422318,83693990.0
cdd_24p0,mask_200,pop_SSP2,2100,13,67408130.0,374.30412072717434,3.422318,85637630.0
cdd_24p0,mask_200,pop_SSP2,2100,14,18694120.0,197.48456345079921,3.422318,36338800.0
cdd_24p0,mask_200,pop_SSP2,2100,15,89761910.0,573.9111915497942,3.422318,114497230.0
cdd_24p0,mask_200,pop_SSP2,2100,16,41056270.0,186.8386225322928,3.422318,138470290.0
cdd_24p0,mask_200,pop_SSP2,2100,17,391835100.0,1249.1003045179132,3.422318,416395870.0
cdd_24p0,mask_200,pop_SSP2,2100,18,1400804100.0,1799.9874862519628,3.422318,1421647000.0
cdd_24p0,mask_200,pop_SSP2,2100,19,38469732.0,265.77136673224373,3.422318,45837730.0
cdd_24p0,mask_200,pop_SSP2,2100,20,721083700.0,599.5208856417752,3.422318,825335200.0
cdd_24p0,mask_200,pop_SSP2,2100,21,421553200.0,1641.790868175843,3.422318,425465700.0
cdd_24p0,mask_200,pop_SSP2,2100,22,283373760.0,1386.8340570223468,3.422318,290407300.0
cdd_24p0,mask_200,pop_SSP2,2100,23,63693984.0,352.2919180088012,3.422318,74862880.0
cdd_24p0,mask_200,pop_SSP2,2100,24,24976308.0,211.45310685048867,3.422318,45766380.0
cdd_24p0,mask_200,pop_SSP2,2100,25,758195300.0,1564.2727727398856,3.422318,806595840.0
cdd_24p0,mask_200,pop_SSP2,2100,26,454466560.0,697.6745319958402,3.422318,511516400.0
cdd_24p0,mask_200,pop_SSP3,2040,1,0.0,23.59281768953744,1.693643,40483924.0
cdd_24p0,mask_200,pop_SSP3,2040,2,176592480.0,295.6298724041804,1.693643,365363970.0
cdd_24p0,mask_200,pop_SSP3,2040,3,60245210.0,324.8250858093487,1.693643,147148340.0
cdd_24p0,mask_200,pop_SSP3,2040,4,87786920.0,422.3549654915983,1.693643,112742000.0
cdd_24p0,mask_200,pop_SSP3,2040,5,167919710.0,621.0493826965003,1.693643,231874340.0
cdd_24p0,mask_200,pop_SSP3,2040,6,93794320.0,362.07691469471183,1.693643,254898480.0
cdd_24p0,mask_200,pop_SSP3,2040,7,254338380.0,589.8319478837258,1.693643,276619230.0
cdd_24p0,mask_200,pop_SSP3,2040,8,917943550.0,1258.2941892896058,1.693643,960487400.0
cdd_24p0,mask_200,pop_SSP3,2040,9,223365890.0,552.9144452081327,1.693643,562667500.0
cdd_24p0,mask_200,pop_SSP3,2040,10,13382892.0,126.42491112196127,1.693643,67615390.0
cdd_24p0,mask_200,pop_SSP3,2040,11,46062784.0,44.75582242867263,1.693643,425228200.0
cdd_24p0,mask_200,pop_SSP3,2040,12,2607962.2,50.833955347403275,1.693643,112074770.0
cdd_24p0,mask_200,pop_SSP3,2040,13,34102990.0,193.45135484591523,1.693643,97681940.0
cdd_24p0,mask_200,pop_SSP3,2040,14,0.0,59.544365476380136,1.693643,47893124.0
cdd_24p0,mask_200,pop_SSP3,2040,15,63905900.0,332.5907163720474,1.693643,99756710.0
cdd_24p0,mask_200,pop_SSP3,2040,16,18835140.0,74.25265105455355,1.693643,155668030.0
cdd_24p0,mask_200,pop_SSP3,2040,17,303956600.0,882.0177949866757,1.693643,360844930.0
cdd_24p0,mask_200,pop_SSP3,2040,18,1613378300.0,1302.611752458412,1.693643,1646870800.0
cdd_24p0,mask_200,pop_SSP3,2040,19,6705903.0,129.5140337413366,1.693643,76252620.0
cdd_24p0,mask_200,pop_SSP3,2040,20,1052847500.0,361.8528139166573,1.693643,1423951500.0
cdd_24p0,mask_200,pop_SSP3,2040,21,453141220.0,1165.5342245384677,1.693643,467650600.0
cdd_24p0,mask_200,pop_SSP3,2040,22,314130900.0,984.4255701254656,1.693643,325650850.0
cdd_24p0,mask_200,pop_SSP3,2040,23,78418250.0,209.00882093426452,1.693643,111718130.0
cdd_24p0,mask_200,pop_SSP3,2040,24,6945626.0,114.27438898117317,1.693643,38889836.0
cdd_24p0,mask_200,pop_SSP3,2040,25,597738600.0,1129.3955324289457,1.693643,658968450.0
cdd_24p0,mask_200,pop_SSP3,2040,26,188007230.0,359.61531245508394,1.693643,309730000.0
cdd_24p0,mask_200,pop_SSP3,2050,1,0.0,31.045455731406122,1.980731,41216212.0
cdd_24p0,mask_200,pop_SSP3,2050,2,214056930.0,326.12270484387005,1.980731,377658750.0
cdd_24p0,mask_200,pop_SSP3,2050,3,66530196.0,353.94383895715737,1.980731,156598080.0
cdd_24p0,mask_200,pop_SSP3,2050,4,96453300.0,468.5556807356196,1.980731,120465210.0
cdd_24p0,mask_200,pop_SSP3,2050,5,184605020.0,685.4246693828217,1.980731,235328510.0
cdd_24p0,mask_200,pop_SSP3,2050,6,100376810.0,397.20887792796555,1.980731,268450700.0
cdd_24p0,mask_200,pop_SSP3,2050,7,291153340.0,638.0344220612171,1.980731,312446270.0
cdd_24p0,mask_200,pop_SSP3,2050,8,1177162400.0,1346.740303254927,1.980731,1222742300.0
cdd_24p0,mask_200,pop_SSP3,2050,9,281801400.0,594.4064018749395,1.980731,687176300.0
cdd_24p0,mask_200,pop_SSP3,2050,10,15542459.0,150.24370276431068,1.980731,69993380.0
cdd_24p0,mask_200,pop_SSP3,2050,11,61212264.0,53.32629449854426,1.980731,426360400.0
cdd_24p0,mask_200,pop_SSP3,2050,12,7008801.0,62.38183072059878,1.980731,107896490.0
cdd_24p0,mask_200,pop_SSP3,2050,13,37522740.0,219.24878745659672,1.980731,101955340.0
cdd_24p0,mask_200,pop_SSP3,2050,14,149285.97,72.50800801506375,1.980731,45861864.0
cdd_24p0,mask_200,pop_SSP3,2050,15,73937624.0,367.5032799227212,1.980731,112153120.0
cdd_24p0,mask_200,pop_SSP3,2050,16,22505078.0,86.95298993900745,1.980731,154105740.0
cdd_24p0,mask_200,pop_SSP3,2050,17,349250300.0,940.7373339905566,1.980731,402574850.0
cdd_24p0,mask_200,pop_SSP3,2050,18,1689585900.0,1375.2696906521905,1.980731,1724801000.0
cdd_24p0,mask_200,pop_SSP3,2050,19,14757751.0,148.91744873410872,1.980731,72531310.0
cdd_24p0,mask_200,pop_SSP3,2050,20,1037043700.0,395.8947074932401,1.980731,1361459700.0
cdd_24p0,mask_200,pop_SSP3,2050,21,478720320.0,1241.367530437051,1.980731,491265600.0
cdd_24p0,mask_200,pop_SSP3,2050,22,328742720.0,1050.540170884642,1.980731,339370240.0
cdd_24p0,mask_200,pop_SSP3,2050,23,77990170.0,229.61112601058952,1.980731,104755220.0
cdd_24p0,mask_200,pop_SSP3,2050,24,9178152.0,127.04785498751707,1.980731,41060684.0
cdd_24p0,mask_200,pop_SSP3,2050,25,686680500.0,1194.1715940465144,1.980731,752317300.0
cdd_24p0,mask_200,pop_SSP3,2050,26,257618850.0,408.02509531861136,1.980731,384356320.0
cdd_24p0,mask_200,pop_SSP3,2060,1,0.0,40.696089098891385,2.268381,41926972.0
cdd_24p0,mask_200,pop_SSP3,2060,2,237062530.0,362.41796151410904,2.268381,390365020.0
cdd_24p0,mask_200,pop_SSP3,2060,3,78814030.0,390.6533099398637,2.268381,164916400.0
cdd_24p0,mask_200,pop_SSP3,2060,4,103108510.0,524.0604510306405,2.268381,126652400.0
cdd_24p0,mask_200,pop_SSP3,2060,5,189883680.0,759.4723365176932,2.268381,235283580.0
cdd_24p0,mask_200,pop_SSP3,2060,6,110781540.0,436.41803350924823,2.268381,279048260.0
cdd_24p0,mask_200,pop_SSP3,2060,7,328332100.0,693.200535129477,2.268381,345185540.0
cdd_24p0,mask_200,pop_SSP3,2060,8,1459908600.0,1449.8567241867122,2.268381,1509065200.0
cdd_24p0,mask_200,pop_SSP3,2060,9,379924860.0,643.8165294551378,2.268381,816020200.0
cdd_24p0,mask_200,pop_SSP3,2060,10,19763418.0,177.2041000318702,2.268381,71220456.0
cdd_24p0,mask_200,pop_SSP3,2060,11,73768690.0,63.6862829318375,2.268381,426685060.0
cdd_24p0,mask_200,pop_SSP3,2060,12,13093654.0,78.33368366222442,2.268381,104345420.0
cdd_24p0,mask_200,pop_SSP3,2060,13,42159590.0,251.8747180773726,2.268381,104349270.0
cdd_24p0,mask_200,pop_SSP3,2060,14,2178108.8,92.05065451139285,2.268381,43786800.0
cdd_24p0,mask_200,pop_SSP3,2060,15,85618640.0,409.2112352582784,2.268381,122868824.0
cdd_24p0,mask_200,pop_SSP3,2060,16,26030372.0,104.68272719908101,2.268381,152645900.0
cdd_24p0,mask_200,pop_SSP3,2060,17,386688000.0,1005.8020895270874,2.268381,438224400.0
cdd_24p0,mask_200,pop_SSP3,2060,18,1749247600.0,1463.2029744329755,2.268381,1781953500.0
cdd_24p0,mask_200,pop_SSP3,2060,19,38209524.0,172.21453758909476,2.268381,67400760.0
cdd_24p0,mask_200,pop_SSP3,2060,20,996287000.0,434.9069676149077,2.268381,1268408000.0
cdd_24p0,mask_200,pop_SSP3,2060,21,498036740.0,1325.690355473565,2.268381,508313340.0
cdd_24p0,mask_200,pop_SSP3,2060,22,338333020.0,1124.191341454302,2.268381,349039870.0
cdd_24p0,mask_200,pop_SSP3,2060,23,74215896.0,254.29192241621465,2.268381,98318810.0
cdd_24p0,mask_200,pop_SSP3,2060,24,12644802.0,143.1068125525759,2.268381,43135644.0
cdd_24p0,mask_200,pop_SSP3,2060,25,778088200.0,1269.3274647889762,2.268381,845022850.0
cdd_24p0,mask_200,pop_SSP3,2060,26,344450140.0,467.7185174501782,2.268381,461982820.0
cdd_24p0,mask_200,pop_SSP3,2070,1,0.0,51.07751085348155,2.554702,42907930.0
cdd_24p0,mask_200,pop_SSP3,2070,2,264367200.0,398.89816991363494,2.554702,407231700.0
cdd_24p0,mask_200,pop_SSP3,2070,3,83323270.0,428.2931606132146,2.554702,172477180.0
cdd_24p0,mask_200,pop_SSP3,2070,4,110021540.0,580.1886085314726,2.554702,131902680.0
cdd_24p0,mask_200,pop_SSP3,2070,5,194570350.0,833.9366908214914,2.554702,232856380.0
cdd_24p0,mask_200,pop_SSP3,2070,6,119156190.0,476.2001886025964,2.554702,287372580.0
cdd_24p0,mask_200,pop_SSP3,2070,7,363000960.0,748.5996047540966,2.554702,373494530.0
cdd_24p0,mask_200,pop_SSP3,2070,8,1753004000.0,1553.1374448441532,2.554702,1803212200.0
cdd_24p0,mask_200,pop_SSP3,2070,9,461578600.0,693.5647838261727,2.554702,939222000.0
cdd_24p0,mask_200,pop_SSP3,2070,10,30219764.0,206.03738379461132,2.554702,71749976.0
cdd_24p0,mask_200,pop_SSP3,2070,11,82030150.0,74.60007226405665,2.554702,430315070.0
cdd_24p0,mask_200,pop_SSP3,2070,12,17077348.0,95.45477247228631,2.554702,101163260.0
cdd_24p0,mask_200,pop_SSP3,2070,13,61417360.0,285.60252282422374,2.554702,105735150.0
cdd_24p0,mask_200,pop_SSP3,2070,14,6664852.5,112.54841847280095,2.554702,42083730.0
cdd_24p0,mask_200,pop_SSP3,2070,15,93346420.0,451.0408393009058,2.554702,131761620.0
cdd_24p0,mask_200,pop_SSP3,2070,16,30617784.0,122.58700360776378,2.554702,151516780.0
cdd_24p0,mask_200,pop_SSP3,2070,17,428391230.0,1071.3080737888206,2.554702,467048130.0
cdd_24p0,mask_200,pop_SSP3,2070,18,1789450800.0,1551.0066813601024,2.554702,1821655300.0
cdd_24p0,mask_200,pop_SSP3,2070,19,46172452.0,195.35267194915846,2.554702,62143024.0
cdd_24p0,mask_200,pop_SSP3,2070,20,948124900.0,473.3628395137619,2.554702,1177790500.0
cdd_24p0,mask_200,pop_SSP3,2070,21,513744800.0,1409.3315531805376,2.554702,521132830.0
cdd_24p0,mask_200,pop_SSP3,2070,22,346184060.0,1197.399593500022,2.554702,356155140.0
cdd_24p0,mask_200,pop_SSP3,2070,23,75094590.0,278.91174124514407,2.554702,92102504.0
cdd_24p0,mask_200,pop_SSP3,2070,24,14653337.0,159.81205216991793,2.554702,45144300.0
cdd_24p0,mask_200,pop_SSP3,2070,25,866469800.0,1344.3018387164193,2.554702,929965500.0
cdd_24p0,mask_200,pop_SSP3,2070,26,424904960.0,529.1864949937205,2.554702,537235700.0
cdd_24p0,mask_200,pop_SSP3,2080,1,0.0,64.30378370054443,2.845921,43977050.0
cdd_24p0,mask_200,pop_SSP3,2080,2,302654270.0,435.7536652037506,2.845921,425981920.0
cdd_24p0,mask_200,pop_SSP3,2080,3,89237650.0,468.9954390304104,2.845921,179385540.0
cdd_24p0,mask_200,pop_SSP3,2080,4,115963144.0,638.2303125273021,2.845921,136219100.0
cdd_24p0,mask_200,pop_SSP3,2080,5,213050200.0,910.0046281507398,2.845921,229142990.0
cdd_24p0,mask_200,pop_SSP3,2080,6,132112010.0,518.677051836301,2.845921,293904060.0
cdd_24p0,mask_200,pop_SSP3,2080,7,394338430.0,804.933098402131,2.845921,400224580.0
cdd_24p0,mask_200,pop_SSP3,2080,8,2034212400.0,1656.4824209765777,2.845921,2086932400.0
cdd_24p0,mask_200,pop_SSP3,2080,9,542128200.0,744.1913707471317,2.845921,1046764160.0
cdd_24p0,mask_200,pop_SSP3,2080,10,34046896.0,243.0136230401331,2.845921,71751544.0
cdd_24p0,mask_200,pop_SSP3,2080,11,96299140.0,87.74610783337882,2.845921,439119700.0
cdd_24p0,mask_200,pop_SSP3,2080,12,22719504.0,116.87313537969676,2.845921,99345624.0
cdd_24p0,mask_200,pop_SSP3,2080,13,79200530.0,323.2157353236406,2.845921,106874620.0
cdd_24p0,mask_200,pop_SSP3,2080,14,13225754.0,135.88197305835908,2.845921,41169890.0
cdd_24p0,mask_200,pop_SSP3,2080,15,104559496.0,492.8693690448099,2.845921,140167870.0
cdd_24p0,mask_200,pop_SSP3,2080,16,34675790.0,140.361742625013,2.845921,152507900.0
cdd_24p0,mask_200,pop_SSP3,2080,17,452993660.0,1139.211958423041,2.845921,491970240.0
cdd_24p0,mask_200,pop_SSP3,2080,18,1810639400.0,1636.8464316497864,2.845921,1841970200.0
cdd_24p0,mask_200,pop_SSP3,2080,19,46859176.0,217.47893212164263,2.845921,57913860.0
cdd_24p0,mask_200,pop_SSP3,2080,20,907771000.0,509.34740564383503,2.845921,1099774300.0
cdd_24p0,mask_200,pop_SSP3,2080,21,525926140.0,1490.5786945169175,2.845921,531978050.0
cdd_24p0,mask_200,pop_SSP3,2080,22,351863500.0,1269.138446194289,2.845921,361496830.0
cdd_24p0,mask_200,pop_SSP3,2080,23,72060120.0,302.9383552135559,2.845921,87160590.0
cdd_24p0,mask_200,pop_SSP3,2080,24,17486808.0,178.90239576684291,2.845921,47043750.0
cdd_24p0,mask_200,pop_SSP3,2080,25,937194800.0,1418.1169266704624,2.845921,1002221500.0
cdd_24p0,mask_200,pop_SSP3,2080,26,506449060.0,597.092427724277,2.845921,604655900.0
cdd_24p0,mask_200,pop_SSP3,2090,1,902816.25,82.76544413118403,3.137292,44979364.0
cdd_24p0,mask_200,pop_SSP3,2090,2,342340130.0,473.05303479554135,3.137292,444843650.0
cdd_24p0,mask_200,pop_SSP3,2090,3,96585620.0,502.29577283983355,3.137292,186358780.0
cdd_24p0,mask_200,pop_SSP3,2090,4,122895700.0,688.9516806268027,3.137292,140112080.0
cdd_24p0,mask_200,pop_SSP3,2090,5,215101220.0,979.1402704040944,3.137292,226093950.0
cdd_24p0,mask_200,pop_SSP3,2090,6,158653540.0,556.0730711423627,3.137292,299846850.0
cdd_24p0,mask_200,pop_SSP3,2090,7,421005800.0,855.1369762683843,3.137292,426195500.0
cdd_24p0,mask_200,pop_SSP3,2090,8,2291949000.0,1740.847286718351,3.137292,2344929300.0
cdd_24p0,mask_200,pop_SSP3,2090,9,605549500.0,790.0387048757694,3.137292,1143401300.0
cdd_24p0,mask_200,pop_SSP3,2090,10,34640844.0,275.165095452165,3.137292,71592950.0
cdd_24p0,mask_200,pop_SSP3,2090,11,106938350.0,101.41217719387917,3.137292,450691100.0
cdd_24p0,mask_200,pop_SSP3,2090,12,29812104.0,140.48456331298448,3.137292,99307016.0
cdd_24p0,mask_200,pop_SSP3,2090,13,83119360.0,353.4736412379125,3.137292,108132840.0
cdd_24p0,mask_200,pop_SSP3,2090,14,16720503.0,164.23684198729146,3.137292,40975320.0
cdd_24p0,mask_200,pop_SSP3,2090,15,113144670.0,534.3665181600936,3.137292,147985220.0
cdd_24p0,mask_200,pop_SSP3,2090,16,38737604.0,161.87221347836902,3.137292,155349680.0
cdd_24p0,mask_200,pop_SSP3,2090,17,478434880.0,1199.4831647618303,3.137292,516737860.0
cdd_24p0,mask_200,pop_SSP3,2090,18,1833119700.0,1720.4136278709425,3.137292,1862041900.0
cdd_24p0,mask_200,pop_SSP3,2090,19,44817170.0,241.07322507631113,3.137292,54595016.0
cdd_24p0,mask_200,pop_SSP3,2090,20,878560640.0,551.5682700782187,3.137292,1036669800.0
cdd_24p0,mask_200,pop_SSP3,2090,21,536655230.0,1568.6239123657688,3.137292,542610940.0
cdd_24p0,mask_200,pop_SSP3,2090,22,356581150.0,1332.9103748871282,3.137292,365927360.0
cdd_24p0,mask_200,pop_SSP3,2090,23,70259340.0,327.5637580982849,3.137292,83576390.0
cdd_24p0,mask_200,pop_SSP3,2090,24,26203448.0,196.30880608485808,3.137292,48830816.0
cdd_24p0,mask_200,pop_SSP3,2090,25,1001512300.0,1491.9982152694831,3.137292,1067009540.0
cdd_24p0,mask_200,pop_SSP3,2090,26,569603840.0,654.0287033140555,3.137292,659791700.0
cdd_24p0,mask_200,pop_SSP3,2100,1,3008581.0,106.56508050485611,3.422318,46129350.0
cdd_24p0,mask_200,pop_SSP3,2100,2,377466880.0,510.0063413469865,3.422318,466091900.0
cdd_24p0,mask_200,pop_SSP3,2100,3,103502080.0,526.7215230866503,3.422318,194026940.0
cdd_24p0,mask_200,pop_SSP3,2100,4,129054030.0,730.498755572583,3.422318,144284480.0
cdd_24p0,mask_200,pop_SSP3,2100,5,216007490.0,1039.1162985697736,3.422318,225164530.0
cdd_24p0,mask_200,pop_SSP3,2100,6,167189700.0,587.052482372698,3.422318,306703700.0
cdd_24p0,mask_200,pop_SSP3,2100,7,447514560.0,897.48602096414,3.422318,449408030.0
cdd_24p0,mask_200,pop_SSP3,2100,8,2509422600.0,1802.478779334255,3.422318,2563487200.0
cdd_24p0,mask_200,pop_SSP3,2100,9,678446500.0,829.6118189671814,3.422318,1230168000.0
cdd_24p0,mask_200,pop_SSP3,2100,10,37270490.0,301.29844877585276,3.422318,71287580.0
cdd_24p0,mask_200,pop_SSP3,2100,11,121387800.0,115.34402690007589,3.422318,464625340.0
cdd_24p0,mask_200,pop_SSP3,2100,12,33628544.0,165.97716705910634,3.422318,100308620.0
cdd_24p0,mask_200,pop_SSP3,2100,13,86548270.0,374.97618742574826,3.422318,109952550.0
cdd_24p0,mask_200,pop_SSP3,2100,14,21137092.0,197.47344051752506,3.422318,41067064.0
cdd_24p0,mask_200,pop_SSP3,2100,15,121371540.0,574.5722416622813,3.422318,154809780.0
cdd_24p0,mask_200,pop_SSP3,2100,16,47076052.0,187.00529005785572,3.422318,158531020.0
cdd_24p0,mask_200,pop_SSP3,2100,17,508668200.0,1250.0235662561965,3.422318,540557630.0
cdd_24p0,mask_200,pop_SSP3,2100,18,1865504500.0,1799.6169624893562,3.422318,1893265500.0
cdd_24p0,mask_200,pop_SSP3,2100,19,43547716.0,265.75269685934757,3.422318,51911252.0
cdd_24p0,mask_200,pop_SSP3,2100,20,865960600.0,599.6955138392838,3.422318,991126700.0
cdd_24p0,mask_200,pop_SSP3,2100,21,549692860.0,1641.4078561707006,3.422318,554794400.0
cdd_24p0,mask_200,pop_SSP3,2100,22,361206940.0,1386.5061222338147,3.422318,370172320.0
cdd_24p0,mask_200,pop_SSP3,2100,23,68770770.0,352.2965122699099,3.422318,80829896.0
cdd_24p0,mask_200,pop_SSP3,2100,24,27701432.0,211.47655130974283,3.422318,50759870.0
cdd_24p0,mask_200,pop_SSP3,2100,25,1061716000.0,1564.3010189514168,3.422318,1129486200.0
cdd_24p0,mask_200,pop_SSP3,2100,26,627698600.0,697.6433492692187,3.422318,706413600.0
cdd_24p0,mask_200,pop_SSP5,2040,1,0.0,23.54558187542277,1.693643,43332450.0
cdd_24p0,mask_200,pop_SSP5,2040,2,183543260.0,294.72611379053427,1.693643,380137380.0
cdd_24p0,mask_200,pop_SSP5,2040,3,56173344.0,324.9974272691585,1.693643,137109700.0
cdd_24p0,mask_200,pop_SSP5,2040,4,80231840.0,422.69082291103786,1.693643,103039730.0
cdd_24p0,mask_200,pop_SSP5,2040,5,162313920.0,620.4985927137703,1.693643,224136160.0
cdd_24p0,mask_200,pop_SSP5,2040,6,88482630.0,361.43192908792406,1.693643,240428000.0
cdd_24p0,mask_200,pop_SSP5,2040,7,236618820.0,589.0576404363954,1.693643,257347000.0
cdd_24p0,mask_200,pop_SSP5,2040,8,807080700.0,1258.0939068117384,1.693643,844544500.0
cdd_24p0,mask_200,pop_SSP5,2040,9,198338660.0,553.5112013351221,1.693643,499649440.0
cdd_24p0,mask_200,pop_SSP5,2040,10,13343406.0,125.8300236124216,1.693643,67583850.0
cdd_24p0,mask_200,pop_SSP5,2040,11,48207510.0,44.75553044767446,1.693643,444985760.0
cdd_24p0,mask_200,pop_SSP5,2040,12,2580740.5,50.820464573712286,1.693643,110979220.0
cdd_24p0,mask_200,pop_SSP5,2040,13,32948692.0,192.56435814101172,1.693643,94398980.0
cdd_24p0,mask_200,pop_SSP5,2040,14,0.0,59.52632161679382,1.693643,49036920.0
cdd_24p0,mask_200,pop_SSP5,2040,15,58394284.0,331.6627656900928,1.693643,91172590.0
cdd_24p0,mask_200,pop_SSP5,2040,16,19362642.0,74.1302654558492,1.693643,160273680.0
cdd_24p0,mask_200,pop_SSP5,2040,17,290626720.0,880.6217841547582,1.693643,345014200.0
cdd_24p0,mask_200,pop_SSP5,2040,18,1529836900.0,1303.3684553124695,1.693643,1561527600.0
cdd_24p0,mask_200,pop_SSP5,2040,19,6718599.0,129.5471517829453,1.693643,76385490.0
cdd_24p0,mask_200,pop_SSP5,2040,20,1043627260.0,361.71354487738785,1.693643,1411498900.0
cdd_24p0,mask_200,pop_SSP5,2040,21,431522940.0,1165.9102181149042,1.693643,445349380.0
cdd_24p0,mask_200,pop_SSP5,2040,22,300871550.0,984.8817090125101,1.693643,311905200.0
cdd_24p0,mask_200,pop_SSP5,2040,23,80483384.0,209.02667611541796,1.693643,114660220.0
cdd_24p0,mask_200,pop_SSP5,2040,24,7202835.0,114.29325046089363,1.693643,40330000.0
cdd_24p0,mask_200,pop_SSP5,2040,25,539473200.0,1129.216283804678,1.693643,594712060.0
cdd_24p0,mask_200,pop_SSP5,2040,26,169394880.0,359.51891114157036,1.693643,279094100.0
cdd_24p0,mask_200,pop_SSP5,2050,1,0.0,30.98630007657982,1.980731,46331800.0
cdd_24p0,mask_200,pop_SSP5,2050,2,227893680.0,325.181301881359,1.980731,402577570.0
cdd_24p0,mask_200,pop_SSP5,2050,3,58835690.0,354.0954636455413,1.980731,138332980.0
cdd_24p0,mask_200,pop_SSP5,2050,4,82687976.0,468.88771719903986,1.980731,103273816.0
cdd_24p0,mask_200,pop_SSP5,2050,5,174057400.0,684.8344303119975,1.980731,221886370.0
cdd_24p0,mask_200,pop_SSP5,2050,6,90539570.0,396.5090820169377,1.980731,242080480.0
cdd_24p0,mask_200,pop_SSP5,2050,7,254939710.0,637.221940922458,1.980731,273583650.0
cdd_24p0,mask_200,pop_SSP5,2050,8,936205300.0,1346.5298243494628,1.980731,972528600.0
cdd_24p0,mask_200,pop_SSP5,2050,9,228714110.0,594.9918332174,1.980731,557712000.0
cdd_24p0,mask_200,pop_SSP5,2050,10,15369333.0,149.57481949999152,1.980731,69496184.0
cdd_24p0,mask_200,pop_SSP5,2050,11,66242010.0,53.325320515916495,1.980731,461321340.0
cdd_24p0,mask_200,pop_SSP5,2050,12,6913817.5,62.36785063374765,1.980731,106517320.0
cdd_24p0,mask_200,pop_SSP5,2050,13,35387496.0,218.2973504010437,1.980731,96206350.0
cdd_24p0,mask_200,pop_SSP5,2050,14,156047.03,72.4858904401077,1.980731,47891656.0
cdd_24p0,mask_200,pop_SSP5,2050,15,62691412.0,366.49236933578226,1.980731,95126180.0
cdd_24p0,mask_200,pop_SSP5,2050,16,23548626.0,86.82007414160833,1.980731,161663440.0
cdd_24p0,mask_200,pop_SSP5,2050,17,321106180.0,939.3104103675583,1.980731,370126800.0
cdd_24p0,mask_200,pop_SSP5,2050,18,1537466100.0,1376.0515731370097,1.980731,1569378600.0
cdd_24p0,mask_200,pop_SSP5,2050,19,14945879.0,148.95464601586713,1.980731,73432060.0
cdd_24p0,mask_200,pop_SSP5,2050,20,1026392600.0,395.7492718487273,1.980731,1347515400.0
cdd_24p0,mask_200,pop_SSP5,2050,21,438107420.0,1241.770564734646,1.980731,449605060.0
cdd_24p0,mask_200,pop_SSP5,2050,22,304257300.0,1051.0223401778865,1.980731,314093250.0
cdd_24p0,mask_200,pop_SSP5,2050,23,81647610.0,229.63030202809665,1.980731,109667816.0
cdd_24p0,mask_200,pop_SSP5,2050,24,9722448.0,127.06853617767793,1.980731,43495732.0
cdd_24p0,mask_200,pop_SSP5,2050,25,571369000.0,1193.9606955987686,1.980731,625951600.0
cdd_24p0,mask_200,pop_SSP5,2050,26,213158600.0,407.94105281084427,1.980731,318077120.0
cdd_24p0,mask_200,pop_SSP5,2060,1,0.0,40.622811131151025,2.268381,48951268.0
cdd_24p0,mask_200,pop_SSP5,2060,2,255354290.0,361.43727028146327,2.268381,421112130.0
cdd_24p0,mask_200,pop_SSP5,2060,3,65323670.0,390.7724540777545,2.268381,136508750.0
cdd_24p0,mask_200,pop_SSP5,2060,4,82278830.0,524.3589257163442,2.268381,101067450.0
cdd_24p0,mask_200,pop_SSP5,2060,5,173544750.0,758.842742101638,2.268381,215042690.0
cdd_24p0,mask_200,pop_SSP5,2060,6,94707710.0,435.6607017214875,2.268381,238479630.0
cdd_24p0,mask_200,pop_SSP5,2060,7,268145600.0,692.3431434529416,2.268381,281909000.0
cdd_24p0,mask_200,pop_SSP5,2060,8,1040501100.0,1449.6329631466724,2.268381,1075628300.0
cdd_24p0,mask_200,pop_SSP5,2060,9,278999420.0,644.4003670240808,2.268381,599240960.0
cdd_24p0,mask_200,pop_SSP5,2060,10,19186032.0,176.46194994393883,2.268381,69534510.0
cdd_24p0,mask_200,pop_SSP5,2060,11,81968470.0,63.68382782743246,2.268381,474071840.0
cdd_24p0,mask_200,pop_SSP5,2060,12,12815073.0,78.31984718964168,2.268381,102216340.0
cdd_24p0,mask_200,pop_SSP5,2060,13,38639096.0,250.8525876963215,2.268381,95719980.0
cdd_24p0,mask_200,pop_SSP5,2060,14,2316405.0,92.02226207413466,2.268381,46516504.0
cdd_24p0,mask_200,pop_SSP5,2060,15,66772800.0,408.1052262742321,2.268381,95867900.0
cdd_24p0,mask_200,pop_SSP5,2060,16,27563666.0,104.53790634148636,2.268381,162185360.0
cdd_24p0,mask_200,pop_SSP5,2060,17,339797900.0,1004.3498973421489,2.268381,385069500.0
cdd_24p0,mask_200,pop_SSP5,2060,18,1511250700.0,1464.0092479830344,2.268381,1539514600.0
cdd_24p0,mask_200,pop_SSP5,2060,19,39107864.0,172.25662554657896,2.268381,68967150.0
cdd_24p0,mask_200,pop_SSP5,2060,20,982885600.0,434.7556706583341,2.268381,1251398500.0
cdd_24p0,mask_200,pop_SSP5,2060,21,434346500.0,1326.136838720189,2.268381,443314000.0
cdd_24p0,mask_200,pop_SSP5,2060,22,299387140.0,1124.7032751511872,2.268381,308861500.0
cdd_24p0,mask_200,pop_SSP5,2060,23,79323820.0,254.31299542969975,2.268381,105085610.0
cdd_24p0,mask_200,pop_SSP5,2060,24,13546336.0,143.12961515230157,2.268381,46211076.0
cdd_24p0,mask_200,pop_SSP5,2060,25,588887040.0,1269.1316088335782,2.268381,639516160.0
cdd_24p0,mask_200,pop_SSP5,2060,26,259201710.0,467.6543635846257,2.268381,347721730.0
cdd_24p0,mask_200,pop_SSP5,2070,1,0.0,50.990249605458715,2.554702,50957204.0
cdd_24p0,mask_200,pop_SSP5,2070,2,282439300.0,397.87828302249335,2.554702,435736060.0
cdd_24p0,mask_200,pop_SSP5,2070,3,64163624.0,428.3787758427879,2.554702,132594584.0
cdd_24p0,mask_200,pop_SSP5,2070,4,81181950.0,580.4501045154061,2.554702,97328590.0
cdd_24p0,mask_200,pop_SSP5,2070,5,170677660.0,833.2684264954449,2.554702,204266880.0
cdd_24p0,mask_200,pop_SSP5,2070,6,95736210.0,475.386751511403,2.554702,230797540.0
cdd_24p0,mask_200,pop_SSP5,2070,7,274787170.0,747.698180987838,2.554702,282730140.0
cdd_24p0,mask_200,pop_SSP5,2070,8,1118862500.0,1552.9009475556527,2.554702,1151005600.0
cdd_24p0,mask_200,pop_SSP5,2070,9,306418000.0,694.1478874021726,2.554702,623450400.0
cdd_24p0,mask_200,pop_SSP5,2070,10,28508976.0,205.22076754640048,2.554702,67827340.0
cdd_24p0,mask_200,pop_SSP5,2070,11,91647620.0,74.59599736617005,2.554702,480712100.0
cdd_24p0,mask_200,pop_SSP5,2070,12,16431835.0,95.44107499809486,2.554702,97409496.0
cdd_24p0,mask_200,pop_SSP5,2070,13,54187056.0,284.5097102494308,2.554702,93346936.0
cdd_24p0,mask_200,pop_SSP5,2070,14,7113754.0,112.51340309179483,2.554702,44880170.0
cdd_24p0,mask_200,pop_SSP5,2070,15,66871732.0,449.8403266916722,2.554702,94441750.0
cdd_24p0,mask_200,pop_SSP5,2070,16,32361224.0,122.43024145970212,2.554702,160806910.0
cdd_24p0,mask_200,pop_SSP5,2070,17,356827840.0,1069.8299528138039,2.554702,389016320.0
cdd_24p0,mask_200,pop_SSP5,2070,18,1451995600.0,1551.835957220327,2.554702,1478133200.0
cdd_24p0,mask_200,pop_SSP5,2070,19,47104970.0,195.39960316138874,2.554702,63368810.0
cdd_24p0,mask_200,pop_SSP5,2070,20,918053570.0,473.20589080625774,2.554702,1140496000.0
cdd_24p0,mask_200,pop_SSP5,2070,21,422331740.0,1409.8212855808881,2.554702,428410430.0
cdd_24p0,mask_200,pop_SSP5,2070,22,288797660.0,1197.9409816377358,2.554702,297115900.0
cdd_24p0,mask_200,pop_SSP5,2070,23,81297910.0,278.9346787102856,2.554702,99710800.0
cdd_24p0,mask_200,pop_SSP5,2070,24,15629514.0,159.8369916839398,2.554702,48151736.0
cdd_24p0,mask_200,pop_SSP5,2070,25,594570430.0,1344.1294768247433,2.554702,638131300.0
cdd_24p0,mask_200,pop_SSP5,2070,26,290218880.0,529.1469314118199,2.554702,367066000.0
cdd_24p0,mask_200,pop_SSP5,2080,1,0.0,64.20328841316783,2.845921,52262844.0
cdd_24p0,mask_200,pop_SSP5,2080,2,316484480.0,434.69401253085886,2.845921,446012320.0
cdd_24p0,mask_200,pop_SSP5,2080,3,63520740.0,469.04539873245835,2.845921,127441710.0
cdd_24p0,mask_200,pop_SSP5,2080,4,78817190.0,638.4479651943271,2.845921,92585890.0
cdd_24p0,mask_200,pop_SSP5,2080,5,177339330.0,909.2991486246696,2.845921,190735710.0
cdd_24p0,mask_200,pop_SSP5,2080,6,99017500.0,517.8123716370645,2.845921,220191060.0
cdd_24p0,mask_200,pop_SSP5,2080,7,274492930.0,803.9918292821823,2.845921,278589900.0
cdd_24p0,mask_200,pop_SSP5,2080,8,1168559000.0,1656.2359997738013,2.845921,1198967000.0
cdd_24p0,mask_200,pop_SSP5,2080,9,327016900.0,744.7743970304149,2.845921,631325600.0
cdd_24p0,mask_200,pop_SSP5,2080,10,30537384.0,242.11437491060514,2.845921,64640944.0
cdd_24p0,mask_200,pop_SSP5,2080,11,105925730.0,87.74000429304111,2.845921,482969020.0
cdd_24p0,mask_200,pop_SSP5,2080,12,21085228.0,116.85936716617064,2.845921,92288720.0
cdd_24p0,mask_200,pop_SSP5,2080,13,66495104.0,322.05155842502506,2.845921,89766420.0
cdd_24p0,mask_200,pop_SSP5,2080,14,13810372.0,135.83927252957696,2.845921,42962130.0
cdd_24p0,mask_200,pop_SSP5,2080,15,68532456.0,491.57709135585014,2.845921,91924680.0
cdd_24p0,mask_200,pop_SSP5,2080,16,35714320.0,140.1928588036249,2.845921,157745150.0
cdd_24p0,mask_200,pop_SSP5,2080,17,353729800.0,1137.7023631851098,2.845921,384154720.0
cdd_24p0,mask_200,pop_SSP5,2080,18,1366241800.0,1637.6938656523998,2.845921,1389885600.0
cdd_24p0,mask_200,pop_SSP5,2080,19,46895960.0,217.53043524607668,2.845921,57924530.0
cdd_24p0,mask_200,pop_SSP5,2080,20,851343040.0,509.1853967024243,2.845921,1031476350.0
cdd_24p0,mask_200,pop_SSP5,2080,21,402884160.0,1491.1073862457567,2.845921,407526200.0
cdd_24p0,mask_200,pop_SSP5,2080,22,273805020.0,1269.707916433268,2.845921,281301340.0
cdd_24p0,mask_200,pop_SSP5,2080,23,76754750.0,302.9629100821539,2.845921,92839010.0
cdd_24p0,mask_200,pop_SSP5,2080,24,18320026.0,178.9295259753348,2.845921,49285304.0
cdd_24p0,mask_200,pop_SSP5,2080,25,584110300.0,1417.9907680307551,2.845921,624636300.0
cdd_24p0,mask_200,pop_SSP5,2080,26,315411970.0,597.0962089929046,2.845921,376710100.0
cdd_24p0,mask_200,pop_SSP5,2090,1,995408.9,82.64928734501333,3.137292,52095904.0
cdd_24p0,mask_200,pop_SSP5,2090,2,344674850.0,471.96515713505653,3.137292,448334460.0
cdd_24p0,mask_200,pop_SSP5,2090,3,62966020.0,502.3148398418088,3.137292,121236936.0
cdd_24p0,mask_200,pop_SSP5,2090,4,76280450.0,689.1361730207169,3.137292,86967870.0
cdd_24p0,mask_200,pop_SSP5,2090,5,167254670.0,978.4025275626996,3.137292,175802430.0
cdd_24p0,mask_200,pop_SSP5,2090,6,109624424.0,555.1703700458498,3.137292,207117020.0
cdd_24p0,mask_200,pop_SSP5,2090,7,267836940.0,854.1578599364522,3.137292,271138300.0
cdd_24p0,mask_200,pop_SSP5,2090,8,1188581600.0,1740.5882645996016,3.137292,1216166100.0
cdd_24p0,mask_200,pop_SSP5,2090,9,330669120.0,790.6226788045653,3.137292,624225340.0
cdd_24p0,mask_200,pop_SSP5,2090,10,29047900.0,274.20048190247206,3.137292,60318396.0
cdd_24p0,mask_200,pop_SSP5,2090,11,112662270.0,101.4034250367398,3.137292,474767650.0
cdd_24p0,mask_200,pop_SSP5,2090,12,26187460.0,140.46922045561155,3.137292,87156970.0
cdd_24p0,mask_200,pop_SSP5,2090,13,65601960.0,352.25195050152115,3.137292,85383620.0
cdd_24p0,mask_200,pop_SSP5,2090,14,16617880.0,164.18777863307045,3.137292,40788630.0
cdd_24p0,mask_200,pop_SSP5,2090,15,67731540.0,532.9949243451179,3.137292,88606020.0
cdd_24p0,mask_200,pop_SSP5,2090,16,38030868.0,161.6946080166396,3.137292,153171410.0
cdd_24p0,mask_200,pop_SSP5,2090,17,345101250.0,1197.9448082258405,3.137292,372719740.0
cdd_24p0,mask_200,pop_SSP5,2090,18,1260267000.0,1721.265729250379,3.137292,1280144800.0
cdd_24p0,mask_200,pop_SSP5,2090,19,43213964.0,241.12899213944536,3.137292,52603030.0
cdd_24p0,mask_200,pop_SSP5,2090,20,781959230.0,551.4047720976414,3.137292,922740200.0
cdd_24p0,mask_200,pop_SSP5,2090,21,377682560.0,1569.2046986662704,3.137292,381879500.0
cdd_24p0,mask_200,pop_SSP5,2090,22,256223170.0,1333.4981926552853,3.137292,262939000.0
cdd_24p0,mask_200,pop_SSP5,2090,23,71802880.0,327.58936117437696,3.137292,85412500.0
cdd_24p0,mask_200,pop_SSP5,2090,24,26330088.0,196.33783154145814,3.137292,49066810.0
cdd_24p0,mask_200,pop_SSP5,2090,25,564523800.0,1491.91935985009,3.137292,601448960.0
cdd_24p0,mask_200,pop_SSP5,2090,26,324710270.0,654.0607030414061,3.137292,376255400.0
cdd_24p0,mask_200,pop_SSP5,2100,1,3188023.5,106.43094590789825,3.422318,49873596.0
cdd_24p0,mask_200,pop_SSP5,2100,2,355940670.0,508.9035459898577,3.422318,439881250.0
cdd_24p0,mask_200,pop_SSP5,2100,3,60654430.0,526.7156193402725,3.422318,113432290.0
cdd_24p0,mask_200,pop_SSP5,2100,4,72060584.0,730.662563126503,3.422318,80566170.0
cdd_24p0,mask_200,pop_SSP5,2100,5,153048000.0,1038.3524526588171,3.422318,159537630.0
cdd_24p0,mask_200,pop_SSP5,2100,6,104486720.0,586.1271334807476,3.422318,191616370.0
cdd_24p0,mask_200,pop_SSP5,2100,7,259778130.0,896.4720980528159,3.422318,260877220.0
cdd_24p0,mask_200,pop_SSP5,2100,8,1176541000.0,1802.2044974866712,3.422318,1201983700.0
cdd_24p0,mask_200,pop_SSP5,2100,9,333444200.0,830.1978451607587,3.422318,604439230.0
cdd_24p0,mask_200,pop_SSP5,2100,10,28859678.0,300.28889627050046,3.422318,55405904.0
cdd_24p0,mask_200,pop_SSP5,2100,11,118353530.0,115.33200433735178,3.422318,453007740.0
cdd_24p0,mask_200,pop_SSP5,2100,12,27488564.0,165.95863285208196,3.422318,81932770.0
cdd_24p0,mask_200,pop_SSP5,2100,13,63368176.0,373.71348170981184,3.422318,80546520.0
cdd_24p0,mask_200,pop_SSP5,2100,14,19761396.0,197.41960899009894,3.422318,38433052.0
cdd_24p0,mask_200,pop_SSP5,2100,15,66602132.0,573.136778395024,3.422318,84967690.0
cdd_24p0,mask_200,pop_SSP5,2100,16,43630548.0,186.82289249638197,3.422318,147491890.0
cdd_24p0,mask_200,pop_SSP5,2100,17,334776200.0,1248.4600711565158,3.422318,355755700.0
cdd_24p0,mask_200,pop_SSP5,2100,18,1141200400.0,1800.4588085916214,3.422318,1158173400.0
cdd_24p0,mask_200,pop_SSP5,2100,19,39457320.0,265.81229428482794,3.422318,47005696.0
cdd_24p0,mask_200,pop_SSP5,2100,20,720547400.0,599.534482721209,3.422318,824748540.0
cdd_24p0,mask_200,pop_SSP5,2100,21,349422850.0,1642.0540005951648,3.422318,352670080.0
cdd_24p0,mask_200,pop_SSP5,2100,22,236376720.0,1387.1011849607416,3.422318,242243790.0
cdd_24p0,mask_200,pop_SSP5,2100,23,65836324.0,352.3225149183247,3.422318,77380890.0
cdd_24p0,mask_200,pop_SSP5,2100,24,25798660.0,211.50710513672658,3.422318,47273250.0
cdd_24p0,mask_200,pop_SSP5,2100,25,537623230.0,1564.2696177673454,3.422318,571949250.0
cdd_24p0,mask_200,pop_SSP5,2100,26,326099300.0,697.686321867424,3.422318,367119550.0
cdd_24p0,mask_400,pop_SSP1,2040,1,0.0,23.56610384461284,1.693643,41337404.0
cdd_24p0,mask_400,pop_SSP1,2040,2,107932720.0,294.69973446564467,1.693643,367037060.0
cdd_24p0,mask_400,pop_SSP1,2040,3,52002144.0,324.80572902824656,1.693643,138872290.0
cdd_24p0,mask_400,pop_SSP1,2040,4,73969470.0,422.63790513180214,1.693643,105208740.0
cdd_24p0,mask_400,pop_SSP1,2040,5,128831140.0,620.5061179101947,1.693643,224225860.0
cdd_24p0,mask_400,pop_SSP1,2040,6,72874300.0,361.4864329807069,1.693643,242465470.0
cdd_24p0,mask_400,pop_SSP1,2040,7,184849120.0,589.0925280116239,1.693643,258731170.0
cdd_24p0,mask_400,pop_SSP1,2040,8,787710200.0,1258.0378436568353,1.693643,848988800.0
cdd_24p0,mask_400,pop_SSP1,2040,9,175300540.0,553.5183524680027,1.693643,504946800.0
cdd_24p0,mask_400,pop_SSP1,2040,10,4446651.0,125.87120964834196,1.693643,67584720.0
cdd_24p0,mask_400,pop_SSP1,2040,11,3220137.2,44.75621558857854,1.693643,431206400.0
cdd_24p0,mask_400,pop_SSP1,2040,12,1040611.1,50.83170012134233,1.693643,111707960.0
cdd_24p0,mask_400,pop_SSP1,2040,13,25503594.0,192.4173721533245,1.693643,94843990.0
cdd_24p0,mask_400,pop_SSP1,2040,14,0.0,59.55037703085146,1.693643,48440990.0
cdd_24p0,mask_400,pop_SSP1,2040,15,38012196.0,331.79564400721716,1.693643,92945240.0
cdd_24p0,mask_400,pop_SSP1,2040,16,5966850.0,74.07389547964398,1.693643,156855440.0
cdd_24p0,mask_400,pop_SSP1,2040,17,241224800.0,880.5166298842144,1.693643,342136600.0
cdd_24p0,mask_400,pop_SSP1,2040,18,1515151600.0,1303.1951513193078,1.693643,1563959600.0
cdd_24p0,mask_400,pop_SSP1,2040,19,0.0,129.534524578654,1.693643,76428100.0
cdd_24p0,mask_400,pop_SSP1,2040,20,749909800.0,361.7334076371044,1.693643,1414905100.0
cdd_24p0,mask_400,pop_SSP1,2040,21,420702080.0,1165.8954550674523,1.693643,445849020.0
cdd_24p0,mask_400,pop_SSP1,2040,22,292572830.0,984.8800924364962,1.693643,312030500.0
cdd_24p0,mask_400,pop_SSP1,2040,23,1390212.5,209.01053857712574,1.693643,113431120.0
cdd_24p0,mask_400,pop_SSP1,2040,24,4045941.0,114.23995410679498,1.693643,38909136.0
cdd_24p0,mask_400,pop_SSP1,2040,25,528332830.0,1129.2377796926755,1.693643,606828100.0
cdd_24p0,mask_400,pop_SSP1,2040,26,121004050.0,359.5218703367833,1.693643,281171600.0
cdd_24p0,mask_400,pop_SSP1,2050,1,0.0,31.01199647373557,1.980731,42730160.0
cdd_24p0,mask_400,pop_SSP1,2050,2,130055510.0,325.15428234648004,1.980731,379067230.0
cdd_24p0,mask_400,pop_SSP1,2050,3,54453164.0,353.89942420031906,1.980731,141275540.0
cdd_24p0,mask_400,pop_SSP1,2050,4,77301140.0,468.83533254767787,1.980731,106730440.0
cdd_24p0,mask_400,pop_SSP1,2050,5,132077470.0,684.8427487096236,1.980731,222007940.0
cdd_24p0,mask_400,pop_SSP1,2050,6,77383050.0,396.567872845898,1.980731,245458220.0
cdd_24p0,mask_400,pop_SSP1,2050,7,203261890.0,637.2584436137929,1.980731,276054530.0
cdd_24p0,mask_400,pop_SSP1,2050,8,923800000.0,1346.4714746011934,1.980731,981780860.0
cdd_24p0,mask_400,pop_SSP1,2050,9,206544770.0,595.001554872901,1.980731,567637300.0
cdd_24p0,mask_400,pop_SSP1,2050,10,6013691.0,149.62099240124036,1.980731,69499650.0
cdd_24p0,mask_400,pop_SSP1,2050,11,4552103.5,53.326702289011116,1.980731,436203360.0
cdd_24p0,mask_400,pop_SSP1,2050,12,997404.06,62.38150722077136,1.980731,107122160.0
cdd_24p0,mask_400,pop_SSP1,2050,13,27339172.0,218.14131831679285,1.980731,96936720.0
cdd_24p0,mask_400,pop_SSP1,2050,14,0.0,72.51476705311059,1.980731,46647932.0
cdd_24p0,mask_400,pop_SSP1,2050,15,50947910.0,366.6376829873366,1.980731,98202280.0
cdd_24p0,mask_400,pop_SSP1,2050,16,6303975.0,86.7583153435939,1.980731,155298020.0
cdd_24p0,mask_400,pop_SSP1,2050,17,281130300.0,939.2038419606198,1.980731,365695940.0
cdd_24p0,mask_400,pop_SSP1,2050,18,1534930700.0,1375.873518289628,1.980731,1573453300.0
cdd_24p0,mask_400,pop_SSP1,2050,19,0.0,148.94033149856628,1.980731,73376910.0
cdd_24p0,mask_400,pop_SSP1,2050,20,787369500.0,395.7700396106631,1.980731,1352791300.0
cdd_24p0,mask_400,pop_SSP1,2050,21,430100500.0,1241.7549735180853,1.980731,450295300.0
cdd_24p0,mask_400,pop_SSP1,2050,22,299639230.0,1051.020633962659,1.980731,314288030.0
cdd_24p0,mask_400,pop_SSP1,2050,23,3704510.8,229.61297110167655,1.980731,107435820.0
cdd_24p0,mask_400,pop_SSP1,2050,24,4439001.0,127.01009806123326,1.980731,40958290.0
cdd_24p0,mask_400,pop_SSP1,2050,25,566830600.0,1193.9863073689453,1.980731,647567100.0
cdd_24p0,mask_400,pop_SSP1,2050,26,151456180.0,407.9426173439869,1.980731,322151000.0
cdd_24p0,mask_400,pop_SSP1,2060,1,0.0,40.654626825976784,2.268381,43724424.0
cdd_24p0,mask_400,pop_SSP1,2060,2,147988430.0,361.4078099522819,2.268381,386854980.0
cdd_24p0,mask_400,pop_SSP1,2060,3,55796308.0,390.57342258470493,2.268381,140542530.0
cdd_24p0,mask_400,pop_SSP1,2060,4,80150110.0,524.3116444189684,2.268381,105595120.0
cdd_24p0,mask_400,pop_SSP1,2060,5,134869950.0,758.8517691611877,2.268381,215165280.0
cdd_24p0,mask_400,pop_SSP1,2060,6,83382920.0,435.7239491559826,2.268381,243065360.0
cdd_24p0,mask_400,pop_SSP1,2060,7,218087500.0,692.3816256569993,2.268381,285476380.0
cdd_24p0,mask_400,pop_SSP1,2060,8,1038648800.0,1449.5721551445597,2.268381,1090710100.0
cdd_24p0,mask_400,pop_SSP1,2060,9,232575400.0,644.411785715277,2.268381,614193150.0
cdd_24p0,mask_400,pop_SSP1,2060,10,9271976.0,176.5129399661048,2.268381,69521660.0
cdd_24p0,mask_400,pop_SSP1,2060,11,18989426.0,63.6867030883766,2.268381,437019330.0
cdd_24p0,mask_400,pop_SSP1,2060,12,952747.1,78.33675767536837,2.268381,102368690.0
cdd_24p0,mask_400,pop_SSP1,2060,13,28717966.0,250.687395546735,2.268381,96692240.0
cdd_24p0,mask_400,pop_SSP1,2060,14,0.0,92.0585395129933,2.268381,44486428.0
cdd_24p0,mask_400,pop_SSP1,2060,15,54570548.0,408.26501964787815,2.268381,100182490.0
cdd_24p0,mask_400,pop_SSP1,2060,16,7271278.0,104.46819754540182,2.268381,152653250.0
cdd_24p0,mask_400,pop_SSP1,2060,17,297750460.0,1004.2417762722954,2.268381,379247300.0
cdd_24p0,mask_400,pop_SSP1,2060,18,1508371500.0,1463.8268153474228,2.268381,1545084400.0
cdd_24p0,mask_400,pop_SSP1,2060,19,0.0,172.2402752666458,2.268381,68708940.0
cdd_24p0,mask_400,pop_SSP1,2060,20,807099900.0,434.77731633763943,2.268381,1258049700.0
cdd_24p0,mask_400,pop_SSP1,2060,21,426509950.0,1326.1203517608685,2.268381,444014660.0
cdd_24p0,mask_400,pop_SSP1,2060,22,297536480.0,1124.7014659180347,2.268381,309094800.0
cdd_24p0,mask_400,pop_SSP1,2060,23,11748200.0,254.29395018916347,2.268381,101781510.0
cdd_24p0,mask_400,pop_SSP1,2060,24,4988969.0,143.06518285466174,2.268381,42555550.0
cdd_24p0,mask_400,pop_SSP1,2060,25,593866800.0,1269.152098251606,2.268381,671092740.0
cdd_24p0,mask_400,pop_SSP1,2060,26,192190930.0,467.65413225122353,2.268381,354106900.0
cdd_24p0,mask_400,pop_SSP1,2070,1,0.0,51.02800631428802,2.554702,44364012.0
cdd_24p0,mask_400,pop_SSP1,2070,2,163194430.0,397.84619314093595,2.554702,392172800.0
cdd_24p0,mask_400,pop_SSP1,2070,3,55597164.0,428.1768309303621,2.554702,137426370.0
cdd_24p0,mask_400,pop_SSP1,2070,4,79860690.0,580.4084546490448,2.554702,102546620.0
cdd_24p0,mask_400,pop_SSP1,2070,5,137141820.0,833.2781632244984,2.554702,204359040.0
cdd_24p0,mask_400,pop_SSP1,2070,6,82926680.0,475.4543129588159,2.554702,236221260.0
cdd_24p0,mask_400,pop_SSP1,2070,7,232119000.0,747.738602435001,2.554702,287188320.0
cdd_24p0,mask_400,pop_SSP1,2070,8,1119523600.0,1552.8376500336194,2.554702,1171714300.0
cdd_24p0,mask_400,pop_SSP1,2070,9,254791800.0,694.1608986053604,2.554702,642925440.0
cdd_24p0,mask_400,pop_SSP1,2070,10,11205491.0,205.276584477233,2.554702,67755464.0
cdd_24p0,mask_400,pop_SSP1,2070,11,24951740.0,74.6005092293753,2.554702,433117380.0
cdd_24p0,mask_400,pop_SSP1,2070,12,1193084.8,95.46153369617664,2.554702,96934740.0
cdd_24p0,mask_400,pop_SSP1,2070,13,30477796.0,284.33543012230314,2.554702,94466090.0
cdd_24p0,mask_400,pop_SSP1,2070,14,0.0,112.55743158464546,2.554702,42106644.0
cdd_24p0,mask_400,pop_SSP1,2070,15,57899796.0,450.0145449618084,2.554702,99628890.0
cdd_24p0,mask_400,pop_SSP1,2070,16,9258385.0,122.35270428654256,2.554702,148472910.0
cdd_24p0,mask_400,pop_SSP1,2070,17,311650880.0,1069.7202835779528,2.554702,382055680.0
cdd_24p0,mask_400,pop_SSP1,2070,18,1452788100.0,1551.6497028203682,2.554702,1484759600.0
cdd_24p0,mask_400,pop_SSP1,2070,19,0.0,195.38126374641234,2.554702,62868164.0
cdd_24p0,mask_400,pop_SSP1,2070,20,781379260.0,473.22837210621293,2.554702,1147859800.0
cdd_24p0,mask_400,pop_SSP1,2070,21,415237000.0,1409.8039179801267,2.554702,428890880.0
cdd_24p0,mask_400,pop_SSP1,2070,22,287911780.0,1197.9390704223501,2.554702,297357660.0
cdd_24p0,mask_400,pop_SSP1,2070,23,27785600.0,278.913948592848,2.554702,95463000.0
cdd_24p0,mask_400,pop_SSP1,2070,24,5276251.5,159.76652142552473,2.554702,43537636.0
cdd_24p0,mask_400,pop_SSP1,2070,25,607900160.0,1344.1432544138224,2.554702,677983000.0
cdd_24p0,mask_400,pop_SSP1,2070,26,225663780.0,529.144685888123,2.554702,375558880.0
cdd_24p0,mask_400,pop_SSP1,2080,1,0.0,64.24615403400449,2.845921,44620250.0
cdd_24p0,mask_400,pop_SSP1,2080,2,175955710.0,434.6589404269299,2.845921,395203330.0
cdd_24p0,mask_400,pop_SSP1,2080,3,55170136.0,468.8403517985552,2.845921,132715140.0
cdd_24p0,mask_400,pop_SSP1,2080,4,77588310.0,638.4130125885259,2.845921,98098780.0
cdd_24p0,mask_400,pop_SSP1,2080,5,134544350.0,909.3096521001615,2.845921,190773550.0
cdd_24p0,mask_400,pop_SSP1,2080,6,82676760.0,517.8837458403365,2.845921,226005010.0
cdd_24p0,mask_400,pop_SSP1,2080,7,239356770.0,804.0339779282914,2.845921,283658080.0
cdd_24p0,mask_400,pop_SSP1,2080,8,1176814300.0,1656.1700380351517,2.845921,1224136200.0
cdd_24p0,mask_400,pop_SSP1,2080,9,269032640.0,744.7888819964836,2.845921,654119700.0
cdd_24p0,mask_400,pop_SSP1,2080,10,12780129.0,242.1752945709359,2.845921,64471650.0
cdd_24p0,mask_400,pop_SSP1,2080,11,36786750.0,87.74658197993494,2.845921,426984860.0
cdd_24p0,mask_400,pop_SSP1,2080,12,2062476.1,116.88451214404785,2.845921,91174940.0
cdd_24p0,mask_400,pop_SSP1,2080,13,31351410.0,321.86819267499015,2.845921,90921100.0
cdd_24p0,mask_400,pop_SSP1,2080,14,0.0,135.89204919108073,2.845921,39598330.0
cdd_24p0,mask_400,pop_SSP1,2080,15,57943910.0,491.7654115612238,2.845921,97576300.0
cdd_24p0,mask_400,pop_SSP1,2080,16,12672262.0,140.10850994745,2.845921,143305800.0
cdd_24p0,mask_400,pop_SSP1,2080,17,314590600.0,1137.5911495547796,2.845921,376284930.0
cdd_24p0,mask_400,pop_SSP1,2080,18,1368320900.0,1637.5059139092953,2.845921,1396979000.0
cdd_24p0,mask_400,pop_SSP1,2080,19,0.0,217.5103391973363,2.845921,57179110.0
cdd_24p0,mask_400,pop_SSP1,2080,20,735507140.0,509.20857211108626,2.845921,1038973760.0
cdd_24p0,mask_400,pop_SSP1,2080,21,396202800.0,1491.0891904499879,2.845921,407564600.0
cdd_24p0,mask_400,pop_SSP1,2080,22,272790880.0,1269.705907965247,2.845921,281531460.0
cdd_24p0,mask_400,pop_SSP1,2080,23,31750272.0,302.9407185389352,2.845921,87863890.0
cdd_24p0,mask_400,pop_SSP1,2080,24,5735727.5,178.85286591073665,2.845921,43898824.0
cdd_24p0,mask_400,pop_SSP1,2080,25,606186600.0,1417.9936175445441,2.845921,669882750.0
cdd_24p0,mask_400,pop_SSP1,2080,26,263923650.0,597.0910614906968,2.845921,386785280.0
cdd_24p0,mask_400,pop_SSP1,2090,1,0.0,82.69831463627868,3.137292,43763460.0
cdd_24p0,mask_400,pop_SSP1,2090,2,190114300.0,471.9324099698086,3.137292,392706430.0
cdd_24p0,mask_400,pop_SSP1,2090,3,54806664.0,502.1076005351154,3.137292,126606850.0
cdd_24p0,mask_400,pop_SSP1,2090,4,75390000.0,689.1062804938385,3.137292,92409900.0
cdd_24p0,mask_400,pop_SSP1,2090,5,130719576.0,978.4135536457866,3.137292,175775840.0
cdd_24p0,mask_400,pop_SSP1,2090,6,79910120.0,555.244446626828,3.137292,212886300.0
cdd_24p0,mask_400,pop_SSP1,2090,7,246923330.0,854.2016006037031,3.137292,276513900.0
cdd_24p0,mask_400,pop_SSP1,2090,8,1201338500.0,1740.5203834953775,3.137292,1243985900.0
cdd_24p0,mask_400,pop_SSP1,2090,9,294687780.0,790.6382746218587,3.137292,648780400.0
cdd_24p0,mask_400,pop_SSP1,2090,10,13244207.0,274.2654891099558,3.137292,60033336.0
cdd_24p0,mask_400,pop_SSP1,2090,11,45093680.0,101.41272466344572,3.137292,413250300.0
cdd_24p0,mask_400,pop_SSP1,2090,12,4448896.5,140.49917824874223,3.137292,85553730.0
cdd_24p0,mask_400,pop_SSP1,2090,13,30157328.0,352.0609656092743,3.137292,86465120.0
cdd_24p0,mask_400,pop_SSP1,2090,14,0.0,164.24816746231633,3.137292,37064172.0
cdd_24p0,mask_400,pop_SSP1,2090,15,60213896.0,533.1955806904791,3.137292,94346904.0
cdd_24p0,mask_400,pop_SSP1,2090,16,17229288.0,161.6048255445812,3.137292,137513820.0
cdd_24p0,mask_400,pop_SSP1,2090,17,308506850.0,1197.8321142388331,3.137292,364307700.0
cdd_24p0,mask_400,pop_SSP1,2090,18,1260677900.0,1721.0789854767165,3.137292,1287154300.0
cdd_24p0,mask_400,pop_SSP1,2090,19,42503.586,241.10711779844362,3.137292,51643520.0
cdd_24p0,mask_400,pop_SSP1,2090,20,675531840.0,551.4282934795232,3.137292,929867260.0
cdd_24p0,mask_400,pop_SSP1,2090,21,372125120.0,1569.1856883135051,3.137292,381329660.0
cdd_24p0,mask_400,pop_SSP1,2090,22,255434460.0,1333.496122379243,3.137292,263148960.0
cdd_24p0,mask_400,pop_SSP1,2090,23,45339972.0,327.5662231780834,3.137292,80022490.0
cdd_24p0,mask_400,pop_SSP1,2090,24,6373846.5,196.2558165041835,3.137292,43116236.0
cdd_24p0,mask_400,pop_SSP1,2090,25,592201660.0,1491.910530900558,3.137292,648921200.0
cdd_24p0,mask_400,pop_SSP1,2090,26,279920900.0,654.0536398346075,3.137292,387177100.0
cdd_24p0,mask_400,pop_SSP1,2100,1,0.0,106.48715351657027,3.422318,41334500.0
cdd_24p0,mask_400,pop_SSP1,2100,2,214327730.0,508.8789012211972,3.422318,382343550.0
cdd_24p0,mask_400,pop_SSP1,2100,3,55885176.0,526.5072358227296,3.422318,118474700.0
cdd_24p0,mask_400,pop_SSP1,2100,4,71313020.0,730.6358192984561,3.422318,85604180.0
cdd_24p0,mask_400,pop_SSP1,2100,5,126207176.0,1038.36372150592,3.422318,159448770.0
cdd_24p0,mask_400,pop_SSP1,2100,6,75450880.0,586.2026323967062,3.422318,196914220.0
cdd_24p0,mask_400,pop_SSP1,2100,7,240780940.0,896.5172466803987,3.422318,266232200.0
cdd_24p0,mask_400,pop_SSP1,2100,8,1195475100.0,1802.135558062508,3.422318,1230346500.0
cdd_24p0,mask_400,pop_SSP1,2100,9,294162500.0,830.2141283780272,3.422318,629134000.0
cdd_24p0,mask_400,pop_SSP1,2100,10,14173452.0,300.3567845884182,3.422318,55014532.0
cdd_24p0,mask_400,pop_SSP1,2100,11,52636944.0,115.34468575227899,3.422318,389888200.0
cdd_24p0,mask_400,pop_SSP1,2100,12,7899299.5,165.9934348844226,3.422318,80128870.0
cdd_24p0,mask_400,pop_SSP1,2100,13,29926644.0,373.5166587499137,3.422318,81469210.0
cdd_24p0,mask_400,pop_SSP1,2100,14,79949.89,197.48619206945884,3.422318,34660790.0
cdd_24p0,mask_400,pop_SSP1,2100,15,58802348.0,573.3475556149175,3.422318,90474380.0
cdd_24p0,mask_400,pop_SSP1,2100,16,18958760.0,186.72931152385777,3.422318,131682300.0
cdd_24p0,mask_400,pop_SSP1,2100,17,302382800.0,1248.3460002373884,3.422318,347380600.0
cdd_24p0,mask_400,pop_SSP1,2100,18,1143312800.0,1800.2764370035259,3.422318,1164688100.0
cdd_24p0,mask_400,pop_SSP1,2100,19,955519.8,265.78865760544414,3.422318,45889290.0
cdd_24p0,mask_400,pop_SSP1,2100,20,622105900.0,599.5579599498365,3.422318,831249700.0
cdd_24p0,mask_400,pop_SSP1,2100,21,346496640.0,1642.0342088703187,3.422318,351520450.0
cdd_24p0,mask_400,pop_SSP1,2100,22,235738130.0,1387.0990931906324,3.422318,242425780.0
cdd_24p0,mask_400,pop_SSP1,2100,23,45247904.0,352.29901727081716,3.422318,71976080.0
cdd_24p0,mask_400,pop_SSP1,2100,24,7279930.0,211.42077179336377,3.422318,41043690.0
cdd_24p0,mask_400,pop_SSP1,2100,25,564472400.0,1564.2485471298726,3.422318,618490500.0
cdd_24p0,mask_400,pop_SSP1,2100,26,288313500.0,697.6784691002518,3.422318,378042140.0
cdd_24p0,mask_400,pop_SSP2,2040,1,0.0,23.568171564342066,1.693643,41235690.0
cdd_24p0,mask_400,pop_SSP2,2040,2,108089430.0,295.04685578438324,1.693643,367379520.0
cdd_24p0,mask_400,pop_SSP2,2040,3,53363996.0,324.81438371368387,1.693643,142523300.0
cdd_24p0,mask_400,pop_SSP2,2040,4,76319380.0,422.51966435392995,1.693643,108550970.0
cdd_24p0,mask_400,pop_SSP2,2040,5,130912620.0,620.7248963021497,1.693643,227847470.0
cdd_24p0,mask_400,pop_SSP2,2040,6,74564820.0,361.7308089727269,1.693643,248099980.0
cdd_24p0,mask_400,pop_SSP2,2040,7,190991860.0,589.4255978306282,1.693643,267329170.0
cdd_24p0,mask_400,pop_SSP2,2040,8,846730500.0,1258.267971272586,1.693643,912532350.0
cdd_24p0,mask_400,pop_SSP2,2040,9,186329090.0,553.1367212694513,1.693643,536728770.0
cdd_24p0,mask_400,pop_SSP2,2040,10,4463682.5,126.15682253560374,1.693643,67723840.0
cdd_24p0,mask_400,pop_SSP2,2040,11,3208409.5,44.756190318172905,1.693643,429634530.0
cdd_24p0,mask_400,pop_SSP2,2040,12,1034970.25,50.83041995261543,1.693643,111103150.0
cdd_24p0,mask_400,pop_SSP2,2040,13,25698816.0,192.98745088943363,1.693643,95478960.0
cdd_24p0,mask_400,pop_SSP2,2040,14,0.0,59.54991485469424,1.693643,48097216.0
cdd_24p0,mask_400,pop_SSP2,2040,15,39207270.0,332.16215340881877,1.693643,95847944.0
cdd_24p0,mask_400,pop_SSP2,2040,16,5955553.0,74.14472023900522,1.693643,156275730.0
cdd_24p0,mask_400,pop_SSP2,2040,17,248226430.0,881.1922138256573,1.693643,352059260.0
cdd_24p0,mask_400,pop_SSP2,2040,18,1554767400.0,1302.9388625095821,1.693643,1604890600.0
cdd_24p0,mask_400,pop_SSP2,2040,19,0.0,129.52602123081346,1.693643,76008750.0
cdd_24p0,mask_400,pop_SSP2,2040,20,747443260.0,361.6974448110714,1.693643,1410251500.0
cdd_24p0,mask_400,pop_SSP2,2040,21,431001250.0,1165.763111369682,1.693643,456747040.0
cdd_24p0,mask_400,pop_SSP2,2040,22,298903740.0,984.6769251874172,1.693643,318782430.0
cdd_24p0,mask_400,pop_SSP2,2040,23,1377555.6,209.00564594826005,1.693643,112398424.0
cdd_24p0,mask_400,pop_SSP2,2040,24,4063576.2,114.25992112869675,1.693643,39078732.0
cdd_24p0,mask_400,pop_SSP2,2040,25,549302100.0,1129.3107679827842,1.693643,630920060.0
cdd_24p0,mask_400,pop_SSP2,2040,26,128240744.0,359.5772003966745,1.693643,297976000.0
cdd_24p0,mask_400,pop_SSP2,2050,1,0.0,31.01458734460221,1.980731,42558132.0
cdd_24p0,mask_400,pop_SSP2,2050,2,130517430.0,325.5155128753756,1.980731,380150100.0
cdd_24p0,mask_400,pop_SSP2,2050,3,56951736.0,353.91820643768995,1.980731,147781920.0
cdd_24p0,mask_400,pop_SSP2,2050,4,81546540.0,468.7184344980076,1.980731,112591950.0
cdd_24p0,mask_400,pop_SSP2,2050,5,135660290.0,685.0771056718428,1.980731,228028000.0
cdd_24p0,mask_400,pop_SSP2,2050,6,80550560.0,396.8331505670293,1.980731,255523500.0
cdd_24p0,mask_400,pop_SSP2,2050,7,215641020.0,637.6079623792139,1.980731,292867360.0
cdd_24p0,mask_400,pop_SSP2,2050,8,1046346900.0,1346.712264668442,1.980731,1111875200.0
cdd_24p0,mask_400,pop_SSP2,2050,9,228616690.0,594.6218495561128,1.980731,628347100.0
cdd_24p0,mask_400,pop_SSP2,2050,10,6069064.0,149.941907199481,1.980731,69606420.0
cdd_24p0,mask_400,pop_SSP2,2050,11,4525543.0,53.32658734668132,1.980731,433655460.0
cdd_24p0,mask_400,pop_SSP2,2050,12,988213.9,62.37990789590574,1.980731,106137620.0
cdd_24p0,mask_400,pop_SSP2,2050,13,27639360.0,218.74954136305112,1.980731,97837060.0
cdd_24p0,mask_400,pop_SSP2,2050,14,0.0,72.51417248723634,1.980731,46139016.0
cdd_24p0,mask_400,pop_SSP2,2050,15,54021052.0,367.03660381159165,1.980731,104102540.0
cdd_24p0,mask_400,pop_SSP2,2050,16,6294748.0,86.83537015652361,1.980731,154594640.0
cdd_24p0,mask_400,pop_SSP2,2050,17,295219840.0,939.8939032900925,1.980731,384014180.0
cdd_24p0,mask_400,pop_SSP2,2050,18,1603973500.0,1375.6083290756449,1.980731,1644272400.0
cdd_24p0,mask_400,pop_SSP2,2050,19,0.0,148.93049992638504,1.980731,72344100.0
cdd_24p0,mask_400,pop_SSP2,2050,20,779531460.0,395.7329785710329,1.980731,1339330600.0
cdd_24p0,mask_400,pop_SSP2,2050,21,448714800.0,1241.6121726646443,1.980731,469752540.0
cdd_24p0,mask_400,pop_SSP2,2050,22,311081540.0,1050.8058793758514,1.980731,326289730.0
cdd_24p0,mask_400,pop_SSP2,2050,23,3645700.2,229.60771932188956,1.980731,105730216.0
cdd_24p0,mask_400,pop_SSP2,2050,24,4476228.0,127.03199080020205,1.980731,41301784.0
cdd_24p0,mask_400,pop_SSP2,2050,25,608018300.0,1194.0718553564511,1.980731,694634560.0
cdd_24p0,mask_400,pop_SSP2,2050,26,167079900.0,407.993665860049,1.980731,355352580.0
cdd_24p0,mask_400,pop_SSP2,2060,1,0.0,40.657840961117955,2.268381,43672144.0
cdd_24p0,mask_400,pop_SSP2,2060,2,149512740.0,361.7844147832096,2.268381,390528700.0
cdd_24p0,mask_400,pop_SSP2,2060,3,59702170.0,390.60653711804537,2.268381,150414260.0
cdd_24p0,mask_400,pop_SSP2,2060,4,86678440.0,524.206557108872,2.268381,114195710.0
cdd_24p0,mask_400,pop_SSP2,2060,5,140252420.0,759.1017032738134,2.268381,223749180.0
cdd_24p0,mask_400,pop_SSP2,2060,6,88556030.0,436.01118413762964,2.268381,258169620.0
cdd_24p0,mask_400,pop_SSP2,2060,7,238198200.0,692.7504465751356,2.268381,311802100.0
cdd_24p0,mask_400,pop_SSP2,2060,8,1243449300.0,1449.82584925479,2.268381,1305529200.0
cdd_24p0,mask_400,pop_SSP2,2060,9,268783870.0,644.0297007348898,2.268381,709911600.0
cdd_24p0,mask_400,pop_SSP2,2060,10,9373805.0,176.86860969168256,2.268381,69768220.0
cdd_24p0,mask_400,pop_SSP2,2060,11,18897734.0,63.68638533989219,2.268381,434905060.0
cdd_24p0,mask_400,pop_SSP2,2060,12,943417.0,78.3346975424828,2.268381,101370700.0
cdd_24p0,mask_400,pop_SSP2,2060,13,29120808.0,251.33585406152082,2.268381,97814136.0
cdd_24p0,mask_400,pop_SSP2,2060,14,0.0,92.05774049086652,2.268381,43993936.0
cdd_24p0,mask_400,pop_SSP2,2060,15,59690084.0,408.7008912203965,2.268381,109548380.0
cdd_24p0,mask_400,pop_SSP2,2060,16,7283891.5,104.55305189503545,2.268381,152312130.0
cdd_24p0,mask_400,pop_SSP2,2060,17,319241300.0,1004.9437546811376,2.268381,406616400.0
cdd_24p0,mask_400,pop_SSP2,2060,18,1609569200.0,1463.5529226401559,2.268381,1648807700.0
cdd_24p0,mask_400,pop_SSP2,2060,19,0.0,172.22882544973564,2.268381,67111020.0
cdd_24p0,mask_400,pop_SSP2,2060,20,792233600.0,434.7395250688538,2.268381,1234886400.0
cdd_24p0,mask_400,pop_SSP2,2060,21,454405060.0,1325.9598722701073,2.268381,473015070.0
cdd_24p0,mask_400,pop_SSP2,2060,22,315067650.0,1124.4734603951904,2.268381,327306980.0
cdd_24p0,mask_400,pop_SSP2,2060,23,11484509.0,254.2881799376413,2.268381,99497010.0
cdd_24p0,mask_400,pop_SSP2,2060,24,5066225.0,143.08932016520015,2.268381,43214544.0
cdd_24p0,mask_400,pop_SSP2,2060,25,660300400.0,1269.23301867762,2.268381,746201660.0
cdd_24p0,mask_400,pop_SSP2,2060,26,221124560.0,467.69736909201646,2.268381,407346560.0
cdd_24p0,mask_400,pop_SSP2,2070,1,0.0,51.0318733767227,2.554702,44633880.0
cdd_24p0,mask_400,pop_SSP2,2070,2,166667790.0,398.2382154622913,2.554702,400180160.0
cdd_24p0,mask_400,pop_SSP2,2070,3,61047140.0,428.22466822259815,2.554702,150940340.0
cdd_24p0,mask_400,pop_SSP2,2070,4,88814030.0,580.3163800296057,2.554702,114043016.0
cdd_24p0,mask_400,pop_SSP2,2070,5,144880640.0,833.5433986582657,2.554702,215887780.0
cdd_24p0,mask_400,pop_SSP2,2070,6,90133260.0,475.7629711107406,2.554702,256786940.0
cdd_24p0,mask_400,pop_SSP2,2070,7,261452450.0,748.126349615248,2.554702,323482020.0
cdd_24p0,mask_400,pop_SSP2,2070,8,1416528800.0,1553.1039669444372,2.554702,1482260500.0
cdd_24p0,mask_400,pop_SSP2,2070,9,307335420.0,693.7761051107032,2.554702,775675140.0
cdd_24p0,mask_400,pop_SSP2,2070,10,11434774.0,205.66746392258614,2.554702,68638130.0
cdd_24p0,mask_400,pop_SSP2,2070,11,25000992.0,74.59996733718793,2.554702,433964700.0
cdd_24p0,mask_400,pop_SSP2,2070,12,1184832.6,95.45896908395072,2.554702,96273770.0
cdd_24p0,mask_400,pop_SSP2,2070,13,31051106.0,285.02407740154894,2.554702,95941550.0
cdd_24p0,mask_400,pop_SSP2,2070,14,0.0,112.5564096049803,2.554702,41861824.0
cdd_24p0,mask_400,pop_SSP2,2070,15,65449690.0,450.4871058386471,2.554702,112581130.0
cdd_24p0,mask_400,pop_SSP2,2070,16,9338956.0,122.44532608389362,2.554702,149028450.0
cdd_24p0,mask_400,pop_SSP2,2070,17,341571000.0,1070.4344538341081,2.554702,418741570.0
cdd_24p0,mask_400,pop_SSP2,2070,18,1587656000.0,1551.3674893851057,2.554702,1622686700.0
cdd_24p0,mask_400,pop_SSP2,2070,19,0.0,195.3682646764542,2.554702,61197800.0
cdd_24p0,mask_400,pop_SSP2,2070,20,763433660.0,473.1899473201548,2.554702,1121519900.0
cdd_24p0,mask_400,pop_SSP2,2070,21,453569400.0,1409.6258033302033,2.554702,468443650.0
cdd_24p0,mask_400,pop_SSP2,2070,22,312993340.0,1197.6979514059583,2.554702,323262140.0
cdd_24p0,mask_400,pop_SSP2,2070,23,26991352.0,278.9076689604443,2.554702,92734200.0
cdd_24p0,mask_400,pop_SSP2,2070,24,5412755.0,159.79291952220754,2.554702,44664010.0
cdd_24p0,mask_400,pop_SSP2,2070,25,701659900.0,1344.2164071846885,2.554702,782588300.0
cdd_24p0,mask_400,pop_SSP2,2070,26,270880320.0,529.1777158762875,2.554702,450714980.0
cdd_24p0,mask_400,pop_SSP2,2080,1,0.0,64.25079484500903,2.845921,45265812.0
cdd_24p0,mask_400,pop_SSP2,2080,2,181547120.0,435.0667550237446,2.845921,407399500.0
cdd_24p0,mask_400,pop_SSP2,2080,3,62201350.0,468.90384244835,2.845921,149714400.0
cdd_24p0,mask_400,pop_SSP2,2080,4,88898050.0,638.3363636392031,2.845921,112397820.0
cdd_24p0,mask_400,pop_SSP2,2080,5,144820320.0,909.589582484509,2.845921,205340940.0
cdd_24p0,mask_400,pop_SSP2,2080,6,92161464.0,518.212018134041,2.845921,251980200.0
cdd_24p0,mask_400,pop_SSP2,2080,7,278760930.0,804.4388721429094,2.845921,330356480.0
cdd_24p0,mask_400,pop_SSP2,2080,8,1570171100.0,1656.447555749619,2.845921,1632995200.0
cdd_24p0,mask_400,pop_SSP2,2080,9,337908220.0,744.4011963673747,2.845921,821835840.0
cdd_24p0,mask_400,pop_SSP2,2080,10,13274930.0,242.60482583247736,2.845921,66502090.0
cdd_24p0,mask_400,pop_SSP2,2080,11,37320880.0,87.74575094734168,2.845921,433175170.0
cdd_24p0,mask_400,pop_SSP2,2080,12,2065751.8,116.88128058207083,2.845921,91335220.0
cdd_24p0,mask_400,pop_SSP2,2080,13,32197976.0,322.59769503714057,2.845921,93042460.0
cdd_24p0,mask_400,pop_SSP2,2080,14,0.0,135.89073879400544,2.845921,39881184.0
cdd_24p0,mask_400,pop_SSP2,2080,15,67890376.0,492.2735210946623,2.845921,114282900.0
cdd_24p0,mask_400,pop_SSP2,2080,16,12924913.0,140.20856976897707,2.845921,145581340.0
cdd_24p0,mask_400,pop_SSP2,2080,17,353248420.0,1138.319937385975,2.845921,422534880.0
cdd_24p0,mask_400,pop_SSP2,2080,18,1536369500.0,1637.2166466898314,2.845921,1568660100.0
cdd_24p0,mask_400,pop_SSP2,2080,19,0.0,217.49611775520944,2.845921,55754692.0
cdd_24p0,mask_400,pop_SSP2,2080,20,718314400.0,509.1697910246974,2.845921,1014721300.0
cdd_24p0,mask_400,pop_SSP2,2080,21,445172930.0,1490.8951907389753,2.845921,457892400.0
cdd_24p0,mask_400,pop_SSP2,2080,22,305555260.0,1269.4522844137232,2.845921,315345660.0
cdd_24p0,mask_400,pop_SSP2,2080,23,31056466.0,302.93399846511244,2.845921,85943896.0
cdd_24p0,mask_400,pop_SSP2,2080,24,5962270.0,178.88158098428673,2.845921,45632690.0
cdd_24p0,mask_400,pop_SSP2,2080,25,726156900.0,1418.0505518660088,2.845921,802491800.0
cdd_24p0,mask_400,pop_SSP2,2080,26,329792160.0,597.1043233550351,2.845921,483205730.0
cdd_24p0,mask_400,pop_SSP2,2090,1,0.0,82.70383624964353,3.137292,45264700.0
cdd_24p0,mask_400,pop_SSP2,2090,2,198524350.0,472.3496786788262,3.137292,409720960.0
cdd_24p0,mask_400,pop_SSP2,2090,3,63720616.0,502.18446821079215,3.137292,147301260.0
cdd_24p0,mask_400,pop_SSP2,2090,4,89371580.0,689.0412969932408,3.137292,109547370.0
cdd_24p0,mask_400,pop_SSP2,2090,5,144014290.0,978.7062797906661,3.137292,193650340.0
cdd_24p0,mask_400,pop_SSP2,2090,6,91763790.0,555.587319323461,3.137292,244516750.0
cdd_24p0,mask_400,pop_SSP2,2090,7,297996450.0,854.622807150311,3.137292,333708300.0
cdd_24p0,mask_400,pop_SSP2,2090,8,1688872000.0,1740.8093420312007,3.137292,1748499300.0
cdd_24p0,mask_400,pop_SSP2,2090,9,386270800.0,790.2477409946214,3.137292,850514400.0
cdd_24p0,mask_400,pop_SSP2,2090,10,14165972.0,274.7256804654201,3.137292,63799784.0
cdd_24p0,mask_400,pop_SSP2,2090,11,46986010.0,101.41149901706096,3.137292,430576960.0
cdd_24p0,mask_400,pop_SSP2,2090,12,4532925.0,140.49525903034666,3.137292,87182820.0
cdd_24p0,mask_400,pop_SSP2,2090,13,31349628.0,352.82389878801575,3.137292,89494320.0
cdd_24p0,mask_400,pop_SSP2,2090,14,0.0,164.24665062527788,3.137292,38088804.0
cdd_24p0,mask_400,pop_SSP2,2090,15,73336616.0,533.7344351911305,3.137292,114867560.0
cdd_24p0,mask_400,pop_SSP2,2090,16,17878596.0,161.71054883716897,3.137292,142233840.0
cdd_24p0,mask_400,pop_SSP2,2090,17,356772380.0,1198.574416932301,3.137292,421313020.0
cdd_24p0,mask_400,pop_SSP2,2090,18,1467114600.0,1720.7873023550171,3.137292,1498046700.0
cdd_24p0,mask_400,pop_SSP2,2090,19,41722.22,241.09146202253308,3.137292,50695056.0
cdd_24p0,mask_400,pop_SSP2,2090,20,663931600.0,551.3899400236609,3.137292,913915000.0
cdd_24p0,mask_400,pop_SSP2,2090,21,432147400.0,1568.9699759890823,3.137292,442814980.0
cdd_24p0,mask_400,pop_SSP2,2090,22,295152400.0,1333.2343235314784,3.137292,304066370.0
cdd_24p0,mask_400,pop_SSP2,2090,23,45452668.0,327.55922255944853,3.137292,80221390.0
cdd_24p0,mask_400,pop_SSP2,2090,24,6795860.0,196.28653575570573,3.137292,45970976.0
cdd_24p0,mask_400,pop_SSP2,2090,25,738118800.0,1491.9510405720284,3.137292,808838660.0
cdd_24p0,mask_400,pop_SSP2,2090,26,363428030.0,654.0542516079585,3.137292,502567100.0
cdd_24p0,mask_400,pop_SSP2,2100,1,0.0,106.49365383547043,3.422318,44719280.0
cdd_24p0,mask_400,pop_SSP2,2100,2,229151460.0,509.2984508709146,3.422318,408499700.0
cdd_24p0,mask_400,pop_SSP2,2100,3,67963650.0,526.594681219295,3.422318,144189000.0
cdd_24p0,mask_400,pop_SSP2,2100,4,88338770.0,730.5781102805357,3.422318,106041360.0
cdd_24p0,mask_400,pop_SSP2,2100,5,144241000.0,1038.6668713519737,3.422318,182229540.0
cdd_24p0,mask_400,pop_SSP2,2100,6,90264350.0,586.5542720644485,3.422318,235626800.0
cdd_24p0,mask_400,pop_SSP2,2100,7,301194370.0,896.9534841463807,3.422318,333032160.0
cdd_24p0,mask_400,pop_SSP2,2100,8,1771750900.0,1802.4359653615065,3.422318,1823155500.0
cdd_24p0,mask_400,pop_SSP2,2100,9,404003200.0,829.8208588832305,3.422318,864178800.0
cdd_24p0,mask_400,pop_SSP2,2100,10,15723850.0,300.83817264647695,3.422318,60728110.0
cdd_24p0,mask_400,pop_SSP2,2100,11,57386460.0,115.34295845884654,3.422318,425041180.0
cdd_24p0,mask_400,pop_SSP2,2100,12,8248114.0,165.9888206339626,3.422318,83693990.0
cdd_24p0,mask_400,pop_SSP2,2100,13,31612864.0,374.30412072717434,3.422318,85637630.0
cdd_24p0,mask_400,pop_SSP2,2100,14,83842.445,197.48456345079921,3.422318,36338800.0
cdd_24p0,mask_400,pop_SSP2,2100,15,74444000.0,573.9111915497942,3.422318,114497230.0
cdd_24p0,mask_400,pop_SSP2,2100,16,20000616.0,186.8386225322928,3.422318,138470290.0
cdd_24p0,mask_400,pop_SSP2,2100,17,362452220.0,1249.1003045179132,3.422318,416395870.0
cdd_24p0,mask_400,pop_SSP2,2100,18,1395561700.0,1799.9874862519628,3.422318,1421647000.0
cdd_24p0,mask_400,pop_SSP2,2100,19,954526.44,265.77136673224373,3.422318,45837730.0
cdd_24p0,mask_400,pop_SSP2,2100,20,617667200.0,599.5208856417752,3.422318,825335200.0
cdd_24p0,mask_400,pop_SSP2,2100,21,419392000.0,1641.790868175843,3.422318,425465700.0
cdd_24p0,mask_400,pop_SSP2,2100,22,282396100.0,1386.8340570223468,3.422318,290407300.0
cdd_24p0,mask_400,pop_SSP2,2100,23,47062700.0,352.2919180088012,3.422318,74862880.0
cdd_24p0,mask_400,pop_SSP2,2100,24,8117595.0,211.45310685048867,3.422318,45766380.0
cdd_24p0,mask_400,pop_SSP2,2100,25,736128450.0,1564.2727727398856,3.422318,806595840.0
cdd_24p0,mask_400,pop_SSP2,2100,26,390188600.0,697.6745319958402,3.422318,511516400.0
cdd_24p0,mask_400,pop_SSP3,2040,1,0.0,23.59281768953744,1.693643,40483924.0
cdd_24p0,mask_400,pop_SSP3,2040,2,107583810.0,295.6298724041804,1.693643,365363970.0
cdd_24p0,mask_400,pop_SSP3,2040,3,55087244.0,324.8250858093487,1.693643,147148340.0
cdd_24p0,mask_400,pop_SSP3,2040,4,79266060.0,422.3549654915983,1.693643,112742000.0
cdd_24p0,mask_400,pop_SSP3,2040,5,133227230.0,621.0493826965003,1.693643,231874340.0
cdd_24p0,mask_400,pop_SSP3,2040,6,76603920.0,362.07691469471183,1.693643,254898480.0
cdd_24p0,mask_400,pop_SSP3,2040,7,197628640.0,589.8319478837258,1.693643,276619230.0
cdd_24p0,mask_400,pop_SSP3,2040,8,891271000.0,1258.2941892896058,1.693643,960487400.0
cdd_24p0,mask_400,pop_SSP3,2040,9,195342370.0,552.9144452081327,1.693643,562667500.0
cdd_24p0,mask_400,pop_SSP3,2040,10,4462468.0,126.42491112196127,1.693643,67615390.0
cdd_24p0,mask_400,pop_SSP3,2040,11,3175341.0,44.75582242867263,1.693643,425228200.0
cdd_24p0,mask_400,pop_SSP3,2040,12,1044265.9,50.833955347403275,1.693643,112074770.0
cdd_24p0,mask_400,pop_SSP3,2040,13,26294970.0,193.45135484591523,1.693643,97681940.0
cdd_24p0,mask_400,pop_SSP3,2040,14,0.0,59.544365476380136,1.693643,47893124.0
cdd_24p0,mask_400,pop_SSP3,2040,15,40811376.0,332.5907163720474,1.693643,99756710.0
cdd_24p0,mask_400,pop_SSP3,2040,16,5941959.0,74.25265105455355,1.693643,155668030.0
cdd_24p0,mask_400,pop_SSP3,2040,17,254428670.0,882.0177949866757,1.693643,360844930.0
cdd_24p0,mask_400,pop_SSP3,2040,18,1595382400.0,1302.611752458412,1.693643,1646870800.0
cdd_24p0,mask_400,pop_SSP3,2040,19,0.0,129.5140337413366,1.693643,76252620.0
cdd_24p0,mask_400,pop_SSP3,2040,20,754708860.0,361.8528139166573,1.693643,1423951500.0
cdd_24p0,mask_400,pop_SSP3,2040,21,441298100.0,1165.5342245384677,1.693643,467650600.0
cdd_24p0,mask_400,pop_SSP3,2040,22,305343870.0,984.4255701254656,1.693643,325650850.0
cdd_24p0,mask_400,pop_SSP3,2040,23,1369217.9,209.00882093426452,1.693643,111718130.0
cdd_24p0,mask_400,pop_SSP3,2040,24,4043934.0,114.27438898117317,1.693643,38889836.0
cdd_24p0,mask_400,pop_SSP3,2040,25,573712400.0,1129.3955324289457,1.693643,658968450.0
cdd_24p0,mask_400,pop_SSP3,2040,26,133300850.0,359.61531245508394,1.693643,309730000.0
cdd_24p0,mask_400,pop_SSP3,2050,1,0.0,31.045455731406122,1.980731,41216212.0
cdd_24p0,mask_400,pop_SSP3,2050,2,129810080.0,326.12270484387005,1.980731,377658750.0
cdd_24p0,mask_400,pop_SSP3,2050,3,60334304.0,353.94383895715737,1.980731,156598080.0
cdd_24p0,mask_400,pop_SSP3,2050,4,87249030.0,468.5556807356196,1.980731,120465210.0
cdd_24p0,mask_400,pop_SSP3,2050,5,140005460.0,685.4246693828217,1.980731,235328510.0
cdd_24p0,mask_400,pop_SSP3,2050,6,84617900.0,397.20887792796555,1.980731,268450700.0
cdd_24p0,mask_400,pop_SSP3,2050,7,230056290.0,638.0344220612171,1.980731,312446270.0
cdd_24p0,mask_400,pop_SSP3,2050,8,1150743700.0,1346.740303254927,1.980731,1222742300.0
cdd_24p0,mask_400,pop_SSP3,2050,9,250034200.0,594.4064018749395,1.980731,687176300.0
cdd_24p0,mask_400,pop_SSP3,2050,10,6140913.0,150.24370276431068,1.980731,69993380.0
cdd_24p0,mask_400,pop_SSP3,2050,11,4449029.0,53.32629449854426,1.980731,426360400.0
cdd_24p0,mask_400,pop_SSP3,2050,12,1005012.3,62.38183072059878,1.980731,107896490.0
cdd_24p0,mask_400,pop_SSP3,2050,13,28810130.0,219.24878745659672,1.980731,101955340.0
cdd_24p0,mask_400,pop_SSP3,2050,14,0.0,72.50800801506375,1.980731,45861864.0
cdd_24p0,mask_400,pop_SSP3,2050,15,58206440.0,367.5032799227212,1.980731,112153120.0
cdd_24p0,mask_400,pop_SSP3,2050,16,6293541.0,86.95298993900745,1.980731,154105740.0
cdd_24p0,mask_400,pop_SSP3,2050,17,309498940.0,940.7373339905566,1.980731,402574850.0
cdd_24p0,mask_400,pop_SSP3,2050,18,1682472200.0,1375.2696906521905,1.980731,1724801000.0
cdd_24p0,mask_400,pop_SSP3,2050,19,0.0,148.91744873410872,1.980731,72531310.0
cdd_24p0,mask_400,pop_SSP3,2050,20,792418400.0,395.8947074932401,1.980731,1361459700.0
cdd_24p0,mask_400,pop_SSP3,2050,21,469280400.0,1241.367530437051,1.980731,491265600.0
cdd_24p0,mask_400,pop_SSP3,2050,22,323552400.0,1050.540170884642,1.980731,339370240.0
cdd_24p0,mask_400,pop_SSP3,2050,23,3612080.5,229.61112601058952,1.980731,104755220.0
cdd_24p0,mask_400,pop_SSP3,2050,24,4450099.0,127.04785498751707,1.980731,41060684.0
cdd_24p0,mask_400,pop_SSP3,2050,25,658492400.0,1194.1715940465144,1.980731,752317300.0
cdd_24p0,mask_400,pop_SSP3,2050,26,180722660.0,408.02509531861136,1.980731,384356320.0
cdd_24p0,mask_400,pop_SSP3,2060,1,0.0,40.696089098891385,2.268381,41926972.0
cdd_24p0,mask_400,pop_SSP3,2060,2,149658510.0,362.41796151410904,2.268381,390365020.0
cdd_24p0,mask_400,pop_SSP3,2060,3,65435790.0,390.6533099398637,2.268381,164916400.0
cdd_24p0,mask_400,pop_SSP3,2060,4,96133710.0,524.0604510306405,2.268381,126652400.0
cdd_24p0,mask_400,pop_SSP3,2060,5,147485170.0,759.4723365176932,2.268381,235283580.0
cdd_24p0,mask_400,pop_SSP3,2060,6,95706230.0,436.41803350924823,2.268381,279048260.0
cdd_24p0,mask_400,pop_SSP3,2060,7,263699800.0,693.200535129477,2.268381,345185540.0
cdd_24p0,mask_400,pop_SSP3,2060,8,1437390800.0,1449.8567241867122,2.268381,1509065200.0
cdd_24p0,mask_400,pop_SSP3,2060,9,308979420.0,643.8165294551378,2.268381,816020200.0
cdd_24p0,mask_400,pop_SSP3,2060,10,9630132.0,177.2041000318702,2.268381,71220456.0
cdd_24p0,mask_400,pop_SSP3,2060,11,18538334.0,63.6862829318375,2.268381,426685060.0
cdd_24p0,mask_400,pop_SSP3,2060,12,971710.3,78.33368366222442,2.268381,104345420.0
cdd_24p0,mask_400,pop_SSP3,2060,13,31079888.0,251.8747180773726,2.268381,104349270.0
cdd_24p0,mask_400,pop_SSP3,2060,14,0.0,92.05065451139285,2.268381,43786800.0
cdd_24p0,mask_400,pop_SSP3,2060,15,66960348.0,409.2112352582784,2.268381,122868824.0
cdd_24p0,mask_400,pop_SSP3,2060,16,7330779.5,104.68272719908101,2.268381,152645900.0
cdd_24p0,mask_400,pop_SSP3,2060,17,344064700.0,1005.8020895270874,2.268381,438224400.0
cdd_24p0,mask_400,pop_SSP3,2060,18,1739466900.0,1463.2029744329755,2.268381,1781953500.0
cdd_24p0,mask_400,pop_SSP3,2060,19,0.0,172.21453758909476,2.268381,67400760.0
cdd_24p0,mask_400,pop_SSP3,2060,20,813750900.0,434.9069676149077,2.268381,1268408000.0
cdd_24p0,mask_400,pop_SSP3,2060,21,488335140.0,1325.690355473565,2.268381,508313340.0
cdd_24p0,mask_400,pop_SSP3,2060,22,335987940.0,1124.191341454302,2.268381,349039870.0
cdd_24p0,mask_400,pop_SSP3,2060,23,11348514.0,254.29192241621465,2.268381,98318810.0
cdd_24p0,mask_400,pop_SSP3,2060,24,5056975.0,143.1068125525759,2.268381,43135644.0
cdd_24p0,mask_400,pop_SSP3,2060,25,747704400.0,1269.3274647889762,2.268381,845022850.0
cdd_24p0,mask_400,pop_SSP3,2060,26,250799630.0,467.7185174501782,2.268381,461982820.0
cdd_24p0,mask_400,pop_SSP3,2070,1,0.0,51.07751085348155,2.554702,42907930.0
cdd_24p0,mask_400,pop_SSP3,2070,2,169862510.0,398.89816991363494,2.554702,407231700.0
cdd_24p0,mask_400,pop_SSP3,2070,3,69727610.0,428.2931606132146,2.554702,172477180.0
cdd_24p0,mask_400,pop_SSP3,2070,4,102722990.0,580.1886085314726,2.554702,131902680.0
cdd_24p0,mask_400,pop_SSP3,2070,5,156271100.0,833.9366908214914,2.554702,232856380.0
cdd_24p0,mask_400,pop_SSP3,2070,6,100850590.0,476.2001886025964,2.554702,287372580.0
cdd_24p0,mask_400,pop_SSP3,2070,7,301873280.0,748.5996047540966,2.554702,373494530.0
cdd_24p0,mask_400,pop_SSP3,2070,8,1723321600.0,1553.1374448441532,2.554702,1803212200.0
cdd_24p0,mask_400,pop_SSP3,2070,9,372168540.0,693.5647838261727,2.554702,939222000.0
cdd_24p0,mask_400,pop_SSP3,2070,10,12031550.0,206.03738379461132,2.554702,71749976.0
cdd_24p0,mask_400,pop_SSP3,2070,11,24787282.0,74.60007226405665,2.554702,430315070.0
cdd_24p0,mask_400,pop_SSP3,2070,12,1246004.5,95.45477247228631,2.554702,101163260.0
cdd_24p0,mask_400,pop_SSP3,2070,13,34233744.0,285.60252282422374,2.554702,105735150.0
cdd_24p0,mask_400,pop_SSP3,2070,14,0.0,112.54841847280095,2.554702,42083730.0
cdd_24p0,mask_400,pop_SSP3,2070,15,76616790.0,451.0408393009058,2.554702,131761620.0
cdd_24p0,mask_400,pop_SSP3,2070,16,9547288.0,122.58700360776378,2.554702,151516780.0
cdd_24p0,mask_400,pop_SSP3,2070,17,380973570.0,1071.3080737888206,2.554702,467048130.0
cdd_24p0,mask_400,pop_SSP3,2070,18,1782218000.0,1551.0066813601024,2.554702,1821655300.0
cdd_24p0,mask_400,pop_SSP3,2070,19,0.0,195.35267194915846,2.554702,62143024.0
cdd_24p0,mask_400,pop_SSP3,2070,20,801751800.0,473.3628395137619,2.554702,1177790500.0
cdd_24p0,mask_400,pop_SSP3,2070,21,504604930.0,1409.3315531805376,2.554702,521132830.0
cdd_24p0,mask_400,pop_SSP3,2070,22,344841470.0,1197.399593500022,2.554702,356155140.0
cdd_24p0,mask_400,pop_SSP3,2070,23,26807488.0,278.91174124514407,2.554702,92102504.0
cdd_24p0,mask_400,pop_SSP3,2070,24,5470960.0,159.81205216991793,2.554702,45144300.0
cdd_24p0,mask_400,pop_SSP3,2070,25,833756860.0,1344.3018387164193,2.554702,929965500.0
cdd_24p0,mask_400,pop_SSP3,2070,26,322902200.0,529.1864949937205,2.554702,537235700.0
cdd_24p0,mask_400,pop_SSP3,2080,1,0.0,64.30378370054443,2.845921,43977050.0
cdd_24p0,mask_400,pop_SSP3,2080,2,190127580.0,435.7536652037506,2.845921,425981920.0
cdd_24p0,mask_400,pop_SSP3,2080,3,74468376.0,468.9954390304104,2.845921,179385540.0
cdd_24p0,mask_400,pop_SSP3,2080,4,107739140.0,638.2303125273021,2.845921,136219100.0
cdd_24p0,mask_400,pop_SSP3,2080,5,161610340.0,910.0046281507398,2.845921,229142990.0
cdd_24p0,mask_400,pop_SSP3,2080,6,107470340.0,518.677051836301,2.845921,293904060.0
cdd_24p0,mask_400,pop_SSP3,2080,7,337715460.0,804.933098402131,2.845921,400224580.0
cdd_24p0,mask_400,pop_SSP3,2080,8,2006690600.0,1656.4824209765777,2.845921,2086932400.0
cdd_24p0,mask_400,pop_SSP3,2080,9,430417820.0,744.1913707471317,2.845921,1046764160.0
cdd_24p0,mask_400,pop_SSP3,2080,10,14414114.0,243.0136230401331,2.845921,71751544.0
cdd_24p0,mask_400,pop_SSP3,2080,11,37828256.0,87.74610783337882,2.845921,439119700.0
cdd_24p0,mask_400,pop_SSP3,2080,12,2249155.2,116.87313537969676,2.845921,99345624.0
cdd_24p0,mask_400,pop_SSP3,2080,13,36999650.0,323.2157353236406,2.845921,106874620.0
cdd_24p0,mask_400,pop_SSP3,2080,14,0.0,135.88197305835908,2.845921,41169890.0
cdd_24p0,mask_400,pop_SSP3,2080,15,83286310.0,492.8693690448099,2.845921,140167870.0
cdd_24p0,mask_400,pop_SSP3,2080,16,13599655.0,140.361742625013,2.845921,152507900.0
cdd_24p0,mask_400,pop_SSP3,2080,17,411291140.0,1139.211958423041,2.845921,491970240.0
cdd_24p0,mask_400,pop_SSP3,2080,18,1803921200.0,1636.8464316497864,2.845921,1841970200.0
cdd_24p0,mask_400,pop_SSP3,2080,19,0.0,217.47893212164263,2.845921,57913860.0
cdd_24p0,mask_400,pop_SSP3,2080,20,778537150.0,509.34740564383503,2.845921,1099774300.0
cdd_24p0,mask_400,pop_SSP3,2080,21,517222600.0,1490.5786945169175,2.845921,531978050.0
cdd_24p0,mask_400,pop_SSP3,2080,22,350273600.0,1269.138446194289,2.845921,361496830.0
cdd_24p0,mask_400,pop_SSP3,2080,23,31496128.0,302.9383552135559,2.845921,87160590.0
cdd_24p0,mask_400,pop_SSP3,2080,24,6146637.0,178.90239576684291,2.845921,47043750.0
cdd_24p0,mask_400,pop_SSP3,2080,25,906853250.0,1418.1169266704624,2.845921,1002221500.0
cdd_24p0,mask_400,pop_SSP3,2080,26,412712000.0,597.092427724277,2.845921,604655900.0
cdd_24p0,mask_400,pop_SSP3,2090,1,0.0,82.76544413118403,3.137292,44979364.0
cdd_24p0,mask_400,pop_SSP3,2090,2,215869180.0,473.05303479554135,3.137292,444843650.0
cdd_24p0,mask_400,pop_SSP3,2090,3,80543384.0,502.29577283983355,3.137292,186358780.0
cdd_24p0,mask_400,pop_SSP3,2090,4,114307380.0,688.9516806268027,3.137292,140112080.0
cdd_24p0,mask_400,pop_SSP3,2090,5,168144830.0,979.1402704040944,3.137292,226093950.0
cdd_24p0,mask_400,pop_SSP3,2090,6,112501650.0,556.0730711423627,3.137292,299846850.0
cdd_24p0,mask_400,pop_SSP3,2090,7,380585060.0,855.1369762683843,3.137292,426195500.0
cdd_24p0,mask_400,pop_SSP3,2090,8,2264985600.0,1740.847286718351,3.137292,2344929300.0
cdd_24p0,mask_400,pop_SSP3,2090,9,519319170.0,790.0387048757694,3.137292,1143401300.0
cdd_24p0,mask_400,pop_SSP3,2090,10,15991943.0,275.165095452165,3.137292,71592950.0
cdd_24p0,mask_400,pop_SSP3,2090,11,49176176.0,101.41217719387917,3.137292,450691100.0
cdd_24p0,mask_400,pop_SSP3,2090,12,5166822.5,140.48456331298448,3.137292,99307016.0
cdd_24p0,mask_400,pop_SSP3,2090,13,37895604.0,353.4736412379125,3.137292,108132840.0
cdd_24p0,mask_400,pop_SSP3,2090,14,0.0,164.23684198729146,3.137292,40975320.0
cdd_24p0,mask_400,pop_SSP3,2090,15,94499070.0,534.3665181600936,3.137292,147985220.0
cdd_24p0,mask_400,pop_SSP3,2090,16,19597412.0,161.87221347836902,3.137292,155349680.0
cdd_24p0,mask_400,pop_SSP3,2090,17,437572320.0,1199.4831647618303,3.137292,516737860.0
cdd_24p0,mask_400,pop_SSP3,2090,18,1823458000.0,1720.4136278709425,3.137292,1862041900.0
cdd_24p0,mask_400,pop_SSP3,2090,19,44898.293,241.07322507631113,3.137292,54595016.0
cdd_24p0,mask_400,pop_SSP3,2090,20,753137400.0,551.5682700782187,3.137292,1036669800.0
cdd_24p0,mask_400,pop_SSP3,2090,21,529547940.0,1568.6239123657688,3.137292,542610940.0
cdd_24p0,mask_400,pop_SSP3,2090,22,355199870.0,1332.9103748871282,3.137292,365927360.0
cdd_24p0,mask_400,pop_SSP3,2090,23,47353588.0,327.5637580982849,3.137292,83576390.0
cdd_24p0,mask_400,pop_SSP3,2090,24,7218628.5,196.30880608485808,3.137292,48830816.0
cdd_24p0,mask_400,pop_SSP3,2090,25,973691650.0,1491.9982152694831,3.137292,1067009540.0
cdd_24p0,mask_400,pop_SSP3,2090,26,477148060.0,654.0287033140555,3.137292,659791700.0
cdd_24p0,mask_400,pop_SSP3,2100,1,0.0,106.56508050485611,3.422318,46129350.0
cdd_24p0,mask_400,pop_SSP3,2100,2,261779200.0,510.0063413469865,3.422318,466091900.0
cdd_24p0,mask_400,pop_SSP3,2100,3,91377380.0,526.7215230866503,3.422318,194026940.0
cdd_24p0,mask_400,pop_SSP3,2100,4,120197950.0,730.498755572583,3.422318,144284480.0
cdd_24p0,mask_400,pop_SSP3,2100,5,178229020.0,1039.1162985697736,3.422318,225164530.0
cdd_24p0,mask_400,pop_SSP3,2100,6,117464600.0,587.052482372698,3.422318,306703700.0
cdd_24p0,mask_400,pop_SSP3,2100,7,406443780.0,897.48602096414,3.422318,449408030.0
cdd_24p0,mask_400,pop_SSP3,2100,8,2491160000.0,1802.478779334255,3.422318,2563487200.0
cdd_24p0,mask_400,pop_SSP3,2100,9,575163400.0,829.6118189671814,3.422318,1230168000.0
cdd_24p0,mask_400,pop_SSP3,2100,10,18546160.0,301.29844877585276,3.422318,71287580.0
cdd_24p0,mask_400,pop_SSP3,2100,11,62723360.0,115.34402690007589,3.422318,464625340.0
cdd_24p0,mask_400,pop_SSP3,2100,12,9895308.0,165.97716705910634,3.422318,100308620.0
cdd_24p0,mask_400,pop_SSP3,2100,13,40593164.0,374.97618742574826,3.422318,109952550.0
cdd_24p0,mask_400,pop_SSP3,2100,14,94782.03,197.47344051752506,3.422318,41067064.0
cdd_24p0,mask_400,pop_SSP3,2100,15,100674960.0,574.5722416622813,3.422318,154809780.0
cdd_24p0,mask_400,pop_SSP3,2100,16,22973876.0,187.00529005785572,3.422318,158531020.0
cdd_24p0,mask_400,pop_SSP3,2100,17,470523520.0,1250.0235662561965,3.422318,540557630.0
cdd_24p0,mask_400,pop_SSP3,2100,18,1858532600.0,1799.6169624893562,3.422318,1893265500.0
cdd_24p0,mask_400,pop_SSP3,2100,19,1080087.2,265.75269685934757,3.422318,51911252.0
cdd_24p0,mask_400,pop_SSP3,2100,20,741778700.0,599.6955138392838,3.422318,991126700.0
cdd_24p0,mask_400,pop_SSP3,2100,21,546875000.0,1641.4078561707006,3.422318,554794400.0
cdd_24p0,mask_400,pop_SSP3,2100,22,359960770.0,1386.5061222338147,3.422318,370172320.0
cdd_24p0,mask_400,pop_SSP3,2100,23,50813880.0,352.2965122699099,3.422318,80829896.0
cdd_24p0,mask_400,pop_SSP3,2100,24,9003292.0,211.47655130974283,3.422318,50759870.0
cdd_24p0,mask_400,pop_SSP3,2100,25,1030788860.0,1564.3010189514168,3.422318,1129486200.0
cdd_24p0,mask_400,pop_SSP3,2100,26,538869570.0,697.6433492692187,3.422318,706413600.0
cdd_24p0,mask_400,pop_SSP5,2040,1,0.0,23.54558187542277,1.693643,43332450.0
cdd_24p0,mask_400,pop_SSP5,2040,2,111677020.0,294.72611379053427,1.693643,380137380.0
cdd_24p0,mask_400,pop_SSP5,2040,3,51352970.0,324.9974272691585,1.693643,137109700.0
cdd_24p0,mask_400,pop_SSP5,2040,4,72444400.0,422.69082291103786,1.693643,103039730.0
cdd_24p0,mask_400,pop_SSP5,2040,5,128778824.0,620.4985927137703,1.693643,224136160.0
cdd_24p0,mask_400,pop_SSP5,2040,6,72265310.0,361.43192908792406,1.693643,240428000.0
cdd_24p0,mask_400,pop_SSP5,2040,7,183860980.0,589.0576404363954,1.693643,257347000.0
cdd_24p0,mask_400,pop_SSP5,2040,8,783604200.0,1258.0939068117384,1.693643,844544500.0
cdd_24p0,mask_400,pop_SSP5,2040,9,173454270.0,553.5112013351221,1.693643,499649440.0
cdd_24p0,mask_400,pop_SSP5,2040,10,4445586.5,125.8300236124216,1.693643,67583850.0
cdd_24p0,mask_400,pop_SSP5,2040,11,3323359.0,44.75553044767446,1.693643,444985760.0
cdd_24p0,mask_400,pop_SSP5,2040,12,1033365.94,50.820464573712286,1.693643,110979220.0
cdd_24p0,mask_400,pop_SSP5,2040,13,25396894.0,192.56435814101172,1.693643,94398980.0
cdd_24p0,mask_400,pop_SSP5,2040,14,0.0,59.52632161679382,1.693643,49036920.0
cdd_24p0,mask_400,pop_SSP5,2040,15,37285548.0,331.6627656900928,1.693643,91172590.0
cdd_24p0,mask_400,pop_SSP5,2040,16,6092823.0,74.1302654558492,1.693643,160273680.0
cdd_24p0,mask_400,pop_SSP5,2040,17,243247230.0,880.6217841547582,1.693643,345014200.0
cdd_24p0,mask_400,pop_SSP5,2040,18,1512848100.0,1303.3684553124695,1.693643,1561527600.0
cdd_24p0,mask_400,pop_SSP5,2040,19,0.0,129.5471517829453,1.693643,76385490.0
cdd_24p0,mask_400,pop_SSP5,2040,20,748097660.0,361.71354487738785,1.693643,1411498900.0
cdd_24p0,mask_400,pop_SSP5,2040,21,420231300.0,1165.9102181149042,1.693643,445349380.0
cdd_24p0,mask_400,pop_SSP5,2040,22,292455360.0,984.8817090125101,1.693643,311905200.0
cdd_24p0,mask_400,pop_SSP5,2040,23,1405276.2,209.02667611541796,1.693643,114660220.0
cdd_24p0,mask_400,pop_SSP5,2040,24,4193688.8,114.29325046089363,1.693643,40330000.0
cdd_24p0,mask_400,pop_SSP5,2040,25,517794300.0,1129.216283804678,1.693643,594712060.0
cdd_24p0,mask_400,pop_SSP5,2040,26,120110780.0,359.51891114157036,1.693643,279094100.0
cdd_24p0,mask_400,pop_SSP5,2050,1,0.0,30.98630007657982,1.980731,46331800.0
cdd_24p0,mask_400,pop_SSP5,2050,2,137946370.0,325.181301881359,1.980731,402577570.0
cdd_24p0,mask_400,pop_SSP5,2050,3,53338230.0,354.0954636455413,1.980731,138332980.0
cdd_24p0,mask_400,pop_SSP5,2050,4,74797450.0,468.88771719903986,1.980731,103273816.0
cdd_24p0,mask_400,pop_SSP5,2050,5,132003816.0,684.8344303119975,1.980731,221886370.0
cdd_24p0,mask_400,pop_SSP5,2050,6,76323620.0,396.5090820169377,1.980731,242080480.0
cdd_24p0,mask_400,pop_SSP5,2050,7,201443680.0,637.221940922458,1.980731,273583650.0
cdd_24p0,mask_400,pop_SSP5,2050,8,915123200.0,1346.5298243494628,1.980731,972528600.0
cdd_24p0,mask_400,pop_SSP5,2050,9,202919300.0,594.9918332174,1.980731,557712000.0
cdd_24p0,mask_400,pop_SSP5,2050,10,6007664.5,149.57481949999152,1.980731,69496184.0
cdd_24p0,mask_400,pop_SSP5,2050,11,4814940.5,53.325320515916495,1.980731,461321340.0
cdd_24p0,mask_400,pop_SSP5,2050,12,991016.0,62.36785063374765,1.980731,106517320.0
cdd_24p0,mask_400,pop_SSP5,2050,13,27155608.0,218.2973504010437,1.980731,96206350.0
cdd_24p0,mask_400,pop_SSP5,2050,14,0.0,72.4858904401077,1.980731,47891656.0
cdd_24p0,mask_400,pop_SSP5,2050,15,49350330.0,366.49236933578226,1.980731,95126180.0
cdd_24p0,mask_400,pop_SSP5,2050,16,6552973.0,86.82007414160833,1.980731,161663440.0
cdd_24p0,mask_400,pop_SSP5,2050,17,284528060.0,939.3104103675583,1.980731,370126800.0
cdd_24p0,mask_400,pop_SSP5,2050,18,1531003900.0,1376.0515731370097,1.980731,1569378600.0
cdd_24p0,mask_400,pop_SSP5,2050,19,0.0,148.95464601586713,1.980731,73432060.0
cdd_24p0,mask_400,pop_SSP5,2050,20,784284540.0,395.7492718487273,1.980731,1347515400.0
cdd_24p0,mask_400,pop_SSP5,2050,21,429442500.0,1241.770564734646,1.980731,449605060.0
cdd_24p0,mask_400,pop_SSP5,2050,22,299453500.0,1051.0223401778865,1.980731,314093250.0
cdd_24p0,mask_400,pop_SSP5,2050,23,3781473.5,229.63030202809665,1.980731,109667816.0
cdd_24p0,mask_400,pop_SSP5,2050,24,4714006.0,127.06853617767793,1.980731,43495732.0
cdd_24p0,mask_400,pop_SSP5,2050,25,547925060.0,1193.9606955987686,1.980731,625951600.0
cdd_24p0,mask_400,pop_SSP5,2050,26,149543580.0,407.94105281084427,1.980731,318077120.0
cdd_24p0,mask_400,pop_SSP5,2060,1,0.0,40.622811131151025,2.268381,48951268.0
cdd_24p0,mask_400,pop_SSP5,2060,2,160860880.0,361.43727028146327,2.268381,421112130.0
cdd_24p0,mask_400,pop_SSP5,2060,3,54222520.0,390.7724540777545,2.268381,136508750.0
cdd_24p0,mask_400,pop_SSP5,2060,4,76713200.0,524.3589257163442,2.268381,101067450.0
cdd_24p0,mask_400,pop_SSP5,2060,5,134791520.0,758.842742101638,2.268381,215042690.0
cdd_24p0,mask_400,pop_SSP5,2060,6,81816750.0,435.6607017214875,2.268381,238479630.0
cdd_24p0,mask_400,pop_SSP5,2060,7,215363630.0,692.3431434529416,2.268381,281909000.0
cdd_24p0,mask_400,pop_SSP5,2060,8,1024327800.0,1449.6329631466724,2.268381,1075628300.0
cdd_24p0,mask_400,pop_SSP5,2060,9,226891890.0,644.4003670240808,2.268381,599240960.0
cdd_24p0,mask_400,pop_SSP5,2060,10,9265127.0,176.46194994393883,2.268381,69534510.0
cdd_24p0,mask_400,pop_SSP5,2060,11,20603314.0,63.68382782743246,2.268381,474071840.0
cdd_24p0,mask_400,pop_SSP5,2060,12,950291.94,78.31984718964168,2.268381,102216340.0
cdd_24p0,mask_400,pop_SSP5,2060,13,28458432.0,250.8525876963215,2.268381,95719980.0
cdd_24p0,mask_400,pop_SSP5,2060,14,0.0,92.02226207413466,2.268381,46516504.0
cdd_24p0,mask_400,pop_SSP5,2060,15,52217700.0,408.1052262742321,2.268381,95867900.0
cdd_24p0,mask_400,pop_SSP5,2060,16,7708006.0,104.53790634148636,2.268381,162185360.0
cdd_24p0,mask_400,pop_SSP5,2060,17,302314000.0,1004.3498973421489,2.268381,385069500.0
cdd_24p0,mask_400,pop_SSP5,2060,18,1502995000.0,1464.0092479830344,2.268381,1539514600.0
cdd_24p0,mask_400,pop_SSP5,2060,19,0.0,172.25662554657896,2.268381,68967150.0
cdd_24p0,mask_400,pop_SSP5,2060,20,802809340.0,434.7556706583341,2.268381,1251398500.0
cdd_24p0,mask_400,pop_SSP5,2060,21,425838560.0,1326.136838720189,2.268381,443314000.0
cdd_24p0,mask_400,pop_SSP5,2060,22,297311970.0,1124.7032751511872,2.268381,308861500.0
cdd_24p0,mask_400,pop_SSP5,2060,23,12129576.0,254.31299542969975,2.268381,105085610.0
cdd_24p0,mask_400,pop_SSP5,2060,24,5417521.0,143.12961515230157,2.268381,46211076.0
cdd_24p0,mask_400,pop_SSP5,2060,25,565957800.0,1269.1316088335782,2.268381,639516160.0
cdd_24p0,mask_400,pop_SSP5,2060,26,188729390.0,467.6543635846257,2.268381,347721730.0
cdd_24p0,mask_400,pop_SSP5,2070,1,0.0,50.990249605458715,2.554702,50957204.0
cdd_24p0,mask_400,pop_SSP5,2070,2,181054200.0,397.87828302249335,2.554702,435736060.0
cdd_24p0,mask_400,pop_SSP5,2070,3,53677332.0,428.3787758427879,2.554702,132594584.0
cdd_24p0,mask_400,pop_SSP5,2070,4,75796700.0,580.4501045154061,2.554702,97328590.0
cdd_24p0,mask_400,pop_SSP5,2070,5,137078460.0,833.2684264954449,2.554702,204266880.0
cdd_24p0,mask_400,pop_SSP5,2070,6,81032370.0,475.386751511403,2.554702,230797540.0
cdd_24p0,mask_400,pop_SSP5,2070,7,228517090.0,747.698180987838,2.554702,282730140.0
cdd_24p0,mask_400,pop_SSP5,2070,8,1099783800.0,1552.9009475556527,2.554702,1151005600.0
cdd_24p0,mask_400,pop_SSP5,2070,9,247043740.0,694.1478874021726,2.554702,623450400.0
cdd_24p0,mask_400,pop_SSP5,2070,10,11206826.0,205.22076754640048,2.554702,67827340.0
cdd_24p0,mask_400,pop_SSP5,2070,11,27699608.0,74.59599736617005,2.554702,480712100.0
cdd_24p0,mask_400,pop_SSP5,2070,12,1197268.8,95.44107499809486,2.554702,97409496.0
cdd_24p0,mask_400,pop_SSP5,2070,13,30158558.0,284.5097102494308,2.554702,93346936.0
cdd_24p0,mask_400,pop_SSP5,2070,14,0.0,112.51340309179483,2.554702,44880170.0
cdd_24p0,mask_400,pop_SSP5,2070,15,54881210.0,449.8403266916722,2.554702,94441750.0
cdd_24p0,mask_400,pop_SSP5,2070,16,9997449.0,122.43024145970212,2.554702,160806910.0
cdd_24p0,mask_400,pop_SSP5,2070,17,317327400.0,1069.8299528138039,2.554702,389016320.0
cdd_24p0,mask_400,pop_SSP5,2070,18,1446385300.0,1551.835957220327,2.554702,1478133200.0
cdd_24p0,mask_400,pop_SSP5,2070,19,0.0,195.39960316138874,2.554702,63368810.0
cdd_24p0,mask_400,pop_SSP5,2070,20,776333700.0,473.20589080625774,2.554702,1140496000.0
cdd_24p0,mask_400,pop_SSP5,2070,21,414773630.0,1409.8212855808881,2.554702,428410430.0
cdd_24p0,mask_400,pop_SSP5,2070,22,287677660.0,1197.9409816377358,2.554702,297115900.0
cdd_24p0,mask_400,pop_SSP5,2070,23,29021972.0,278.9346787102856,2.554702,99710800.0
cdd_24p0,mask_400,pop_SSP5,2070,24,5835425.5,159.8369916839398,2.554702,48151736.0
cdd_24p0,mask_400,pop_SSP5,2070,25,572199800.0,1344.1294768247433,2.554702,638131300.0
cdd_24p0,mask_400,pop_SSP5,2070,26,220564930.0,529.1469314118199,2.554702,367066000.0
cdd_24p0,mask_400,pop_SSP5,2080,1,0.0,64.20328841316783,2.845921,52262844.0
cdd_24p0,mask_400,pop_SSP5,2080,2,198293630.0,434.69401253085886,2.845921,446012320.0
cdd_24p0,mask_400,pop_SSP5,2080,3,53042644.0,469.04539873245835,2.845921,127441710.0
cdd_24p0,mask_400,pop_SSP5,2080,4,73227720.0,638.4479651943271,2.845921,92585890.0
cdd_24p0,mask_400,pop_SSP5,2080,5,134516220.0,909.2991486246696,2.845921,190735710.0
cdd_24p0,mask_400,pop_SSP5,2080,6,80561580.0,517.8123716370645,2.845921,220191060.0
cdd_24p0,mask_400,pop_SSP5,2080,7,235081400.0,803.9918292821823,2.845921,278589900.0
cdd_24p0,mask_400,pop_SSP5,2080,8,1152664800.0,1656.2359997738013,2.845921,1198967000.0
cdd_24p0,mask_400,pop_SSP5,2080,9,259626460.0,744.7743970304149,2.845921,631325600.0
cdd_24p0,mask_400,pop_SSP5,2080,10,12801520.0,242.11437491060514,2.845921,64640944.0
cdd_24p0,mask_400,pop_SSP5,2080,11,41617692.0,87.74000429304111,2.845921,482969020.0
cdd_24p0,mask_400,pop_SSP5,2080,12,2084265.2,116.85936716617064,2.845921,92288720.0
cdd_24p0,mask_400,pop_SSP5,2080,13,30997938.0,322.05155842502506,2.845921,89766420.0
cdd_24p0,mask_400,pop_SSP5,2080,14,0.0,135.83927252957696,2.845921,42962130.0
cdd_24p0,mask_400,pop_SSP5,2080,15,54582930.0,491.57709135585014,2.845921,91924680.0
cdd_24p0,mask_400,pop_SSP5,2080,16,13915525.0,140.1928588036249,2.845921,157745150.0
cdd_24p0,mask_400,pop_SSP5,2080,17,321172930.0,1137.7023631851098,2.845921,384154720.0
cdd_24p0,mask_400,pop_SSP5,2080,18,1361466900.0,1637.6938656523998,2.845921,1389885600.0
cdd_24p0,mask_400,pop_SSP5,2080,19,0.0,217.53043524607668,2.845921,57924530.0
cdd_24p0,mask_400,pop_SSP5,2080,20,730159200.0,509.1853967024243,2.845921,1031476350.0
cdd_24p0,mask_400,pop_SSP5,2080,21,396167870.0,1491.1073862457567,2.845921,407526200.0
cdd_24p0,mask_400,pop_SSP5,2080,22,272567900.0,1269.707916433268,2.845921,281301340.0
cdd_24p0,mask_400,pop_SSP5,2080,23,33548062.0,302.9629100821539,2.845921,92839010.0
cdd_24p0,mask_400,pop_SSP5,2080,24,6439514.0,178.9295259753348,2.845921,49285304.0
cdd_24p0,mask_400,pop_SSP5,2080,25,565270000.0,1417.9907680307551,2.845921,624636300.0
cdd_24p0,mask_400,pop_SSP5,2080,26,257052660.0,597.0962089929046,2.845921,376710100.0
cdd_24p0,mask_400,pop_SSP5,2090,1,0.0,82.64928734501333,3.137292,52095904.0
cdd_24p0,mask_400,pop_SSP5,2090,2,216767940.0,471.96515713505653,3.137292,448334460.0
cdd_24p0,mask_400,pop_SSP5,2090,3,52553836.0,502.3148398418088,3.137292,121236936.0
cdd_24p0,mask_400,pop_SSP5,2090,4,70949920.0,689.1361730207169,3.137292,86967870.0
cdd_24p0,mask_400,pop_SSP5,2090,5,130738210.0,978.4025275626996,3.137292,175802430.0
cdd_24p0,mask_400,pop_SSP5,2090,6,77755860.0,555.1703700458498,3.137292,207117020.0
cdd_24p0,mask_400,pop_SSP5,2090,7,242123950.0,854.1578599364522,3.137292,271138300.0
cdd_24p0,mask_400,pop_SSP5,2090,8,1174513500.0,1740.5882645996016,3.137292,1216166100.0
cdd_24p0,mask_400,pop_SSP5,2090,9,283519580.0,790.6226788045653,3.137292,624225340.0
cdd_24p0,mask_400,pop_SSP5,2090,10,13294351.0,274.20048190247206,3.137292,60318396.0
cdd_24p0,mask_400,pop_SSP5,2090,11,51814068.0,101.4034250367398,3.137292,474767650.0
cdd_24p0,mask_400,pop_SSP5,2090,12,4527501.5,140.46922045561155,3.137292,87156970.0
cdd_24p0,mask_400,pop_SSP5,2090,13,29826152.0,352.25195050152115,3.137292,85383620.0
cdd_24p0,mask_400,pop_SSP5,2090,14,0.0,164.18777863307045,3.137292,40788630.0
cdd_24p0,mask_400,pop_SSP5,2090,15,56546144.0,532.9949243451179,3.137292,88606020.0
cdd_24p0,mask_400,pop_SSP5,2090,16,19152958.0,161.6946080166396,3.137292,153171410.0
cdd_24p0,mask_400,pop_SSP5,2090,17,315633340.0,1197.9448082258405,3.137292,372719740.0
cdd_24p0,mask_400,pop_SSP5,2090,18,1253910800.0,1721.265729250379,3.137292,1280144800.0
cdd_24p0,mask_400,pop_SSP5,2090,19,43308.68,241.12899213944536,3.137292,52603030.0
cdd_24p0,mask_400,pop_SSP5,2090,20,670309950.0,551.4047720976414,3.137292,922740200.0
cdd_24p0,mask_400,pop_SSP5,2090,21,372663040.0,1569.2046986662704,3.137292,381879500.0
cdd_24p0,mask_400,pop_SSP5,2090,22,255230670.0,1333.4981926552853,3.137292,262939000.0
cdd_24p0,mask_400,pop_SSP5,2090,23,48393904.0,327.58936117437696,3.137292,85412500.0
cdd_24p0,mask_400,pop_SSP5,2090,24,7253515.0,196.33783154145814,3.137292,49066810.0
cdd_24p0,mask_400,pop_SSP5,2090,25,548899900.0,1491.91935985009,3.137292,601448960.0
cdd_24p0,mask_400,pop_SSP5,2090,26,272028320.0,654.0607030414061,3.137292,376255400.0
cdd_24p0,mask_400,pop_SSP5,2100,1,0.0,106.43094590789825,3.422318,49873596.0
cdd_24p0,mask_400,pop_SSP5,2100,2,246345200.0,508.9035459898577,3.422318,439881250.0
cdd_24p0,mask_400,pop_SSP5,2100,3,53575076.0,526.7156193402725,3.422318,113432290.0
cdd_24p0,mask_400,pop_SSP5,2100,4,67115720.0,730.662563126503,3.422318,80566170.0
cdd_24p0,mask_400,pop_SSP5,2100,5,126276300.0,1038.3524526588171,3.422318,159537630.0
cdd_24p0,mask_400,pop_SSP5,2100,6,73431160.0,586.1271334807476,3.422318,191616370.0
cdd_24p0,mask_400,pop_SSP5,2100,7,235938720.0,896.4720980528159,3.422318,260877220.0
cdd_24p0,mask_400,pop_SSP5,2100,8,1167954200.0,1802.2044974866712,3.422318,1201983700.0
cdd_24p0,mask_400,pop_SSP5,2100,9,282598270.0,830.1978451607587,3.422318,604439230.0
cdd_24p0,mask_400,pop_SSP5,2100,10,14262930.0,300.28889627050046,3.422318,55405904.0
cdd_24p0,mask_400,pop_SSP5,2100,11,61169010.0,115.33200433735178,3.422318,453007740.0
cdd_24p0,mask_400,pop_SSP5,2100,12,8064949.5,165.95863285208196,3.422318,81932770.0
cdd_24p0,mask_400,pop_SSP5,2100,13,29635278.0,373.71348170981184,3.422318,80546520.0
cdd_24p0,mask_400,pop_SSP5,2100,14,88819.25,197.41960899009894,3.422318,38433052.0
cdd_24p0,mask_400,pop_SSP5,2100,15,55219588.0,573.136778395024,3.422318,84967690.0
cdd_24p0,mask_400,pop_SSP5,2100,16,21198426.0,186.82289249638197,3.422318,147491890.0
cdd_24p0,mask_400,pop_SSP5,2100,17,309675360.0,1248.4600711565158,3.422318,355755700.0
cdd_24p0,mask_400,pop_SSP5,2100,18,1136915100.0,1800.4588085916214,3.422318,1158173400.0
cdd_24p0,mask_400,pop_SSP5,2100,19,979193.44,265.81229428482794,3.422318,47005696.0
cdd_24p0,mask_400,pop_SSP5,2100,20,617194100.0,599.534482721209,3.422318,824748540.0
cdd_24p0,mask_400,pop_SSP5,2100,21,347630720.0,1642.0540005951648,3.422318,352670080.0
cdd_24p0,mask_400,pop_SSP5,2100,22,235561180.0,1387.1011849607416,3.422318,242243790.0
cdd_24p0,mask_400,pop_SSP5,2100,23,48645644.0,352.3225149183247,3.422318,77380890.0
cdd_24p0,mask_400,pop_SSP5,2100,24,8384868.5,211.50710513672658,3.422318,47273250.0
cdd_24p0,mask_400,pop_SSP5,2100,25,522015780.0,1564.2696177673454,3.422318,571949250.0
cdd_24p0,mask_400,pop_SSP5,2100,26,279986620.0,697.686321867424,3.422318,367119550.0
cdd_26p0,mask_50,pop_SSP1,2040,1,0.0,6.307720958255498,1.693643,41337404.0
cdd_26p0,mask_50,pop_SSP1,2040,2,227016770.0,158.00173169937386,1.693643,367037060.0
cdd_26p0,mask_50,pop_SSP1,2040,3,57091160.0,169.28351711076212,1.693643,138872290.0
cdd_26p0,mask_50,pop_SSP1,2040,4,73010700.0,159.18165350789008,1.693643,105208740.0
cdd_26p0,mask_50,pop_SSP1,2040,5,158676860.0,273.0012661717937,1.693643,224225860.0
cdd_26p0,mask_50,pop_SSP1,2040,6,89181550.0,170.47427234737853,1.693643,242465470.0
cdd_26p0,mask_50,pop_SSP1,2040,7,246321500.0,351.1104716264785,1.693643,258731170.0
cdd_26p0,mask_50,pop_SSP1,2040,8,794755400.0,700.9700627261187,1.693643,848988800.0
cdd_26p0,mask_50,pop_SSP1,2040,9,188059420.0,329.382820728959,1.693643,504946800.0
cdd_26p0,mask_50,pop_SSP1,2040,10,14155444.0,41.92432351462106,1.693643,67584720.0
cdd_26p0,mask_50,pop_SSP1,2040,11,72273064.0,18.113389770904178,1.693643,431206400.0
cdd_26p0,mask_50,pop_SSP1,2040,12,15080726.0,19.09571762484947,1.693643,111707960.0
cdd_26p0,mask_50,pop_SSP1,2040,13,36721110.0,105.8561855284218,1.693643,94843990.0
cdd_26p0,mask_50,pop_SSP1,2040,14,5308029.5,21.65498935056226,1.693643,48440990.0
cdd_26p0,mask_50,pop_SSP1,2040,15,63758210.0,193.54783063623614,1.693643,92945240.0
cdd_26p0,mask_50,pop_SSP1,2040,16,29023418.0,33.92377868375786,1.693643,156855440.0
cdd_26p0,mask_50,pop_SSP1,2040,17,297938980.0,628.6246548939229,1.693643,342136600.0
cdd_26p0,mask_50,pop_SSP1,2040,18,1531654400.0,848.205021053116,1.693643,1563959600.0
cdd_26p0,mask_50,pop_SSP1,2040,19,45348450.0,47.684954198045794,1.693643,76428100.0
cdd_26p0,mask_50,pop_SSP1,2040,20,1108936100.0,192.27803811529947,1.693643,1414905100.0
cdd_26p0,mask_50,pop_SSP1,2040,21,422828670.0,642.5574660542156,1.693643,445849020.0
cdd_26p0,mask_50,pop_SSP1,2040,22,289098900.0,466.38643149497585,1.693643,312030500.0
cdd_26p0,mask_50,pop_SSP1,2040,23,92097420.0,95.82044854982253,1.693643,113431120.0
cdd_26p0,mask_50,pop_SSP1,2040,24,11277012.0,46.87823481030669,1.693643,38909136.0
cdd_26p0,mask_50,pop_SSP1,2040,25,551081500.0,760.6119693100692,1.693643,606828100.0
cdd_26p0,mask_50,pop_SSP1,2040,26,162015550.0,137.10110620335075,1.693643,281171600.0
cdd_26p0,mask_50,pop_SSP1,2050,1,0.0,9.012461842323477,1.980731,42730160.0
cdd_26p0,mask_50,pop_SSP1,2050,2,256229780.0,178.74055716309377,1.980731,379067230.0
cdd_26p0,mask_50,pop_SSP1,2050,3,58724050.0,188.9142939540756,1.980731,141275540.0
cdd_26p0,mask_50,pop_SSP1,2050,4,78359790.0,188.17307223228423,1.980731,106730440.0
cdd_26p0,mask_50,pop_SSP1,2050,5,168877000.0,317.9608581595776,1.980731,222007940.0
cdd_26p0,mask_50,pop_SSP1,2050,6,101062050.0,195.79759403512972,1.980731,245458220.0
cdd_26p0,mask_50,pop_SSP1,2050,7,263536580.0,390.3858972519167,1.980731,276054530.0
cdd_26p0,mask_50,pop_SSP1,2050,8,933813060.0,772.9640373379573,1.980731,981780860.0
cdd_26p0,mask_50,pop_SSP1,2050,9,220240500.0,358.0746734680103,1.980731,567637300.0
cdd_26p0,mask_50,pop_SSP1,2050,10,17915902.0,52.134190887265255,1.980731,69499650.0
cdd_26p0,mask_50,pop_SSP1,2050,11,80775050.0,22.671109225432048,1.980731,436203360.0
cdd_26p0,mask_50,pop_SSP1,2050,12,18897392.0,24.64264812573913,1.980731,107122160.0
cdd_26p0,mask_50,pop_SSP1,2050,13,40746256.0,122.86533662360195,1.980731,96936720.0
cdd_26p0,mask_50,pop_SSP1,2050,14,11476549.0,27.885613563165673,1.980731,46647932.0
cdd_26p0,mask_50,pop_SSP1,2050,15,69888300.0,219.55273117450847,1.980731,98202280.0
cdd_26p0,mask_50,pop_SSP1,2050,16,33934680.0,41.054692621659186,1.980731,155298020.0
cdd_26p0,mask_50,pop_SSP1,2050,17,322720540.0,677.4397175713141,1.980731,365695940.0
cdd_26p0,mask_50,pop_SSP1,2050,18,1541154800.0,909.4513654566153,1.980731,1573453300.0
cdd_26p0,mask_50,pop_SSP1,2050,19,56743276.0,58.114987862684956,1.980731,73376910.0
cdd_26p0,mask_50,pop_SSP1,2050,20,1083311100.0,216.41173937098804,1.980731,1352791300.0
cdd_26p0,mask_50,pop_SSP1,2050,21,429659650.0,708.9951154730298,1.980731,450295300.0
cdd_26p0,mask_50,pop_SSP1,2050,22,292338180.0,524.9060269397348,1.980731,314288030.0
cdd_26p0,mask_50,pop_SSP1,2050,23,87910216.0,109.40815095042204,1.980731,107435820.0
cdd_26p0,mask_50,pop_SSP1,2050,24,13432999.0,53.39386181607044,1.980731,40958290.0
cdd_26p0,mask_50,pop_SSP1,2050,25,594085400.0,816.4218478272146,1.980731,647567100.0
cdd_26p0,mask_50,pop_SSP1,2050,26,197522370.0,161.69963214008604,1.980731,322151000.0
cdd_26p0,mask_50,pop_SSP1,2060,1,0.0,12.630842340155414,2.268381,43724424.0
cdd_26p0,mask_50,pop_SSP1,2060,2,283719800.0,204.39225617594894,2.268381,386854980.0
cdd_26p0,mask_50,pop_SSP1,2060,3,66780856.0,214.01485950113872,2.268381,140542530.0
cdd_26p0,mask_50,pop_SSP1,2060,4,81392700.0,225.54614845607364,2.268381,105595120.0
cdd_26p0,mask_50,pop_SSP1,2060,5,172916130.0,371.40559870235563,2.268381,215165280.0
cdd_26p0,mask_50,pop_SSP1,2060,6,111418000.0,225.00207180770158,2.268381,243065360.0
cdd_26p0,mask_50,pop_SSP1,2060,7,282426370.0,436.2330928610337,2.268381,285476380.0
cdd_26p0,mask_50,pop_SSP1,2060,8,1047842200.0,861.6470853551612,2.268381,1090710100.0
cdd_26p0,mask_50,pop_SSP1,2060,9,248165810.0,392.1334943632722,2.268381,614193150.0
cdd_26p0,mask_50,pop_SSP1,2060,10,21719104.0,64.72701813126692,2.268381,69521660.0
cdd_26p0,mask_50,pop_SSP1,2060,11,96579340.0,28.69236785250609,2.268381,437019330.0
cdd_26p0,mask_50,pop_SSP1,2060,12,25509016.0,33.121395474949125,2.268381,102368690.0
cdd_26p0,mask_50,pop_SSP1,2060,13,65485560.0,144.98198495739237,2.268381,96692240.0
cdd_26p0,mask_50,pop_SSP1,2060,14,16745342.0,38.158995871673035,2.268381,44486428.0
cdd_26p0,mask_50,pop_SSP1,2060,15,76866560.0,251.72960167738742,2.268381,100182490.0
cdd_26p0,mask_50,pop_SSP1,2060,16,40717004.0,51.5832881828734,2.268381,152653250.0
cdd_26p0,mask_50,pop_SSP1,2060,17,345496130.0,731.9966228791095,2.268381,379247300.0
cdd_26p0,mask_50,pop_SSP1,2060,18,1513626900.0,984.9782807592974,2.268381,1545084400.0
cdd_26p0,mask_50,pop_SSP1,2060,19,56044596.0,71.35838772914501,2.268381,68708940.0
cdd_26p0,mask_50,pop_SSP1,2060,20,1042767000.0,245.0813880493476,2.268381,1258049700.0
cdd_26p0,mask_50,pop_SSP1,2060,21,429002800.0,784.5831977323433,2.268381,444014660.0
cdd_26p0,mask_50,pop_SSP1,2060,22,288885100.0,592.5623377367892,2.268381,309094800.0
cdd_26p0,mask_50,pop_SSP1,2060,23,85015910.0,126.24350451930388,2.268381,101781510.0
cdd_26p0,mask_50,pop_SSP1,2060,24,18846830.0,61.88787945609725,2.268381,42555550.0
cdd_26p0,mask_50,pop_SSP1,2060,25,619664960.0,881.6691431027193,2.268381,671092740.0
cdd_26p0,mask_50,pop_SSP1,2060,26,235628420.0,194.0463771975806,2.268381,354106900.0
cdd_26p0,mask_50,pop_SSP1,2070,1,855112.44,16.743643063948134,2.554702,44364012.0
cdd_26p0,mask_50,pop_SSP1,2070,2,304864830.0,230.3762282801826,2.554702,392172800.0
cdd_26p0,mask_50,pop_SSP1,2070,3,66487904.0,239.8479855734524,2.554702,137426370.0
cdd_26p0,mask_50,pop_SSP1,2070,4,81665870.0,264.0679210995254,2.554702,102546620.0
cdd_26p0,mask_50,pop_SSP1,2070,5,168912370.0,425.6547954841238,2.554702,204359040.0
cdd_26p0,mask_50,pop_SSP1,2070,6,118210800.0,254.80120621757482,2.554702,236221260.0
cdd_26p0,mask_50,pop_SSP1,2070,7,285716260.0,482.5619110150968,2.554702,287188320.0
cdd_26p0,mask_50,pop_SSP1,2070,8,1136375800.0,951.5960555343956,2.554702,1171714300.0
cdd_26p0,mask_50,pop_SSP1,2070,9,268385950.0,426.3969442943338,2.554702,642925440.0
cdd_26p0,mask_50,pop_SSP1,2070,10,30517356.0,78.71375915624121,2.554702,67755464.0
cdd_26p0,mask_50,pop_SSP1,2070,11,103842850.0,35.160860806171776,2.554702,433117380.0
cdd_26p0,mask_50,pop_SSP1,2070,12,30120748.0,42.55645278324019,2.554702,96934740.0
cdd_26p0,mask_50,pop_SSP1,2070,13,72232290.0,168.21453013660584,2.554702,94466090.0
cdd_26p0,mask_50,pop_SSP1,2070,14,18728224.0,49.334826373577044,2.554702,42106644.0
cdd_26p0,mask_50,pop_SSP1,2070,15,80665380.0,284.14410751358736,2.554702,99628890.0
cdd_26p0,mask_50,pop_SSP1,2070,16,45889744.0,62.40228883163421,2.554702,148472910.0
cdd_26p0,mask_50,pop_SSP1,2070,17,351885860.0,787.1407050827792,2.554702,382055680.0
cdd_26p0,mask_50,pop_SSP1,2070,18,1454943700.0,1060.6308348354896,2.554702,1484759600.0
cdd_26p0,mask_50,pop_SSP1,2070,19,52314304.0,84.75214158459589,2.554702,62868164.0
cdd_26p0,mask_50,pop_SSP1,2070,20,978903940.0,273.5025057116636,2.554702,1147859800.0
cdd_26p0,mask_50,pop_SSP1,2070,21,418208800.0,860.0047067211552,2.554702,428890880.0
cdd_26p0,mask_50,pop_SSP1,2070,22,283852130.0,660.3175908828994,2.554702,297357660.0
cdd_26p0,mask_50,pop_SSP1,2070,23,80496696.0,143.08295616524572,2.554702,95463000.0
cdd_26p0,mask_50,pop_SSP1,2070,24,26574376.0,70.89238625053626,2.554702,43537636.0
cdd_26p0,mask_50,pop_SSP1,2070,25,626447170.0,946.8060448849324,2.554702,677983000.0
cdd_26p0,mask_50,pop_SSP1,2070,26,277904500.0,228.1930525812191,2.554702,375558880.0
cdd_26p0,mask_50,pop_SSP1,2080,1,2989076.2,22.84851529154541,2.845921,44620250.0
cdd_26p0,mask_50,pop_SSP1,2080,2,320784100.0,257.2465150201253,2.845921,395203330.0
cdd_26p0,mask_50,pop_SSP1,2080,3,67920690.0,268.10569688721586,2.845921,132715140.0
cdd_26p0,mask_50,pop_SSP1,2080,4,81672350.0,306.37711312755846,2.845921,98098780.0
cdd_26p0,mask_50,pop_SSP1,2080,5,177985890.0,482.7754951684261,2.845921,190773550.0
cdd_26p0,mask_50,pop_SSP1,2080,6,116872744.0,287.07289925043665,2.845921,226005010.0
cdd_26p0,mask_50,pop_SSP1,2080,7,282727400.0,530.6707096253542,2.845921,283658080.0
cdd_26p0,mask_50,pop_SSP1,2080,8,1190744800.0,1045.2070721384791,2.845921,1224136200.0
cdd_26p0,mask_50,pop_SSP1,2080,9,283717760.0,461.17094070151694,2.845921,654119700.0
cdd_26p0,mask_50,pop_SSP1,2080,10,32396538.0,98.46613743752712,2.845921,64471650.0
cdd_26p0,mask_50,pop_SSP1,2080,11,116331630.0,43.33819330211755,2.845921,426984860.0
cdd_26p0,mask_50,pop_SSP1,2080,12,34307410.0,55.541091947519966,2.845921,91174940.0
cdd_26p0,mask_50,pop_SSP1,2080,13,74529240.0,195.528613055126,2.845921,90921100.0
cdd_26p0,mask_50,pop_SSP1,2080,14,22877758.0,63.55225531750763,2.845921,39598330.0
cdd_26p0,mask_50,pop_SSP1,2080,15,80869320.0,316.89285182952256,2.845921,97576300.0
cdd_26p0,mask_50,pop_SSP1,2080,16,53524716.0,73.82510014207337,2.845921,143305800.0
cdd_26p0,mask_50,pop_SSP1,2080,17,353517250.0,845.1046310340784,2.845921,376284930.0
cdd_26p0,mask_50,pop_SSP1,2080,18,1371940600.0,1135.26312165592,2.845921,1396979000.0
cdd_26p0,mask_50,pop_SSP1,2080,19,50001480.0,98.42644672383351,2.845921,57179110.0
cdd_26p0,mask_50,pop_SSP1,2080,20,904207550.0,300.5284250690698,2.845921,1038973760.0
cdd_26p0,mask_50,pop_SSP1,2080,21,399231040.0,934.7268215375561,2.845921,407564600.0
cdd_26p0,mask_50,pop_SSP1,2080,22,271032450.0,728.227412070758,2.845921,281531460.0
cdd_26p0,mask_50,pop_SSP1,2080,23,77038940.0,159.5717446856396,2.845921,87863890.0
cdd_26p0,mask_50,pop_SSP1,2080,24,30280436.0,81.81345320007777,2.845921,43898824.0
cdd_26p0,mask_50,pop_SSP1,2080,25,627132800.0,1011.0090771828735,2.845921,669882750.0
cdd_26p0,mask_50,pop_SSP1,2080,26,309443600.0,268.9492255818309,2.845921,386785280.0
cdd_26p0,mask_50,pop_SSP1,2090,1,10596282.0,32.16855611146604,3.137292,43763460.0
cdd_26p0,mask_50,pop_SSP1,2090,2,334205020.0,284.3946459018283,3.137292,392706430.0
cdd_26p0,mask_50,pop_SSP1,2090,3,67250660.0,290.9362981731613,3.137292,126606850.0
cdd_26p0,mask_50,pop_SSP1,2090,4,77317170.0,343.6449655249783,3.137292,92409900.0
cdd_26p0,mask_50,pop_SSP1,2090,5,166144270.0,535.6155562863487,3.137292,175775840.0
cdd_26p0,mask_50,pop_SSP1,2090,6,112433990.0,315.4705858121827,3.137292,212886300.0
cdd_26p0,mask_50,pop_SSP1,2090,7,275808900.0,573.5586641427279,3.137292,276513900.0
cdd_26p0,mask_50,pop_SSP1,2090,8,1210427400.0,1122.277976214431,3.137292,1243985900.0
cdd_26p0,mask_50,pop_SSP1,2090,9,307788930.0,492.9845226954213,3.137292,648780400.0
cdd_26p0,mask_50,pop_SSP1,2090,10,31773914.0,115.32016308165036,3.137292,60033336.0
cdd_26p0,mask_50,pop_SSP1,2090,11,128258700.0,51.687555093193886,3.137292,413250300.0
cdd_26p0,mask_50,pop_SSP1,2090,12,35089270.0,69.81613094451822,3.137292,85553730.0
cdd_26p0,mask_50,pop_SSP1,2090,13,72930040.0,217.6331543444502,3.137292,86465120.0
cdd_26p0,mask_50,pop_SSP1,2090,14,24524764.0,81.35199965134815,3.137292,37064172.0
cdd_26p0,mask_50,pop_SSP1,2090,15,81061640.0,349.54283417612214,3.137292,94346904.0
cdd_26p0,mask_50,pop_SSP1,2090,16,61700100.0,87.77285103151931,3.137292,137513820.0
cdd_26p0,mask_50,pop_SSP1,2090,17,342785120.0,896.6061196497727,3.137292,364307700.0
cdd_26p0,mask_50,pop_SSP1,2090,18,1264759400.0,1208.0340122430482,3.137292,1287154300.0
cdd_26p0,mask_50,pop_SSP1,2090,19,45936000.0,113.63915929634827,3.137292,51643520.0
cdd_26p0,mask_50,pop_SSP1,2090,20,826453900.0,332.643630719987,3.137292,929867260.0
cdd_26p0,mask_50,pop_SSP1,2090,21,375480800.0,1006.6329410136439,3.137292,381329660.0
cdd_26p0,mask_50,pop_SSP1,2090,22,254870750.0,788.8948960188075,3.137292,263148960.0
cdd_26p0,mask_50,pop_SSP1,2090,23,72186000.0,176.80460241710932,3.137292,80022490.0
cdd_26p0,mask_50,pop_SSP1,2090,24,30143448.0,91.77467032209631,3.137292,43116236.0
cdd_26p0,mask_50,pop_SSP1,2090,25,616091900.0,1075.4920260303907,3.137292,648921200.0
cdd_26p0,mask_50,pop_SSP1,2090,26,316340740.0,303.90723956603875,3.137292,387177100.0
cdd_26p0,mask_50,pop_SSP1,2100,1,21679292.0,44.81186115119275,3.422318,41334500.0
cdd_26p0,mask_50,pop_SSP1,2100,2,330767230.0,311.241218950718,3.422318,382343550.0
cdd_26p0,mask_50,pop_SSP1,2100,3,63561612.0,307.29547842802157,3.422318,118474700.0
cdd_26p0,mask_50,pop_SSP1,2100,4,72728590.0,374.5424660624467,3.422318,85604180.0
cdd_26p0,mask_50,pop_SSP1,2100,5,153252620.0,582.5727953141084,3.422318,159448770.0
cdd_26p0,mask_50,pop_SSP1,2100,6,104543360.0,338.9783691419585,3.422318,196914220.0
cdd_26p0,mask_50,pop_SSP1,2100,7,265709860.0,609.7534922474085,3.422318,266232200.0
cdd_26p0,mask_50,pop_SSP1,2100,8,1197555700.0,1179.458631475979,3.422318,1230346500.0
cdd_26p0,mask_50,pop_SSP1,2100,9,319117500.0,520.835353569579,3.422318,629134000.0
cdd_26p0,mask_50,pop_SSP1,2100,10,29739810.0,128.61394328043923,3.422318,55014532.0
cdd_26p0,mask_50,pop_SSP1,2100,11,141680160.0,60.039271974922016,3.422318,389888200.0
cdd_26p0,mask_50,pop_SSP1,2100,12,38063950.0,85.18951506744665,3.422318,80128870.0
cdd_26p0,mask_50,pop_SSP1,2100,13,73330856.0,233.52148007145078,3.422318,81469210.0
cdd_26p0,mask_50,pop_SSP1,2100,14,25403844.0,102.68876852265737,3.422318,34660790.0
cdd_26p0,mask_50,pop_SSP1,2100,15,78402900.0,381.35462928367514,3.422318,90474380.0
cdd_26p0,mask_50,pop_SSP1,2100,16,73917610.0,104.1822878897098,3.422318,131682300.0
cdd_26p0,mask_50,pop_SSP1,2100,17,326875200.0,939.8582010432023,3.422318,347380600.0
cdd_26p0,mask_50,pop_SSP1,2100,18,1146040800.0,1277.133950168439,3.422318,1164688100.0
cdd_26p0,mask_50,pop_SSP1,2100,19,41345584.0,130.20167367877724,3.422318,45889290.0
cdd_26p0,mask_50,pop_SSP1,2100,20,754156300.0,369.6311856365731,3.422318,831249700.0
cdd_26p0,mask_50,pop_SSP1,2100,21,346956130.0,1073.8388973004317,3.422318,351520450.0
cdd_26p0,mask_50,pop_SSP1,2100,22,234926460.0,840.2514716193392,3.422318,242425780.0
cdd_26p0,mask_50,pop_SSP1,2100,23,65705510.0,194.46960693096057,3.422318,71976080.0
cdd_26p0,mask_50,pop_SSP1,2100,24,29277928.0,100.45895549572397,3.422318,41043690.0
cdd_26p0,mask_50,pop_SSP1,2100,25,588525700.0,1138.8412837990859,3.422318,618490500.0
cdd_26p0,mask_50,pop_SSP1,2100,26,316088000.0,331.7152299837363,3.422318,378042140.0
cdd_26p0,mask_50,pop_SSP2,2040,1,0.0,6.308290592628771,1.693643,41235690.0
cdd_26p0,mask_50,pop_SSP2,2040,2,227258300.0,158.24885977037928,1.693643,367379520.0
cdd_26p0,mask_50,pop_SSP2,2040,3,58583450.0,169.25689135865161,1.693643,142523300.0
cdd_26p0,mask_50,pop_SSP2,2040,4,75330140.0,159.13383621868445,1.693643,108550970.0
cdd_26p0,mask_50,pop_SSP2,2040,5,161240380.0,273.13319112885324,1.693643,227847470.0
cdd_26p0,mask_50,pop_SSP2,2040,6,91250210.0,170.5981097878132,1.693643,248099980.0
cdd_26p0,mask_50,pop_SSP2,2040,7,254507100.0,351.3436934638442,1.693643,267329170.0
cdd_26p0,mask_50,pop_SSP2,2040,8,854303300.0,701.1669518559968,1.693643,912532350.0
cdd_26p0,mask_50,pop_SSP2,2040,9,199889940.0,329.0183543222841,1.693643,536728770.0
cdd_26p0,mask_50,pop_SSP2,2040,10,14201415.0,42.07476079959395,1.693643,67723840.0
cdd_26p0,mask_50,pop_SSP2,2040,11,72010270.0,18.113717563180266,1.693643,429634530.0
cdd_26p0,mask_50,pop_SSP2,2040,12,14999248.0,19.09524662862341,1.693643,111103150.0
cdd_26p0,mask_50,pop_SSP2,2040,13,36988136.0,106.26565153574064,1.693643,95478960.0
cdd_26p0,mask_50,pop_SSP2,2040,14,5270517.5,21.654879193858136,1.693643,48097216.0
cdd_26p0,mask_50,pop_SSP2,2040,15,65756050.0,193.77533147915238,1.693643,95847944.0
cdd_26p0,mask_50,pop_SSP2,2040,16,28929070.0,33.96638507492709,1.693643,156275730.0
cdd_26p0,mask_50,pop_SSP2,2040,17,306576160.0,629.197833960315,1.693643,352059260.0
cdd_26p0,mask_50,pop_SSP2,2040,18,1571722500.0,848.0169558652285,1.693643,1604890600.0
cdd_26p0,mask_50,pop_SSP2,2040,19,45098196.0,47.681649496226996,1.693643,76008750.0
cdd_26p0,mask_50,pop_SSP2,2040,20,1105285400.0,192.25461861374367,1.693643,1410251500.0
cdd_26p0,mask_50,pop_SSP2,2040,21,433175800.0,642.3921844355518,1.693643,456747040.0
cdd_26p0,mask_50,pop_SSP2,2040,22,295354620.0,466.3216955503318,1.693643,318782430.0
cdd_26p0,mask_50,pop_SSP2,2040,23,91258940.0,95.818376282328,1.693643,112398424.0
cdd_26p0,mask_50,pop_SSP2,2040,24,11326166.0,46.8845090346051,1.693643,39078732.0
cdd_26p0,mask_50,pop_SSP2,2040,25,572955300.0,760.8287503616264,1.693643,630920060.0
cdd_26p0,mask_50,pop_SSP2,2040,26,171709580.0,137.12300766274234,1.693643,297976000.0
cdd_26p0,mask_50,pop_SSP2,2050,1,0.0,9.013259708293118,1.980731,42558132.0
cdd_26p0,mask_50,pop_SSP2,2050,2,257004670.0,179.0020632238629,1.980731,380150100.0
cdd_26p0,mask_50,pop_SSP2,2050,3,61413264.0,188.89201458444032,1.980731,147781920.0
cdd_26p0,mask_50,pop_SSP2,2050,4,82663350.0,188.12307976113172,1.980731,112591950.0
cdd_26p0,mask_50,pop_SSP2,2050,5,173457330.0,318.11127594671854,1.980731,228028000.0
cdd_26p0,mask_50,pop_SSP2,2050,6,105199340.0,195.9422767162702,1.980731,255523500.0
cdd_26p0,mask_50,pop_SSP2,2050,7,279586900.0,390.6370608390218,1.980731,292867360.0
cdd_26p0,mask_50,pop_SSP2,2050,8,1057665900.0,773.1675013316251,1.980731,1111875200.0
cdd_26p0,mask_50,pop_SSP2,2050,9,243774300.0,357.7003795450093,1.980731,628347100.0
cdd_26p0,mask_50,pop_SSP2,2050,10,17970380.0,52.31144761079668,1.980731,69606420.0
cdd_26p0,mask_50,pop_SSP2,2050,11,80304200.0,22.671464300861505,1.980731,433655460.0
cdd_26p0,mask_50,pop_SSP2,2050,12,18723678.0,24.64202877886465,1.980731,106137620.0
cdd_26p0,mask_50,pop_SSP2,2050,13,41164600.0,123.31232550379241,1.980731,97837060.0
cdd_26p0,mask_50,pop_SSP2,2050,14,11351419.0,27.88543659003541,1.980731,46139016.0
cdd_26p0,mask_50,pop_SSP2,2050,15,74099990.0,219.80823357584043,1.980731,104102540.0
cdd_26p0,mask_50,pop_SSP2,2050,16,33806984.0,41.102804331292916,1.980731,154594640.0
cdd_26p0,mask_50,pop_SSP2,2050,17,338881200.0,678.0301468190621,1.980731,384014180.0
cdd_26p0,mask_50,pop_SSP2,2050,18,1610481200.0,909.2553665279003,1.980731,1644272400.0
cdd_26p0,mask_50,pop_SSP2,2050,19,55942430.0,58.11084174122365,1.980731,72344100.0
cdd_26p0,mask_50,pop_SSP2,2050,20,1072521700.0,216.386830376362,1.980731,1339330600.0
cdd_26p0,mask_50,pop_SSP2,2050,21,448236670.0,708.8224495278071,1.980731,469752540.0
cdd_26p0,mask_50,pop_SSP2,2050,22,303501730.0,524.8298256050491,1.980731,326289730.0
cdd_26p0,mask_50,pop_SSP2,2050,23,86514590.0,109.40582409689833,1.980731,105730216.0
cdd_26p0,mask_50,pop_SSP2,2050,24,13545652.0,53.401097872038505,1.980731,41301784.0
cdd_26p0,mask_50,pop_SSP2,2050,25,637259000.0,816.6479363621228,1.980731,694634560.0
cdd_26p0,mask_50,pop_SSP2,2050,26,217905500.0,161.7218601311705,1.980731,355352580.0
cdd_26p0,mask_50,pop_SSP2,2060,1,0.0,12.631934400310017,2.268381,43672144.0
cdd_26p0,mask_50,pop_SSP2,2060,2,286463260.0,204.66974747575946,2.268381,390528700.0
cdd_26p0,mask_50,pop_SSP2,2060,3,71451440.0,214.00002442228515,2.268381,150414260.0
cdd_26p0,mask_50,pop_SSP2,2060,4,88022250.0,225.49808388354174,2.268381,114195710.0
cdd_26p0,mask_50,pop_SSP2,2060,5,179815760.0,371.5749855380278,2.268381,223749180.0
cdd_26p0,mask_50,pop_SSP2,2060,6,118331740.0,225.17033432935094,2.268381,258169620.0
cdd_26p0,mask_50,pop_SSP2,2060,7,308470800.0,436.50445336644344,2.268381,311802100.0
cdd_26p0,mask_50,pop_SSP2,2060,8,1254374300.0,861.8597900265482,2.268381,1305529200.0
cdd_26p0,mask_50,pop_SSP2,2060,9,286798400.0,391.7458839303302,2.268381,709911600.0
cdd_26p0,mask_50,pop_SSP2,2060,10,21842798.0,64.93266071378825,2.268381,69768220.0
cdd_26p0,mask_50,pop_SSP2,2060,11,96113420.0,28.692681915170816,2.268381,434905060.0
cdd_26p0,mask_50,pop_SSP2,2060,12,25259676.0,33.1205379750863,2.268381,101370700.0
cdd_26p0,mask_50,pop_SSP2,2060,13,66279564.0,145.46928426422448,2.268381,97814136.0
cdd_26p0,mask_50,pop_SSP2,2060,14,16560478.0,38.158706548070775,2.268381,43993936.0
cdd_26p0,mask_50,pop_SSP2,2060,15,84059510.0,252.01788928554421,2.268381,109548380.0
cdd_26p0,mask_50,pop_SSP2,2060,16,40661890.0,51.63840186812805,2.268381,152312130.0
cdd_26p0,mask_50,pop_SSP2,2060,17,370426100.0,732.6013355958274,2.268381,406616400.0
cdd_26p0,mask_50,pop_SSP2,2060,18,1615172600.0,984.7741733937696,2.268381,1648807700.0
cdd_26p0,mask_50,pop_SSP2,2060,19,54738620.0,71.35312814206735,2.268381,67111020.0
cdd_26p0,mask_50,pop_SSP2,2060,20,1023560960.0,245.05521788220634,2.268381,1234886400.0
cdd_26p0,mask_50,pop_SSP2,2060,21,457034780.0,784.3979334564735,2.268381,473015070.0
cdd_26p0,mask_50,pop_SSP2,2060,22,305906500.0,592.4706897105491,2.268381,327306980.0
cdd_26p0,mask_50,pop_SSP2,2060,23,83107720.0,126.24080583809274,2.268381,99497010.0
cdd_26p0,mask_50,pop_SSP2,2060,24,19138680.0,61.89635773699566,2.268381,43214544.0
cdd_26p0,mask_50,pop_SSP2,2060,25,689011200.0,881.8895888761422,2.268381,746201660.0
cdd_26p0,mask_50,pop_SSP2,2060,26,271099200.0,194.0700740206863,2.268381,407346560.0
cdd_26p0,mask_50,pop_SSP2,2070,1,864450.75,16.745061712754335,2.554702,44633880.0
cdd_26p0,mask_50,pop_SSP2,2070,2,311140540.0,230.66964968938686,2.554702,400180160.0
cdd_26p0,mask_50,pop_SSP2,2070,3,73000060.0,239.84089981767207,2.554702,150940340.0
cdd_26p0,mask_50,pop_SSP2,2070,4,90821620.0,264.02207354285116,2.554702,114043016.0
cdd_26p0,mask_50,pop_SSP2,2070,5,178442800.0,425.8429655925154,2.554702,215887780.0
cdd_26p0,mask_50,pop_SSP2,2070,6,128490430.0,254.992970742494,2.554702,256786940.0
cdd_26p0,mask_50,pop_SSP2,2070,7,321823900.0,482.85315148331523,2.554702,323482020.0
cdd_26p0,mask_50,pop_SSP2,2070,8,1437702300.0,951.8182700004267,2.554702,1482260500.0
cdd_26p0,mask_50,pop_SSP2,2070,9,323729200.0,425.9966890528899,2.554702,775675140.0
cdd_26p0,mask_50,pop_SSP2,2070,10,30978432.0,78.94906227531607,2.554702,68638130.0
cdd_26p0,mask_50,pop_SSP2,2070,11,104047010.0,35.16111972110812,2.554702,433964700.0
cdd_26p0,mask_50,pop_SSP2,2070,12,29916492.0,42.55531990697821,2.554702,96273770.0
cdd_26p0,mask_50,pop_SSP2,2070,13,73393860.0,168.74227760523692,2.554702,95941550.0
cdd_26p0,mask_50,pop_SSP2,2070,14,18620080.0,49.334406644391656,2.554702,41861824.0
cdd_26p0,mask_50,pop_SSP2,2070,15,91159816.0,284.46499982487455,2.554702,112581130.0
cdd_26p0,mask_50,pop_SSP2,2070,16,46105556.0,62.464429418435344,2.554702,149028450.0
cdd_26p0,mask_50,pop_SSP2,2070,17,385672320.0,787.7597695744297,2.554702,418741570.0
cdd_26p0,mask_50,pop_SSP2,2070,18,1590009100.0,1060.418820618756,2.554702,1622686700.0
cdd_26p0,mask_50,pop_SSP2,2070,19,50922630.0,84.74579878580872,2.554702,61197800.0
cdd_26p0,mask_50,pop_SSP2,2070,20,956426900.0,273.47518017025305,2.554702,1121519900.0
cdd_26p0,mask_50,pop_SSP2,2070,21,456781440.0,859.806990148222,2.554702,468443650.0
cdd_26p0,mask_50,pop_SSP2,2070,22,308580100.0,660.2101652117522,2.554702,323262140.0
cdd_26p0,mask_50,pop_SSP2,2070,23,78195710.0,143.07989495273264,2.554702,92734200.0
cdd_26p0,mask_50,pop_SSP2,2070,24,27261890.0,70.90213878775747,2.554702,44664010.0
cdd_26p0,mask_50,pop_SSP2,2070,25,723092350.0,947.0181490599338,2.554702,782588300.0
cdd_26p0,mask_50,pop_SSP2,2070,26,333581820.0,228.21766637838735,2.554702,450714980.0
cdd_26p0,mask_50,pop_SSP2,2080,1,3038696.0,22.850391316383508,2.845921,45265812.0
cdd_26p0,mask_50,pop_SSP2,2080,2,330734660.0,257.55573368406647,2.845921,407399500.0
cdd_26p0,mask_50,pop_SSP2,2080,3,76589540.0,268.1070039623898,2.845921,149714400.0
cdd_26p0,mask_50,pop_SSP2,2080,4,93577450.0,306.33353985631584,2.845921,112397820.0
cdd_26p0,mask_50,pop_SSP2,2080,5,191577150.0,482.98221181121005,2.845921,205340940.0
cdd_26p0,mask_50,pop_SSP2,2080,6,130291580.0,287.28787270003556,2.845921,251980200.0
cdd_26p0,mask_50,pop_SSP2,2080,7,329272580.0,530.9805237191601,2.845921,330356480.0
cdd_26p0,mask_50,pop_SSP2,2080,8,1588647200.0,1045.4394854228588,2.845921,1632995200.0
cdd_26p0,mask_50,pop_SSP2,2080,9,356350530.0,460.7615200498783,2.845921,821835840.0
cdd_26p0,mask_50,pop_SSP2,2080,10,33473452.0,98.73719691014693,2.845921,66502090.0
cdd_26p0,mask_50,pop_SSP2,2080,11,118016744.0,43.338355472066056,2.845921,433175170.0
cdd_26p0,mask_50,pop_SSP2,2080,12,34368824.0,55.5395414875706,2.845921,91335220.0
cdd_26p0,mask_50,pop_SSP2,2080,13,76299230.0,196.09806053656598,2.845921,93042460.0
cdd_26p0,mask_50,pop_SSP2,2080,14,23041008.0,63.55163693376957,2.845921,39881184.0
cdd_26p0,mask_50,pop_SSP2,2080,15,94722890.0,317.24532616469065,2.845921,114282900.0
cdd_26p0,mask_50,pop_SSP2,2080,16,54422630.0,73.8941771886109,2.845921,145581340.0
cdd_26p0,mask_50,pop_SSP2,2080,17,396968300.0,845.7397946591733,2.845921,422534880.0
cdd_26p0,mask_50,pop_SSP2,2080,18,1540548600.0,1135.0438211321016,2.845921,1568660100.0
cdd_26p0,mask_50,pop_SSP2,2080,19,48755336.0,98.41919354245445,2.845921,55754692.0
cdd_26p0,mask_50,pop_SSP2,2080,20,883087600.0,300.50028375960363,2.845921,1014721300.0
cdd_26p0,mask_50,pop_SSP2,2080,21,448536100.0,934.5184181800938,2.845921,457892400.0
cdd_26p0,mask_50,pop_SSP2,2080,22,303585600.0,728.1034246463279,2.845921,315345660.0
cdd_26p0,mask_50,pop_SSP2,2080,23,75355490.0,159.56838330846682,2.845921,85943896.0
cdd_26p0,mask_50,pop_SSP2,2080,24,31476416.0,81.82457873777557,2.845921,45632690.0
cdd_26p0,mask_50,pop_SSP2,2080,25,751280900.0,1011.2055688190582,2.845921,802491800.0
cdd_26p0,mask_50,pop_SSP2,2080,26,386660160.0,268.97207324283954,2.845921,483205730.0
cdd_26p0,mask_50,pop_SSP2,2090,1,10963838.0,32.170983728437044,3.137292,45264700.0
cdd_26p0,mask_50,pop_SSP2,2090,2,348741570.0,284.7143243542182,3.137292,409720960.0
cdd_26p0,mask_50,pop_SSP2,2090,3,78203496.0,290.944928994259,3.137292,147301260.0
cdd_26p0,mask_50,pop_SSP2,2090,4,91656180.0,343.6020574213199,3.137292,109547370.0
cdd_26p0,mask_50,pop_SSP2,2090,5,183040180.0,535.8386709198197,3.137292,193650340.0
cdd_26p0,mask_50,pop_SSP2,2090,6,129124450.0,315.703881378986,3.137292,244516750.0
cdd_26p0,mask_50,pop_SSP2,2090,7,332857500.0,573.885646465123,3.137292,333708300.0
cdd_26p0,mask_50,pop_SSP2,2090,8,1701568600.0,1122.520803051338,3.137292,1748499300.0
cdd_26p0,mask_50,pop_SSP2,2090,9,403436350.0,492.5671609851637,3.137292,850514400.0
cdd_26p0,mask_50,pop_SSP2,2090,10,33817776.0,115.62009533918511,3.137292,63799784.0
cdd_26p0,mask_50,pop_SSP2,2090,11,133633980.0,51.68753902223209,3.137292,430576960.0
cdd_26p0,mask_50,pop_SSP2,2090,12,35759800.0,69.8141411242099,3.137292,87182820.0
cdd_26p0,mask_50,pop_SSP2,2090,13,75517090.0,218.23696657906916,3.137292,89494320.0
cdd_26p0,mask_50,pop_SSP2,2090,14,25202280.0,81.35123318067374,3.137292,38088804.0
cdd_26p0,mask_50,pop_SSP2,2090,15,98704344.0,349.9235861057202,3.137292,114867560.0
cdd_26p0,mask_50,pop_SSP2,2090,16,63866920.0,87.84756134857565,3.137292,142233840.0
cdd_26p0,mask_50,pop_SSP2,2090,17,396417900.0,897.2554662522302,3.137292,421313020.0
cdd_26p0,mask_50,pop_SSP2,2090,18,1471985700.0,1207.8111579485178,3.137292,1498046700.0
cdd_26p0,mask_50,pop_SSP2,2090,19,45092020.0,113.63080549444554,3.137292,50695056.0
cdd_26p0,mask_50,pop_SSP2,2090,20,812260030.0,332.6153741651865,3.137292,913915000.0
cdd_26p0,mask_50,pop_SSP2,2090,21,436028800.0,1006.4090795648975,3.137292,442814980.0
cdd_26p0,mask_50,pop_SSP2,2090,22,294501020.0,788.758473756594,3.137292,304066370.0
cdd_26p0,mask_50,pop_SSP2,2090,23,72365420.0,176.8010453025451,3.137292,80221390.0
cdd_26p0,mask_50,pop_SSP2,2090,24,32139252.0,91.78705373992058,3.137292,45970976.0
cdd_26p0,mask_50,pop_SSP2,2090,25,767934200.0,1075.6737741144445,3.137292,808838660.0
cdd_26p0,mask_50,pop_SSP2,2090,26,410700400.0,303.931721186157,3.137292,502567100.0
cdd_26p0,mask_50,pop_SSP2,2100,1,23449824.0,44.81493152011414,3.422318,44719280.0
cdd_26p0,mask_50,pop_SSP2,2100,2,353447600.0,311.5652607156184,3.422318,408499700.0
cdd_26p0,mask_50,pop_SSP2,2100,3,77309170.0,307.31009502428066,3.422318,144189000.0
cdd_26p0,mask_50,pop_SSP2,2100,4,90092340.0,374.49844079521444,3.422318,106041360.0
cdd_26p0,mask_50,pop_SSP2,2100,5,175148720.0,582.8095814797215,3.422318,182229540.0
cdd_26p0,mask_50,pop_SSP2,2100,6,125080750.0,339.2242096384013,3.422318,235626800.0
cdd_26p0,mask_50,pop_SSP2,2100,7,332378800.0,610.0957154024991,3.422318,333032160.0
cdd_26p0,mask_50,pop_SSP2,2100,8,1774829700.0,1179.7118749944536,3.422318,1823155500.0
cdd_26p0,mask_50,pop_SSP2,2100,9,438266240.0,520.4115731137564,3.422318,864178800.0
cdd_26p0,mask_50,pop_SSP2,2100,10,32875860.0,128.93454207965488,3.422318,60728110.0
cdd_26p0,mask_50,pop_SSP2,2100,11,154450560.0,60.03899213099199,3.422318,425041180.0
cdd_26p0,mask_50,pop_SSP2,2100,12,39763216.0,85.18707178657381,3.422318,83693990.0
cdd_26p0,mask_50,pop_SSP2,2100,13,77106350.0,234.15083193378146,3.422318,85637630.0
cdd_26p0,mask_50,pop_SSP2,2100,14,26633588.0,102.68791281848145,3.422318,36338800.0
cdd_26p0,mask_50,pop_SSP2,2100,15,99231070.0,381.7593972154076,3.422318,114497230.0
cdd_26p0,mask_50,pop_SSP2,2100,16,77772856.0,104.26107414608018,3.422318,138470290.0
cdd_26p0,mask_50,pop_SSP2,2100,17,391810940.0,940.519308924645,3.422318,416395870.0
cdd_26p0,mask_50,pop_SSP2,2100,18,1398885900.0,1276.9117213689722,3.422318,1421647000.0
cdd_26p0,mask_50,pop_SSP2,2100,19,41301164.0,130.19203489599286,3.422318,45837730.0
cdd_26p0,mask_50,pop_SSP2,2100,20,748770750.0,369.60358587062757,3.422318,825335200.0
cdd_26p0,mask_50,pop_SSP2,2100,21,419947000.0,1073.5946824058656,3.422318,425465700.0
cdd_26p0,mask_50,pop_SSP2,2100,22,281423740.0,840.1074254598448,3.422318,290407300.0
cdd_26p0,mask_50,pop_SSP2,2100,23,68340824.0,194.4659731571755,3.422318,74862880.0
cdd_26p0,mask_50,pop_SSP2,2100,24,32646792.0,100.47244223193753,3.422318,45766380.0
cdd_26p0,mask_50,pop_SSP2,2100,25,767534140.0,1139.009572340481,3.422318,806595840.0
cdd_26p0,mask_50,pop_SSP2,2100,26,427780600.0,331.74504373086967,3.422318,511516400.0
cdd_26p0,mask_50,pop_SSP3,2040,1,0.0,6.315618121110216,1.693643,40483924.0
cdd_26p0,mask_50,pop_SSP3,2040,2,226060130.0,158.66317010706922,1.693643,365363970.0
cdd_26p0,mask_50,pop_SSP3,2040,3,60471104.0,169.2161097598955,1.693643,147148340.0
cdd_26p0,mask_50,pop_SSP3,2040,4,78238630.0,159.06752234522529,1.693643,112742000.0
cdd_26p0,mask_50,pop_SSP3,2040,5,164090940.0,273.3289784448457,1.693643,231874340.0
cdd_26p0,mask_50,pop_SSP3,2040,6,93745390.0,170.77346340384474,1.693643,254898480.0
cdd_26p0,mask_50,pop_SSP3,2040,7,263351500.0,351.6278111621689,1.693643,276619230.0
cdd_26p0,mask_50,pop_SSP3,2040,8,899241900.0,701.2260996694168,1.693643,960487400.0
cdd_26p0,mask_50,pop_SSP3,2040,9,209558980.0,328.7683306432817,1.693643,562667500.0
cdd_26p0,mask_50,pop_SSP3,2040,10,14191350.0,42.218555261776665,1.693643,67615390.0
cdd_26p0,mask_50,pop_SSP3,2040,11,71269870.0,18.113503148922124,1.693643,425228200.0
cdd_26p0,mask_50,pop_SSP3,2040,12,15132548.0,19.100543752895668,1.693643,112074770.0
cdd_26p0,mask_50,pop_SSP3,2040,13,37841030.0,106.58536600548784,1.693643,97681940.0
cdd_26p0,mask_50,pop_SSP3,2040,14,5247271.5,21.65220329779482,1.693643,47893124.0
cdd_26p0,mask_50,pop_SSP3,2040,15,68442664.0,194.03999310878837,1.693643,99756710.0
cdd_26p0,mask_50,pop_SSP3,2040,16,28827708.0,34.03066943210989,1.693643,155668030.0
cdd_26p0,mask_50,pop_SSP3,2040,17,314224100.0,629.8977288719042,1.693643,360844930.0
cdd_26p0,mask_50,pop_SSP3,2040,18,1612809700.0,847.7793987879365,1.693643,1646870800.0
cdd_26p0,mask_50,pop_SSP3,2040,19,45238676.0,47.67692803029914,1.693643,76252620.0
cdd_26p0,mask_50,pop_SSP3,2040,20,1116027800.0,192.3487011594338,1.693643,1423951500.0
cdd_26p0,mask_50,pop_SSP3,2040,21,443522500.0,642.14359591701,1.693643,467650600.0
cdd_26p0,mask_50,pop_SSP3,2040,22,301718300.0,466.24182254132586,1.693643,325650850.0
cdd_26p0,mask_50,pop_SSP3,2040,23,90706600.0,95.81971920003843,1.693643,111718130.0
cdd_26p0,mask_50,pop_SSP3,2040,24,11271418.0,46.88906147339214,1.693643,38889836.0
cdd_26p0,mask_50,pop_SSP3,2040,25,598419200.0,761.083809148004,1.693643,658968450.0
cdd_26p0,mask_50,pop_SSP3,2040,26,178488540.0,137.14207978889485,1.693643,309730000.0
cdd_26p0,mask_50,pop_SSP3,2050,1,0.0,9.023329724012806,1.980731,41216212.0
cdd_26p0,mask_50,pop_SSP3,2050,2,255393140.0,179.44075761447976,1.980731,377658750.0
cdd_26p0,mask_50,pop_SSP3,2050,3,65052756.0,188.8575632325263,1.980731,156598080.0
cdd_26p0,mask_50,pop_SSP3,2050,4,88443944.0,188.05378981698198,1.980731,120465210.0
cdd_26p0,mask_50,pop_SSP3,2050,5,179012060.0,318.3344875479142,1.980731,235328510.0
cdd_26p0,mask_50,pop_SSP3,2050,6,110512050.0,196.1471488728195,1.980731,268450700.0
cdd_26p0,mask_50,pop_SSP3,2050,7,298277900.0,390.9431312432781,1.980731,312446270.0
cdd_26p0,mask_50,pop_SSP3,2050,8,1163176800.0,773.2235688473388,1.980731,1222742300.0
cdd_26p0,mask_50,pop_SSP3,2050,9,266611490.0,357.4477944344005,1.980731,687176300.0
cdd_26p0,mask_50,pop_SSP3,2050,10,18092550.0,52.48081936218423,1.980731,69993380.0
cdd_26p0,mask_50,pop_SSP3,2050,11,78951210.0,22.671264679357495,1.980731,426360400.0
cdd_26p0,mask_50,pop_SSP3,2050,12,19038682.0,24.64687224994522,1.980731,107896490.0
cdd_26p0,mask_50,pop_SSP3,2050,13,42899816.0,123.6639000250052,1.980731,101955340.0
cdd_26p0,mask_50,pop_SSP3,2050,14,11280733.0,27.882355299838103,1.980731,45861864.0
cdd_26p0,mask_50,pop_SSP3,2050,15,79840100.0,220.10576516405328,1.980731,112153120.0
cdd_26p0,mask_50,pop_SSP3,2050,16,33724064.0,41.175519619518624,1.980731,154105740.0
cdd_26p0,mask_50,pop_SSP3,2050,17,355256450.0,678.7514908684644,1.980731,402574850.0
cdd_26p0,mask_50,pop_SSP3,2050,18,1689302800.0,909.0076432291575,1.980731,1724801000.0
cdd_26p0,mask_50,pop_SSP3,2050,19,56080028.0,58.10547565576409,1.980731,72531310.0
cdd_26p0,mask_50,pop_SSP3,2050,20,1090249200.0,216.4877935120475,1.980731,1361459700.0
cdd_26p0,mask_50,pop_SSP3,2050,21,468770400.0,708.5611932747119,1.980731,491265600.0
cdd_26p0,mask_50,pop_SSP3,2050,22,315668740.0,524.7357601503858,1.980731,339370240.0
cdd_26p0,mask_50,pop_SSP3,2050,23,85716780.0,109.40733152342854,1.980731,104755220.0
cdd_26p0,mask_50,pop_SSP3,2050,24,13466580.0,53.406347812924835,1.980731,41060684.0
cdd_26p0,mask_50,pop_SSP3,2050,25,690167600.0,816.9140499446652,1.980731,752317300.0
cdd_26p0,mask_50,pop_SSP3,2050,26,235703520.0,161.73981643583843,1.980731,384356320.0
cdd_26p0,mask_50,pop_SSP3,2060,1,0.0,12.645639652437271,2.268381,41926972.0
cdd_26p0,mask_50,pop_SSP3,2060,2,286434100.0,205.13557620693462,2.268381,390365020.0
cdd_26p0,mask_50,pop_SSP3,2060,3,78307120.0,213.97646937505672,2.268381,164916400.0
cdd_26p0,mask_50,pop_SSP3,2060,4,97624130.0,225.4315917855608,2.268381,126652400.0
cdd_26p0,mask_50,pop_SSP3,2060,5,189087100.0,371.82632195411713,2.268381,235283580.0
cdd_26p0,mask_50,pop_SSP3,2060,6,127887910.0,225.4085997024488,2.268381,279048260.0
cdd_26p0,mask_50,pop_SSP3,2060,7,341497500.0,436.83526106061237,2.268381,345185540.0
cdd_26p0,mask_50,pop_SSP3,2060,8,1449984300.0,861.9133610305553,2.268381,1509065200.0
cdd_26p0,mask_50,pop_SSP3,2060,9,329687580.0,391.487924295637,2.268381,816020200.0
cdd_26p0,mask_50,pop_SSP3,2060,10,22338888.0,65.1293075027708,2.268381,71220456.0
cdd_26p0,mask_50,pop_SSP3,2060,11,94292260.0,28.692551355412288,2.268381,426685060.0
cdd_26p0,mask_50,pop_SSP3,2060,12,26007612.0,33.12410173414111,2.268381,104345420.0
cdd_26p0,mask_50,pop_SSP3,2060,13,70711256.0,145.8569162813468,2.268381,104349270.0
cdd_26p0,mask_50,pop_SSP3,2060,14,16491050.0,38.15491657328017,2.268381,43786800.0
cdd_26p0,mask_50,pop_SSP3,2060,15,94285690.0,252.3540876166882,2.268381,122868824.0
cdd_26p0,mask_50,pop_SSP3,2060,16,40785536.0,51.721858316591415,2.268381,152645900.0
cdd_26p0,mask_50,pop_SSP3,2060,17,399217000.0,733.3406149444961,2.268381,438224400.0
cdd_26p0,mask_50,pop_SSP3,2060,18,1745516800.0,984.5160622160222,2.268381,1781953500.0
cdd_26p0,mask_50,pop_SSP3,2060,19,54963164.0,71.34704116203514,2.268381,67400760.0
cdd_26p0,mask_50,pop_SSP3,2060,20,1051362200.0,245.16275719127754,2.268381,1268408000.0
cdd_26p0,mask_50,pop_SSP3,2060,21,491146700.0,784.1172365147784,2.268381,508313340.0
cdd_26p0,mask_50,pop_SSP3,2060,22,326218530.0,592.3574987119803,2.268381,349039870.0
cdd_26p0,mask_50,pop_SSP3,2060,23,82123580.0,126.24255430641777,2.268381,98318810.0
cdd_26p0,mask_50,pop_SSP3,2060,24,19103736.0,61.90250856130154,2.268381,43135644.0
cdd_26p0,mask_50,pop_SSP3,2060,25,780248600.0,882.1491363843194,2.268381,845022850.0
cdd_26p0,mask_50,pop_SSP3,2060,26,307481300.0,194.08727281144712,2.268381,461982820.0
cdd_26p0,mask_50,pop_SSP3,2070,1,848027.2,16.762595753705234,2.554702,42907930.0
cdd_26p0,mask_50,pop_SSP3,2070,2,316724100.0,231.1625164562939,2.554702,407231700.0
cdd_26p0,mask_50,pop_SSP3,2070,3,83372060.0,239.82869808057666,2.554702,172477180.0
cdd_26p0,mask_50,pop_SSP3,2070,4,105045010.0,263.95878332384933,2.554702,131902680.0
cdd_26p0,mask_50,pop_SSP3,2070,5,192470270.0,426.1221496485614,2.554702,232856380.0
cdd_26p0,mask_50,pop_SSP3,2070,6,143778060.0,255.26452070966883,2.554702,287372580.0
cdd_26p0,mask_50,pop_SSP3,2070,7,371580060.0,483.20830710146333,2.554702,373494530.0
cdd_26p0,mask_50,pop_SSP3,2070,8,1749026300.0,951.8695060961819,2.554702,1803212200.0
cdd_26p0,mask_50,pop_SSP3,2070,9,392020400.0,425.73392115989134,2.554702,939222000.0
cdd_26p0,mask_50,pop_SSP3,2070,10,32442646.0,79.17434861001169,2.554702,71749976.0
cdd_26p0,mask_50,pop_SSP3,2070,11,103171816.0,35.161072675560405,2.554702,430315070.0
cdd_26p0,mask_50,pop_SSP3,2070,12,31429456.0,42.55733205372097,2.554702,101163260.0
cdd_26p0,mask_50,pop_SSP3,2070,13,80888880.0,169.1664436831533,2.554702,105735150.0
cdd_26p0,mask_50,pop_SSP3,2070,14,18728864.0,49.32989476854631,2.554702,42083730.0
cdd_26p0,mask_50,pop_SSP3,2070,15,106695680.0,284.8396715092634,2.554702,131761620.0
cdd_26p0,mask_50,pop_SSP3,2070,16,46918704.0,62.5586556164221,2.554702,151516780.0
cdd_26p0,mask_50,pop_SSP3,2070,17,430159800.0,788.5171022740952,2.554702,467048130.0
cdd_26p0,mask_50,pop_SSP3,2070,18,1784856300.0,1060.1505378384704,2.554702,1821655300.0
cdd_26p0,mask_50,pop_SSP3,2070,19,51692364.0,84.73893138414371,2.554702,62143024.0
cdd_26p0,mask_50,pop_SSP3,2070,20,1004431300.0,273.58902458590273,2.554702,1177790500.0
cdd_26p0,mask_50,pop_SSP3,2070,21,508160350.0,859.5071407317411,2.554702,521132830.0
cdd_26p0,mask_50,pop_SSP3,2070,22,339979170.0,660.0774386485177,2.554702,356155140.0
cdd_26p0,mask_50,pop_SSP3,2070,23,77663060.0,143.08187832655187,2.554702,92102504.0
cdd_26p0,mask_50,pop_SSP3,2070,24,27555048.0,70.90921388890094,2.554702,45144300.0
cdd_26p0,mask_50,pop_SSP3,2070,25,859253400.0,947.2679361981695,2.554702,929965500.0
cdd_26p0,mask_50,pop_SSP3,2070,26,397645250.0,228.23352341069892,2.554702,537235700.0
cdd_26p0,mask_50,pop_SSP3,2080,1,2982769.0,22.872452420760563,2.845921,43977050.0
cdd_26p0,mask_50,pop_SSP3,2080,2,345927970.0,258.07539439451915,2.845921,425981920.0
cdd_26p0,mask_50,pop_SSP3,2080,3,91716040.0,268.1071332091057,2.845921,179385540.0
cdd_26p0,mask_50,pop_SSP3,2080,4,113410350.0,306.2735231175146,2.845921,136219100.0
cdd_26p0,mask_50,pop_SSP3,2080,5,213784200.0,483.2888867283297,2.845921,229142990.0
cdd_26p0,mask_50,pop_SSP3,2080,6,151949970.0,287.59229854954106,2.845921,293904060.0
cdd_26p0,mask_50,pop_SSP3,2080,7,398911400.0,531.3584153286939,2.845921,400224580.0
cdd_26p0,mask_50,pop_SSP3,2080,8,2030274000.0,1045.4888114289538,2.845921,2086932400.0
cdd_26p0,mask_50,pop_SSP3,2080,9,453922000.0,460.4970576595546,2.845921,1046764160.0
cdd_26p0,mask_50,pop_SSP3,2080,10,36171748.0,98.99752473824225,2.845921,71751544.0
cdd_26p0,mask_50,pop_SSP3,2080,11,119650180.0,43.33844029120275,2.845921,439119700.0
cdd_26p0,mask_50,pop_SSP3,2080,12,37377064.0,55.539033009468945,2.845921,99345624.0
cdd_26p0,mask_50,pop_SSP3,2080,13,87644880.0,196.5608828191198,2.845921,106874620.0
cdd_26p0,mask_50,pop_SSP3,2080,14,23793674.0,63.54641288915998,2.845921,41169890.0
cdd_26p0,mask_50,pop_SSP3,2080,15,116181230.0,317.6573015637323,2.845921,140167870.0
cdd_26p0,mask_50,pop_SSP3,2080,16,57064596.0,73.99898826439991,2.845921,152507900.0
cdd_26p0,mask_50,pop_SSP3,2080,17,462198500.0,846.5174492105555,2.845921,491970240.0
cdd_26p0,mask_50,pop_SSP3,2080,18,1808964700.0,1134.7659795725099,2.845921,1841970200.0
cdd_26p0,mask_50,pop_SSP3,2080,19,50626560.0,98.41128475096629,2.845921,57913860.0
cdd_26p0,mask_50,pop_SSP3,2080,20,957116860.0,300.619602443726,2.845921,1099774300.0
cdd_26p0,mask_50,pop_SSP3,2080,21,521109630.0,934.2020199784512,2.845921,531978050.0
cdd_26p0,mask_50,pop_SSP3,2080,22,348015700.0,727.9501917070969,2.845921,361496830.0
cdd_26p0,mask_50,pop_SSP3,2080,23,76422290.0,159.57056051974405,2.845921,87160590.0
cdd_26p0,mask_50,pop_SSP3,2080,24,32449738.0,81.83265042364997,2.845921,47043750.0
cdd_26p0,mask_50,pop_SSP3,2080,25,938265540.0,1011.4369712535351,2.845921,1002221500.0
cdd_26p0,mask_50,pop_SSP3,2080,26,483875650.0,268.98392341596406,2.845921,604655900.0
cdd_26p0,mask_50,pop_SSP3,2090,1,10942084.0,32.19883482694417,3.137292,44979364.0
cdd_26p0,mask_50,pop_SSP3,2090,2,378762240.0,285.25197162825475,3.137292,444843650.0
cdd_26p0,mask_50,pop_SSP3,2090,3,98875110.0,290.9557962952076,3.137292,186358780.0
cdd_26p0,mask_50,pop_SSP3,2090,4,117229440.0,343.543042480189,3.137292,140112080.0
cdd_26p0,mask_50,pop_SSP3,2090,5,213707330.0,536.1696557055843,3.137292,226093950.0
cdd_26p0,mask_50,pop_SSP3,2090,6,158322460.0,316.03426816358075,3.137292,299846850.0
cdd_26p0,mask_50,pop_SSP3,2090,7,425108900.0,574.2845425532013,3.137292,426195500.0
cdd_26p0,mask_50,pop_SSP3,2090,8,2281985500.0,1122.5702383716462,3.137292,2344929300.0
cdd_26p0,mask_50,pop_SSP3,2090,9,542408900.0,492.3010141426036,3.137292,1143401300.0
cdd_26p0,mask_50,pop_SSP3,2090,10,38001656.0,115.90854664194862,3.137292,71592950.0
cdd_26p0,mask_50,pop_SSP3,2090,11,139889760.0,51.687802945351514,3.137292,450691100.0
cdd_26p0,mask_50,pop_SSP3,2090,12,40724348.0,69.81179574655481,3.137292,99307016.0
cdd_26p0,mask_50,pop_SSP3,2090,13,91247190.0,218.7314999678939,3.137292,108132840.0
cdd_26p0,mask_50,pop_SSP3,2090,14,27118728.0,81.3450333174391,3.137292,40975320.0
cdd_26p0,mask_50,pop_SSP3,2090,15,127169170.0,350.3688745883867,3.137292,147985220.0
cdd_26p0,mask_50,pop_SSP3,2090,16,69809840.0,87.96075140735793,3.137292,155349680.0
cdd_26p0,mask_50,pop_SSP3,2090,17,486199170.0,898.0508198913374,3.137292,516737860.0
cdd_26p0,mask_50,pop_SSP3,2090,18,1829651600.0,1207.5284889172183,3.137292,1862041900.0
cdd_26p0,mask_50,pop_SSP3,2090,19,48540980.0,113.62218000596917,3.137292,54595016.0
cdd_26p0,mask_50,pop_SSP3,2090,20,921367360.0,332.73670955097043,3.137292,1036669800.0
cdd_26p0,mask_50,pop_SSP3,2090,21,534296420.0,1006.0702533226181,3.137292,542610940.0
cdd_26p0,mask_50,pop_SSP3,2090,22,354416000.0,788.589852448305,3.137292,365927360.0
cdd_26p0,mask_50,pop_SSP3,2090,23,75391880.0,176.80334724530138,3.137292,83576390.0
cdd_26p0,mask_50,pop_SSP3,2090,24,34138624.0,91.79603842596738,3.137292,48830816.0
cdd_26p0,mask_50,pop_SSP3,2090,25,1013064600.0,1075.8879143164722,3.137292,1067009540.0
cdd_26p0,mask_50,pop_SSP3,2090,26,539218200.0,303.9430174740738,3.137292,659791700.0
cdd_26p0,mask_50,pop_SSP3,2100,1,24226582.0,44.84983042100643,3.422318,46129350.0
cdd_26p0,mask_50,pop_SSP3,2100,2,403404220.0,312.1108184838031,3.422318,466091900.0
cdd_26p0,mask_50,pop_SSP3,2100,3,103957950.0,307.32971070694606,3.422318,194026940.0
cdd_26p0,mask_50,pop_SSP3,2100,4,122583960.0,374.4379100319429,3.422318,144284480.0
cdd_26p0,mask_50,pop_SSP3,2100,5,216416320.0,583.1608388019979,3.422318,225164530.0
cdd_26p0,mask_50,pop_SSP3,2100,6,162789600.0,339.5723817263908,3.422318,306703700.0
cdd_26p0,mask_50,pop_SSP3,2100,7,448526370.0,610.5132446277879,3.422318,449408030.0
cdd_26p0,mask_50,pop_SSP3,2100,8,2495487500.0,1179.7636353116898,3.422318,2563487200.0
cdd_26p0,mask_50,pop_SSP3,2100,9,623881400.0,520.143790498989,3.422318,1230168000.0
cdd_26p0,mask_50,pop_SSP3,2100,10,38645696.0,129.2428895202568,3.422318,71287580.0
cdd_26p0,mask_50,pop_SSP3,2100,11,168846020.0,60.03948304317338,3.422318,464625340.0
cdd_26p0,mask_50,pop_SSP3,2100,12,47649016.0,85.18368157103538,3.422318,100308620.0
cdd_26p0,mask_50,pop_SSP3,2100,13,98999500.0,234.66873916630757,3.422318,109952550.0
cdd_26p0,mask_50,pop_SSP3,2100,14,30103218.0,102.68046935089913,3.422318,41067064.0
cdd_26p0,mask_50,pop_SSP3,2100,15,134174120.0,382.2328709213078,3.422318,154809780.0
cdd_26p0,mask_50,pop_SSP3,2100,16,89084880.0,104.3800329542579,3.422318,158531020.0
cdd_26p0,mask_50,pop_SSP3,2100,17,508636200.0,941.329085227714,3.422318,540557630.0
cdd_26p0,mask_50,pop_SSP3,2100,18,1862953600.0,1276.629529654695,3.422318,1893265500.0
cdd_26p0,mask_50,pop_SSP3,2100,19,46751610.0,130.18306537288896,3.422318,51911252.0
cdd_26p0,mask_50,pop_SSP3,2100,20,899187300.0,369.72309507310587,3.422318,991126700.0
cdd_26p0,mask_50,pop_SSP3,2100,21,547598300.0,1073.2274715645856,3.422318,554794400.0
cdd_26p0,mask_50,pop_SSP3,2100,22,358721280.0,839.9293813535799,3.422318,370172320.0
cdd_26p0,mask_50,pop_SSP3,2100,23,73787980.0,194.46832113730278,3.422318,80829896.0
cdd_26p0,mask_50,pop_SSP3,2100,24,36208830.0,100.48222770337905,3.422318,50759870.0
cdd_26p0,mask_50,pop_SSP3,2100,25,1074804500.0,1139.2080690395373,3.422318,1129486200.0
cdd_26p0,mask_50,pop_SSP3,2100,26,590837900.0,331.7595912807272,3.422318,706413600.0
cdd_26p0,mask_50,pop_SSP5,2040,1,0.0,6.301328165533321,1.693643,43332450.0
cdd_26p0,mask_50,pop_SSP5,2040,2,235060260.0,157.98943925613096,1.693643,380137380.0
cdd_26p0,mask_50,pop_SSP5,2040,3,56383730.0,169.42337089530372,1.693643,137109700.0
cdd_26p0,mask_50,pop_SSP5,2040,4,71505410.0,159.20333969287222,1.693643,103039730.0
cdd_26p0,mask_50,pop_SSP5,2040,5,158612660.0,272.99742801921263,1.693643,224136160.0
cdd_26p0,mask_50,pop_SSP5,2040,6,88436440.0,170.4461716771832,1.693643,240428000.0
cdd_26p0,mask_50,pop_SSP5,2040,7,245003860.0,351.0861936226287,1.693643,257347000.0
cdd_26p0,mask_50,pop_SSP5,2040,8,790612700.0,701.0003239277675,1.693643,844544500.0
cdd_26p0,mask_50,pop_SSP5,2040,9,186078370.0,329.39337592077743,1.693643,499649440.0
cdd_26p0,mask_50,pop_SSP5,2040,10,14153111.0,41.90309693248574,1.693643,67583850.0
cdd_26p0,mask_50,pop_SSP5,2040,11,74587520.0,18.115375578399338,1.693643,444985760.0
cdd_26p0,mask_50,pop_SSP5,2040,12,14978914.0,19.091000703730156,1.693643,110979220.0
cdd_26p0,mask_50,pop_SSP5,2040,13,36564390.0,105.96315726623524,1.693643,94398980.0
cdd_26p0,mask_50,pop_SSP5,2040,14,5375446.0,21.645790943217115,1.693643,49036920.0
cdd_26p0,mask_50,pop_SSP5,2040,15,62540410.0,193.46860520428913,1.693643,91172590.0
cdd_26p0,mask_50,pop_SSP5,2040,16,29651606.0,33.9552479462418,1.693643,160273680.0
cdd_26p0,mask_50,pop_SSP5,2040,17,300445300.0,628.7160324729966,1.693643,345014200.0
cdd_26p0,mask_50,pop_SSP5,2040,18,1529297400.0,848.3512518204709,1.693643,1561527600.0
cdd_26p0,mask_50,pop_SSP5,2040,19,45324330.0,47.689893098247545,1.693643,76385490.0
cdd_26p0,mask_50,pop_SSP5,2040,20,1106256300.0,192.26602534835416,1.693643,1411498900.0
cdd_26p0,mask_50,pop_SSP5,2040,21,422355330.0,642.5665094755102,1.693643,445349380.0
cdd_26p0,mask_50,pop_SSP5,2040,22,288982820.0,466.38693847434746,1.693643,311905200.0
cdd_26p0,mask_50,pop_SSP5,2040,23,93095360.0,95.82729583210042,1.693643,114660220.0
cdd_26p0,mask_50,pop_SSP5,2040,24,11688820.0,46.89499187383538,1.693643,40330000.0
cdd_26p0,mask_50,pop_SSP5,2040,25,540086600.0,760.5120637384289,1.693643,594712060.0
cdd_26p0,mask_50,pop_SSP5,2040,26,160819940.0,137.09858032613664,1.693643,279094100.0
cdd_26p0,mask_50,pop_SSP5,2050,1,0.0,9.003773461529805,1.980731,46331800.0
cdd_26p0,mask_50,pop_SSP5,2050,2,272036600.0,178.73022497758626,1.980731,402577570.0
cdd_26p0,mask_50,pop_SSP5,2050,3,57531644.0,189.06034662109315,1.980731,138332980.0
cdd_26p0,mask_50,pop_SSP5,2050,4,75821816.0,188.19578380682094,1.980731,103273816.0
cdd_26p0,mask_50,pop_SSP5,2050,5,168783540.0,317.9561054163404,1.980731,221886370.0
cdd_26p0,mask_50,pop_SSP5,2050,6,99677920.0,195.7649127801795,1.980731,242080480.0
cdd_26p0,mask_50,pop_SSP5,2050,7,261177900.0,390.3598218134991,1.980731,273583650.0
cdd_26p0,mask_50,pop_SSP5,2050,8,925039800.0,772.9977537223442,1.980731,972528600.0
cdd_26p0,mask_50,pop_SSP5,2050,9,216373950.0,358.0835527887033,1.980731,557712000.0
cdd_26p0,mask_50,pop_SSP5,2050,10,17911662.0,52.109169767035475,1.980731,69496184.0
cdd_26p0,mask_50,pop_SSP5,2050,11,85432120.0,22.673216059458532,1.980731,461321340.0
cdd_26p0,mask_50,pop_SSP5,2050,12,18782734.0,24.63671807466576,1.980731,106517320.0
cdd_26p0,mask_50,pop_SSP5,2050,13,40463576.0,122.98178498427907,1.980731,96206350.0
cdd_26p0,mask_50,pop_SSP5,2050,14,11786952.0,27.87367233419979,1.980731,47891656.0
cdd_26p0,mask_50,pop_SSP5,2050,15,67695760.0,219.4630177383172,1.980731,95126180.0
cdd_26p0,mask_50,pop_SSP5,2050,16,35315080.0,41.090784491047636,1.980731,161663440.0
cdd_26p0,mask_50,pop_SSP5,2050,17,326632350.0,677.5331672144882,1.980731,370126800.0
cdd_26p0,mask_50,pop_SSP5,2050,18,1537208200.0,909.602666634556,1.980731,1569378600.0
cdd_26p0,mask_50,pop_SSP5,2050,19,56788240.0,58.12099169315267,1.980731,73432060.0
cdd_26p0,mask_50,pop_SSP5,2050,20,1079066400.0,216.39877521858193,1.980731,1347515400.0
cdd_26p0,mask_50,pop_SSP5,2050,21,429001500.0,709.0049748841305,1.980731,449605060.0
cdd_26p0,mask_50,pop_SSP5,2050,22,292157000.0,524.9066242448538,1.980731,314093250.0
cdd_26p0,mask_50,pop_SSP5,2050,23,89736580.0,109.41584247766235,1.980731,109667816.0
cdd_26p0,mask_50,pop_SSP5,2050,24,14265198.0,53.41318712697003,1.980731,43495732.0
cdd_26p0,mask_50,pop_SSP5,2050,25,574264500.0,816.3189052493863,1.980731,625951600.0
cdd_26p0,mask_50,pop_SSP5,2050,26,195026960.0,161.6976066399282,1.980731,318077120.0
cdd_26p0,mask_50,pop_SSP5,2060,1,0.0,12.619057199112941,2.268381,48951268.0
cdd_26p0,mask_50,pop_SSP5,2060,2,308745730.0,204.3857786450208,2.268381,421112130.0
cdd_26p0,mask_50,pop_SSP5,2060,3,64904580.0,214.16643274200982,2.268381,136508750.0
cdd_26p0,mask_50,pop_SSP5,2060,4,77902500.0,225.5681164184768,2.268381,101067450.0
cdd_26p0,mask_50,pop_SSP5,2060,5,172816600.0,371.3999352718651,2.268381,215042690.0
cdd_26p0,mask_50,pop_SSP5,2060,6,109324150.0,224.9642530283643,2.268381,238479630.0
cdd_26p0,mask_50,pop_SSP5,2060,7,278897150.0,436.20493024320155,2.268381,281909000.0
cdd_26p0,mask_50,pop_SSP5,2060,8,1033383400.0,861.6847633503692,2.268381,1075628300.0
cdd_26p0,mask_50,pop_SSP5,2060,9,242100320.0,392.1409858430703,2.268381,599240960.0
cdd_26p0,mask_50,pop_SSP5,2060,10,21717322.0,64.69801782513103,2.268381,69534510.0
cdd_26p0,mask_50,pop_SSP5,2060,11,104778160.0,28.69410609097322,2.268381,474071840.0
cdd_26p0,mask_50,pop_SSP5,2060,12,25458954.0,33.113665713892786,2.268381,102216340.0
cdd_26p0,mask_50,pop_SSP5,2060,13,64845390.0,145.1083885068553,2.268381,95719980.0
cdd_26p0,mask_50,pop_SSP5,2060,14,17498132.0,38.14251755901405,2.268381,46516504.0
cdd_26p0,mask_50,pop_SSP5,2060,15,73554824.0,251.62734004729992,2.268381,95867900.0
cdd_26p0,mask_50,pop_SSP5,2060,16,43244790.0,51.626171357663765,2.268381,162185360.0
cdd_26p0,mask_50,pop_SSP5,2060,17,350802800.0,732.0921368615699,2.268381,385069500.0
cdd_26p0,mask_50,pop_SSP5,2060,18,1508235800.0,985.134792461828,2.268381,1539514600.0
cdd_26p0,mask_50,pop_SSP5,2060,19,56259804.0,71.36575566053274,2.268381,68967150.0
cdd_26p0,mask_50,pop_SSP5,2060,20,1037223040.0,245.06745889660095,2.268381,1251398500.0
cdd_26p0,mask_50,pop_SSP5,2060,21,428326340.0,784.5939586459953,2.268381,443314000.0
cdd_26p0,mask_50,pop_SSP5,2060,22,288667070.0,592.5630580195577,2.268381,308861500.0
cdd_26p0,mask_50,pop_SSP5,2060,23,87775760.0,126.25242404482252,2.268381,105085610.0
cdd_26p0,mask_50,pop_SSP5,2060,24,20465772.0,61.91052178663687,2.268381,46211076.0
cdd_26p0,mask_50,pop_SSP5,2060,25,590517400.0,881.5712812299276,2.268381,639516160.0
cdd_26p0,mask_50,pop_SSP5,2060,26,231382460.0,194.0449310596585,2.268381,347721730.0
cdd_26p0,mask_50,pop_SSP5,2070,1,971219.44,16.728704320359835,2.554702,50957204.0
cdd_26p0,mask_50,pop_SSP5,2070,2,338630200.0,230.3736903222642,2.554702,435736060.0
cdd_26p0,mask_50,pop_SSP5,2070,3,64201068.0,240.0050925414776,2.554702,132594584.0
cdd_26p0,mask_50,pop_SSP5,2070,4,77510010.0,264.0890164596855,2.554702,97328590.0
cdd_26p0,mask_50,pop_SSP5,2070,5,168835170.0,425.64821708668154,2.554702,204266880.0
cdd_26p0,mask_50,pop_SSP5,2070,6,115505530.0,254.75828779588434,2.554702,230797540.0
cdd_26p0,mask_50,pop_SSP5,2070,7,281281000.0,482.53169457063854,2.554702,282730140.0
cdd_26p0,mask_50,pop_SSP5,2070,8,1116322000.0,951.6376977357951,2.554702,1151005600.0
cdd_26p0,mask_50,pop_SSP5,2070,9,260223500.0,426.40298151936634,2.554702,623450400.0
cdd_26p0,mask_50,pop_SSP5,2070,10,30541688.0,78.68062629727187,2.554702,67827340.0
cdd_26p0,mask_50,pop_SSP5,2070,11,115256860.0,35.16213211442352,2.554702,480712100.0
cdd_26p0,mask_50,pop_SSP5,2070,12,30280032.0,42.546671337462676,2.554702,97409496.0
cdd_26p0,mask_50,pop_SSP5,2070,13,71392536.0,168.35082430177386,2.554702,93346936.0
cdd_26p0,mask_50,pop_SSP5,2070,14,19951546.0,49.31338801572892,2.554702,44880170.0
cdd_26p0,mask_50,pop_SSP5,2070,15,76464640.0,284.02932770377777,2.554702,94441750.0
cdd_26p0,mask_50,pop_SSP5,2070,16,49684216.0,62.45193056273197,2.554702,160806910.0
cdd_26p0,mask_50,pop_SSP5,2070,17,358300220.0,787.2382524452869,2.554702,389016320.0
cdd_26p0,mask_50,pop_SSP5,2070,18,1448533800.0,1060.79210424126,2.554702,1478133200.0
cdd_26p0,mask_50,pop_SSP5,2070,19,52738092.0,84.7608629547164,2.554702,63368810.0
cdd_26p0,mask_50,pop_SSP5,2070,20,972584060.0,273.4876504399207,2.554702,1140496000.0
cdd_26p0,mask_50,pop_SSP5,2070,21,417740600.0,860.016357077082,2.554702,428410430.0
cdd_26p0,mask_50,pop_SSP5,2070,22,283621340.0,660.3184369544502,2.554702,297115900.0
cdd_26p0,mask_50,pop_SSP5,2070,23,84078560.0,143.09307369760975,2.554702,99710800.0
cdd_26p0,mask_50,pop_SSP5,2070,24,29390716.0,70.9184313950321,2.554702,48151736.0
cdd_26p0,mask_50,pop_SSP5,2070,25,589635460.0,946.7146675144644,2.554702,638131300.0
cdd_26p0,mask_50,pop_SSP5,2070,26,271622530.0,228.19227315761404,2.554702,367066000.0
cdd_26p0,mask_50,pop_SSP5,2080,1,3484160.2,22.830307779232683,2.845921,52262844.0
cdd_26p0,mask_50,pop_SSP5,2080,2,361931650.0,257.24784457087327,2.845921,446012320.0
cdd_26p0,mask_50,pop_SSP5,2080,3,65278000.0,268.26881123938625,2.845921,127441710.0
cdd_26p0,mask_50,pop_SSP5,2080,4,77082180.0,306.39729572233125,2.845921,92585890.0
cdd_26p0,mask_50,pop_SSP5,2080,5,177950400.0,482.7679478481266,2.845921,190735710.0
cdd_26p0,mask_50,pop_SSP5,2080,6,113875330.0,287.02502352101016,2.845921,220191060.0
cdd_26p0,mask_50,pop_SSP5,2080,7,277675870.0,530.638594421958,2.845921,278589900.0
cdd_26p0,mask_50,pop_SSP5,2080,8,1166297000.0,1045.25268257952,2.845921,1198967000.0
cdd_26p0,mask_50,pop_SSP5,2080,9,273792770.0,461.17509550157934,2.845921,631325600.0
cdd_26p0,mask_50,pop_SSP5,2080,10,32474142.0,98.42811620505978,2.845921,64640944.0
cdd_26p0,mask_50,pop_SSP5,2080,11,131564584.0,43.33870963399369,2.845921,482969020.0
cdd_26p0,mask_50,pop_SSP5,2080,12,34736136.0,55.52828255197633,2.845921,92288720.0
cdd_26p0,mask_50,pop_SSP5,2080,13,73596310.0,195.67474544128032,2.845921,89766420.0
cdd_26p0,mask_50,pop_SSP5,2080,14,24812812.0,63.52441082667402,2.845921,42962130.0
cdd_26p0,mask_50,pop_SSP5,2080,15,76185730.0,316.7658470344743,2.845921,91924680.0
cdd_26p0,mask_50,pop_SSP5,2080,16,58891930.0,73.88094545090814,2.845921,157745150.0
cdd_26p0,mask_50,pop_SSP5,2080,17,360914940.0,845.2041579321143,2.845921,384154720.0
cdd_26p0,mask_50,pop_SSP5,2080,18,1364972800.0,1135.4273436273506,2.845921,1389885600.0
cdd_26p0,mask_50,pop_SSP5,2080,19,50661160.0,98.4364344738956,2.845921,57924530.0
cdd_26p0,mask_50,pop_SSP5,2080,20,897659000.0,300.51277969908983,2.845921,1031476350.0
cdd_26p0,mask_50,pop_SSP5,2080,21,399193920.0,934.7393167225724,2.845921,407526200.0
cdd_26p0,mask_50,pop_SSP5,2080,22,270810900.0,728.2283906413439,2.845921,281301340.0
cdd_26p0,mask_50,pop_SSP5,2080,23,81401100.0,159.58285838972932,2.845921,92839010.0
cdd_26p0,mask_50,pop_SSP5,2080,24,33995910.0,81.84316594777717,2.845921,49285304.0
cdd_26p0,mask_50,pop_SSP5,2080,25,584775200.0,1010.9279417101053,2.845921,624636300.0
cdd_26p0,mask_50,pop_SSP5,2080,26,301385380.0,268.94948799047216,2.845921,376710100.0
cdd_26p0,mask_50,pop_SSP5,2090,1,12590022.0,32.14595144449371,3.137292,52095904.0
cdd_26p0,mask_50,pop_SSP5,2090,2,381447600.0,284.3954922740572,3.137292,448334460.0
cdd_26p0,mask_50,pop_SSP5,2090,3,64461536.0,291.10401584021247,3.137292,121236936.0
cdd_26p0,mask_50,pop_SSP5,2090,4,72763550.0,343.66492433689643,3.137292,86967870.0
cdd_26p0,mask_50,pop_SSP5,2090,5,166168930.0,535.6073053537374,3.137292,175802430.0
cdd_26p0,mask_50,pop_SSP5,2090,6,109395816.0,315.41889394941444,3.137292,207117020.0
cdd_26p0,mask_50,pop_SSP5,2090,7,270447040.0,573.5248402255223,3.137292,271138300.0
cdd_26p0,mask_50,pop_SSP5,2090,8,1183395300.0,1122.3266430599779,3.137292,1216166100.0
cdd_26p0,mask_50,pop_SSP5,2090,9,296119780.0,492.9871807417354,3.137292,624225340.0
cdd_26p0,mask_50,pop_SSP5,2090,10,31917720.0,115.27816346409021,3.137292,60318396.0
cdd_26p0,mask_50,pop_SSP5,2090,11,147335300.0,51.686804464002066,3.137292,474767650.0
cdd_26p0,mask_50,pop_SSP5,2090,12,35757828.0,69.80016860119855,3.137292,87156970.0
cdd_26p0,mask_50,pop_SSP5,2090,13,72030050.0,217.78749737249987,3.137292,85383620.0
cdd_26p0,mask_50,pop_SSP5,2090,14,26982600.0,81.31818600692775,3.137292,40788630.0
cdd_26p0,mask_50,pop_SSP5,2090,15,76128850.0,349.40477550924123,3.137292,88606020.0
cdd_26p0,mask_50,pop_SSP5,2090,16,68700420.0,87.83390951888308,3.137292,153171410.0
cdd_26p0,mask_50,pop_SSP5,2090,17,350703070.0,896.7073765673867,3.137292,372719740.0
cdd_26p0,mask_50,pop_SSP5,2090,18,1257871100.0,1208.1984190060884,3.137292,1280144800.0
cdd_26p0,mask_50,pop_SSP5,2090,19,46798828.0,113.65048955058155,3.137292,52603030.0
cdd_26p0,mask_50,pop_SSP5,2090,20,820100900.0,332.627492331582,3.137292,922740200.0
cdd_26p0,mask_50,pop_SSP5,2090,21,376022850.0,1006.6462574766604,3.137292,381879500.0
cdd_26p0,mask_50,pop_SSP5,2090,22,254667420.0,788.895973189587,3.137292,262939000.0
cdd_26p0,mask_50,pop_SSP5,2090,23,77048180.0,176.81637655751646,3.137292,85412500.0
cdd_26p0,mask_50,pop_SSP5,2090,24,34303612.0,91.80774312095211,3.137292,49066810.0
cdd_26p0,mask_50,pop_SSP5,2090,25,571011500.0,1075.421258444266,3.137292,601448960.0
cdd_26p0,mask_50,pop_SSP5,2090,26,307417340.0,303.9080005766468,3.137292,376255400.0
cdd_26p0,mask_50,pop_SSP5,2100,1,26140152.0,44.78371817703716,3.422318,49873596.0
cdd_26p0,mask_50,pop_SSP5,2100,2,380455300.0,311.23681412121135,3.422318,439881250.0
cdd_26p0,mask_50,pop_SSP5,2100,3,60920520.0,307.46615429033335,3.422318,113432290.0
cdd_26p0,mask_50,pop_SSP5,2100,4,68447970.0,374.5629628756287,3.422318,80566170.0
cdd_26p0,mask_50,pop_SSP5,2100,5,153337730.0,582.5641479132346,3.422318,159537630.0
cdd_26p0,mask_50,pop_SSP5,2100,6,101738680.0,338.9241999070911,3.422318,191616370.0
cdd_26p0,mask_50,pop_SSP5,2100,7,260365440.0,609.7182065518218,3.422318,260877220.0
cdd_26p0,mask_50,pop_SSP5,2100,8,1169986600.0,1179.5092848519198,3.422318,1201983700.0
cdd_26p0,mask_50,pop_SSP5,2100,9,306584160.0,520.8369719373217,3.422318,604439230.0
cdd_26p0,mask_50,pop_SSP5,2100,10,29944514.0,128.5690537291215,3.422318,55405904.0
cdd_26p0,mask_50,pop_SSP5,2100,11,164604350.0,60.036720333260924,3.422318,453007740.0
cdd_26p0,mask_50,pop_SSP5,2100,12,38929664.0,85.17033294414752,3.422318,81932770.0
cdd_26p0,mask_50,pop_SSP5,2100,13,72507690.0,233.68206249570815,3.422318,80546520.0
cdd_26p0,mask_50,pop_SSP5,2100,14,28164764.0,102.64959911235948,3.422318,38433052.0
cdd_26p0,mask_50,pop_SSP5,2100,15,73632340.0,381.2070501502856,3.422318,84967690.0
cdd_26p0,mask_50,pop_SSP5,2100,16,82775380.0,104.24735518368637,3.422318,147491890.0
cdd_26p0,mask_50,pop_SSP5,2100,17,334758880.0,939.9608752456735,3.422318,355755700.0
cdd_26p0,mask_50,pop_SSP5,2100,18,1139632400.0,1277.2954974528327,3.422318,1158173400.0
cdd_26p0,mask_50,pop_SSP5,2100,19,42361932.0,130.21440004839064,3.422318,47005696.0
cdd_26p0,mask_50,pop_SSP5,2100,20,748242600.0,369.61489156271256,3.422318,824748540.0
cdd_26p0,mask_50,pop_SSP5,2100,21,348091680.0,1073.8529908177413,3.422318,352670080.0
cdd_26p0,mask_50,pop_SSP5,2100,22,234750100.0,840.2526079519604,3.422318,242243790.0
cdd_26p0,mask_50,pop_SSP5,2100,23,70639460.0,194.4816579734837,3.422318,77380890.0
cdd_26p0,mask_50,pop_SSP5,2100,24,33721696.0,100.49497543362791,3.422318,47273250.0
cdd_26p0,mask_50,pop_SSP5,2100,25,544228350.0,1138.780790770934,3.422318,571949250.0
cdd_26p0,mask_50,pop_SSP5,2100,26,306947900.0,331.7158817653438,3.422318,367119550.0
cdd_26p0,mask_100,pop_SSP1,2040,1,0.0,6.307720958255498,1.693643,41337404.0
cdd_26p0,mask_100,pop_SSP1,2040,2,166891840.0,158.00173169937386,1.693643,367037060.0
cdd_26p0,mask_100,pop_SSP1,2040,3,53286816.0,169.28351711076212,1.693643,138872290.0
cdd_26p0,mask_100,pop_SSP1,2040,4,66975668.0,159.18165350789008,1.693643,105208740.0
cdd_26p0,mask_100,pop_SSP1,2040,5,133235290.0,273.0012661717937,1.693643,224225860.0
cdd_26p0,mask_100,pop_SSP1,2040,6,73528270.0,170.47427234737853,1.693643,242465470.0
cdd_26p0,mask_100,pop_SSP1,2040,7,226210180.0,351.1104716264785,1.693643,258731170.0
cdd_26p0,mask_100,pop_SSP1,2040,8,766343940.0,700.9700627261187,1.693643,848988800.0
cdd_26p0,mask_100,pop_SSP1,2040,9,174112450.0,329.382820728959,1.693643,504946800.0
cdd_26p0,mask_100,pop_SSP1,2040,10,9090135.0,41.92432351462106,1.693643,67584720.0
cdd_26p0,mask_100,pop_SSP1,2040,11,33435572.0,18.113389770904178,1.693643,431206400.0
cdd_26p0,mask_100,pop_SSP1,2040,12,2080257.9,19.09571762484947,1.693643,111707960.0
cdd_26p0,mask_100,pop_SSP1,2040,13,31979828.0,105.8561855284218,1.693643,94843990.0
cdd_26p0,mask_100,pop_SSP1,2040,14,0.0,21.65498935056226,1.693643,48440990.0
cdd_26p0,mask_100,pop_SSP1,2040,15,55529630.0,193.54783063623614,1.693643,92945240.0
cdd_26p0,mask_100,pop_SSP1,2040,16,17736396.0,33.92377868375786,1.693643,156855440.0
cdd_26p0,mask_100,pop_SSP1,2040,17,280601800.0,628.6246548939229,1.693643,342136600.0
cdd_26p0,mask_100,pop_SSP1,2040,18,1520857300.0,848.205021053116,1.693643,1563959600.0
cdd_26p0,mask_100,pop_SSP1,2040,19,546515.56,47.684954198045794,1.693643,76428100.0
cdd_26p0,mask_100,pop_SSP1,2040,20,1008539000.0,192.27803811529947,1.693643,1414905100.0
cdd_26p0,mask_100,pop_SSP1,2040,21,417066750.0,642.5574660542156,1.693643,445849020.0
cdd_26p0,mask_100,pop_SSP1,2040,22,281324640.0,466.38643149497585,1.693643,312030500.0
cdd_26p0,mask_100,pop_SSP1,2040,23,69017144.0,95.82044854982253,1.693643,113431120.0
cdd_26p0,mask_100,pop_SSP1,2040,24,4999459.0,46.87823481030669,1.693643,38909136.0
cdd_26p0,mask_100,pop_SSP1,2040,25,540573950.0,760.6119693100692,1.693643,606828100.0
cdd_26p0,mask_100,pop_SSP1,2040,26,133347300.0,137.10110620335075,1.693643,281171600.0
cdd_26p0,mask_100,pop_SSP1,2050,1,0.0,9.012461842323477,1.980731,42730160.0
cdd_26p0,mask_100,pop_SSP1,2050,2,184174900.0,178.74055716309377,1.980731,379067230.0
cdd_26p0,mask_100,pop_SSP1,2050,3,55855296.0,188.9142939540756,1.980731,141275540.0
cdd_26p0,mask_100,pop_SSP1,2050,4,72848090.0,188.17307223228423,1.980731,106730440.0
cdd_26p0,mask_100,pop_SSP1,2050,5,139708510.0,317.9608581595776,1.980731,222007940.0
cdd_26p0,mask_100,pop_SSP1,2050,6,78185660.0,195.79759403512972,1.980731,245458220.0
cdd_26p0,mask_100,pop_SSP1,2050,7,250622910.0,390.3858972519167,1.980731,276054530.0
cdd_26p0,mask_100,pop_SSP1,2050,8,903154240.0,772.9640373379573,1.980731,981780860.0
cdd_26p0,mask_100,pop_SSP1,2050,9,202587580.0,358.0746734680103,1.980731,567637300.0
cdd_26p0,mask_100,pop_SSP1,2050,10,12556365.0,52.134190887265255,1.980731,69499650.0
cdd_26p0,mask_100,pop_SSP1,2050,11,46239996.0,22.671109225432048,1.980731,436203360.0
cdd_26p0,mask_100,pop_SSP1,2050,12,4371074.0,24.64264812573913,1.980731,107122160.0
cdd_26p0,mask_100,pop_SSP1,2050,13,33349996.0,122.86533662360195,1.980731,96936720.0
cdd_26p0,mask_100,pop_SSP1,2050,14,0.0,27.885613563165673,1.980731,46647932.0
cdd_26p0,mask_100,pop_SSP1,2050,15,63323172.0,219.55273117450847,1.980731,98202280.0
cdd_26p0,mask_100,pop_SSP1,2050,16,21316340.0,41.054692621659186,1.980731,155298020.0
cdd_26p0,mask_100,pop_SSP1,2050,17,304276930.0,677.4397175713141,1.980731,365695940.0
cdd_26p0,mask_100,pop_SSP1,2050,18,1535596400.0,909.4513654566153,1.980731,1573453300.0
cdd_26p0,mask_100,pop_SSP1,2050,19,6261319.0,58.114987862684956,1.980731,73376910.0
cdd_26p0,mask_100,pop_SSP1,2050,20,987122300.0,216.41173937098804,1.980731,1352791300.0
cdd_26p0,mask_100,pop_SSP1,2050,21,423975140.0,708.9951154730298,1.980731,450295300.0
cdd_26p0,mask_100,pop_SSP1,2050,22,288762400.0,524.9060269397348,1.980731,314288030.0
cdd_26p0,mask_100,pop_SSP1,2050,23,74655560.0,109.40815095042204,1.980731,107435820.0
cdd_26p0,mask_100,pop_SSP1,2050,24,5552874.0,53.39386181607044,1.980731,40958290.0
cdd_26p0,mask_100,pop_SSP1,2050,25,582158600.0,816.4218478272146,1.980731,647567100.0
cdd_26p0,mask_100,pop_SSP1,2050,26,160812670.0,161.69963214008604,1.980731,322151000.0
cdd_26p0,mask_100,pop_SSP1,2060,1,0.0,12.630842340155414,2.268381,43724424.0
cdd_26p0,mask_100,pop_SSP1,2060,2,220186620.0,204.39225617594894,2.268381,386854980.0
cdd_26p0,mask_100,pop_SSP1,2060,3,56996590.0,214.01485950113872,2.268381,140542530.0
cdd_26p0,mask_100,pop_SSP1,2060,4,77008230.0,225.54614845607364,2.268381,105595120.0
cdd_26p0,mask_100,pop_SSP1,2060,5,144429780.0,371.40559870235563,2.268381,215165280.0
cdd_26p0,mask_100,pop_SSP1,2060,6,79566800.0,225.00207180770158,2.268381,243065360.0
cdd_26p0,mask_100,pop_SSP1,2060,7,265269630.0,436.2330928610337,2.268381,285476380.0
cdd_26p0,mask_100,pop_SSP1,2060,8,1031900000.0,861.6470853551612,2.268381,1090710100.0
cdd_26p0,mask_100,pop_SSP1,2060,9,227753250.0,392.1334943632722,2.268381,614193150.0
cdd_26p0,mask_100,pop_SSP1,2060,10,13705672.0,64.72701813126692,2.268381,69521660.0
cdd_26p0,mask_100,pop_SSP1,2060,11,64943292.0,28.69236785250609,2.268381,437019330.0
cdd_26p0,mask_100,pop_SSP1,2060,12,11366058.0,33.121395474949125,2.268381,102368690.0
cdd_26p0,mask_100,pop_SSP1,2060,13,36325450.0,144.98198495739237,2.268381,96692240.0
cdd_26p0,mask_100,pop_SSP1,2060,14,1897319.8,38.158995871673035,2.268381,44486428.0
cdd_26p0,mask_100,pop_SSP1,2060,15,68446130.0,251.72960167738742,2.268381,100182490.0
cdd_26p0,mask_100,pop_SSP1,2060,16,25181208.0,51.5832881828734,2.268381,152653250.0
cdd_26p0,mask_100,pop_SSP1,2060,17,328118700.0,731.9966228791095,2.268381,379247300.0
cdd_26p0,mask_100,pop_SSP1,2060,18,1512299800.0,984.9782807592974,2.268381,1545084400.0
cdd_26p0,mask_100,pop_SSP1,2060,19,13439381.0,71.35838772914501,2.268381,68708940.0
cdd_26p0,mask_100,pop_SSP1,2060,20,951388800.0,245.0813880493476,2.268381,1258049700.0
cdd_26p0,mask_100,pop_SSP1,2060,21,420956800.0,784.5831977323433,2.268381,444014660.0
cdd_26p0,mask_100,pop_SSP1,2060,22,287384930.0,592.5623377367892,2.268381,309094800.0
cdd_26p0,mask_100,pop_SSP1,2060,23,73275940.0,126.24350451930388,2.268381,101781510.0
cdd_26p0,mask_100,pop_SSP1,2060,24,8096231.5,61.88787945609725,2.268381,42555550.0
cdd_26p0,mask_100,pop_SSP1,2060,25,609341400.0,881.6691431027193,2.268381,671092740.0
cdd_26p0,mask_100,pop_SSP1,2060,26,200117950.0,194.0463771975806,2.268381,354106900.0
cdd_26p0,mask_100,pop_SSP1,2070,1,0.0,16.743643063948134,2.554702,44364012.0
cdd_26p0,mask_100,pop_SSP1,2070,2,244413180.0,230.3762282801826,2.554702,392172800.0
cdd_26p0,mask_100,pop_SSP1,2070,3,57078150.0,239.8479855734524,2.554702,137426370.0
cdd_26p0,mask_100,pop_SSP1,2070,4,77124020.0,264.0679210995254,2.554702,102546620.0
cdd_26p0,mask_100,pop_SSP1,2070,5,148755460.0,425.6547954841238,2.554702,204359040.0
cdd_26p0,mask_100,pop_SSP1,2070,6,81191770.0,254.80120621757482,2.554702,236221260.0
cdd_26p0,mask_100,pop_SSP1,2070,7,271651900.0,482.5619110150968,2.554702,287188320.0
cdd_26p0,mask_100,pop_SSP1,2070,8,1118230100.0,951.5960555343956,2.554702,1171714300.0
cdd_26p0,mask_100,pop_SSP1,2070,9,250100290.0,426.3969442943338,2.554702,642925440.0
cdd_26p0,mask_100,pop_SSP1,2070,10,15221902.0,78.71375915624121,2.554702,67755464.0
cdd_26p0,mask_100,pop_SSP1,2070,11,75233500.0,35.160860806171776,2.554702,433117380.0
cdd_26p0,mask_100,pop_SSP1,2070,12,14962075.0,42.55645278324019,2.554702,96934740.0
cdd_26p0,mask_100,pop_SSP1,2070,13,37860350.0,168.21453013660584,2.554702,94466090.0
cdd_26p0,mask_100,pop_SSP1,2070,14,4821042.0,49.334826373577044,2.554702,42106644.0
cdd_26p0,mask_100,pop_SSP1,2070,15,70325340.0,284.14410751358736,2.554702,99628890.0
cdd_26p0,mask_100,pop_SSP1,2070,16,27523690.0,62.40228883163421,2.554702,148472910.0
cdd_26p0,mask_100,pop_SSP1,2070,17,335018620.0,787.1407050827792,2.554702,382055680.0
cdd_26p0,mask_100,pop_SSP1,2070,18,1454053900.0,1060.6308348354896,2.554702,1484759600.0
cdd_26p0,mask_100,pop_SSP1,2070,19,34071636.0,84.75214158459589,2.554702,62868164.0
cdd_26p0,mask_100,pop_SSP1,2070,20,896585000.0,273.5025057116636,2.554702,1147859800.0
cdd_26p0,mask_100,pop_SSP1,2070,21,409297860.0,860.0047067211552,2.554702,428890880.0
cdd_26p0,mask_100,pop_SSP1,2070,22,277273250.0,660.3175908828994,2.554702,297357660.0
cdd_26p0,mask_100,pop_SSP1,2070,23,72007450.0,143.08295616524572,2.554702,95463000.0
cdd_26p0,mask_100,pop_SSP1,2070,24,10013268.0,70.89238625053626,2.554702,43537636.0
cdd_26p0,mask_100,pop_SSP1,2070,25,618447300.0,946.8060448849324,2.554702,677983000.0
cdd_26p0,mask_100,pop_SSP1,2070,26,230268830.0,228.1930525812191,2.554702,375558880.0
cdd_26p0,mask_100,pop_SSP1,2080,1,0.0,22.84851529154541,2.845921,44620250.0
cdd_26p0,mask_100,pop_SSP1,2080,2,265555920.0,257.2465150201253,2.845921,395203330.0
cdd_26p0,mask_100,pop_SSP1,2080,3,61981270.0,268.10569688721586,2.845921,132715140.0
cdd_26p0,mask_100,pop_SSP1,2080,4,75947550.0,306.37711312755846,2.845921,98098780.0
cdd_26p0,mask_100,pop_SSP1,2080,5,150050690.0,482.7754951684261,2.845921,190773550.0
cdd_26p0,mask_100,pop_SSP1,2080,6,84780590.0,287.07289925043665,2.845921,226005010.0
cdd_26p0,mask_100,pop_SSP1,2080,7,270522300.0,530.6707096253542,2.845921,283658080.0
cdd_26p0,mask_100,pop_SSP1,2080,8,1178678400.0,1045.2070721384791,2.845921,1224136200.0
cdd_26p0,mask_100,pop_SSP1,2080,9,262293660.0,461.17094070151694,2.845921,654119700.0
cdd_26p0,mask_100,pop_SSP1,2080,10,17945164.0,98.46613743752712,2.845921,64471650.0
cdd_26p0,mask_100,pop_SSP1,2080,11,87039370.0,43.33819330211755,2.845921,426984860.0
cdd_26p0,mask_100,pop_SSP1,2080,12,20069646.0,55.541091947519966,2.845921,91174940.0
cdd_26p0,mask_100,pop_SSP1,2080,13,46053920.0,195.528613055126,2.845921,90921100.0
cdd_26p0,mask_100,pop_SSP1,2080,14,11952222.0,63.55225531750763,2.845921,39598330.0
cdd_26p0,mask_100,pop_SSP1,2080,15,69346060.0,316.89285182952256,2.845921,97576300.0
cdd_26p0,mask_100,pop_SSP1,2080,16,31464156.0,73.82510014207337,2.845921,143305800.0
cdd_26p0,mask_100,pop_SSP1,2080,17,339590180.0,845.1046310340784,2.845921,376284930.0
cdd_26p0,mask_100,pop_SSP1,2080,18,1368395800.0,1135.26312165592,2.845921,1396979000.0
cdd_26p0,mask_100,pop_SSP1,2080,19,41009772.0,98.42644672383351,2.845921,57179110.0
cdd_26p0,mask_100,pop_SSP1,2080,20,825251900.0,300.5284250690698,2.845921,1038973760.0
cdd_26p0,mask_100,pop_SSP1,2080,21,393314020.0,934.7268215375561,2.845921,407564600.0
cdd_26p0,mask_100,pop_SSP1,2080,22,268445470.0,728.227412070758,2.845921,281531460.0
cdd_26p0,mask_100,pop_SSP1,2080,23,67569390.0,159.5717446856396,2.845921,87863890.0
cdd_26p0,mask_100,pop_SSP1,2080,24,12999800.0,81.81345320007777,2.845921,43898824.0
cdd_26p0,mask_100,pop_SSP1,2080,25,617580300.0,1011.0090771828735,2.845921,669882750.0
cdd_26p0,mask_100,pop_SSP1,2080,26,254143310.0,268.9492255818309,2.845921,386785280.0
cdd_26p0,mask_100,pop_SSP1,2090,1,575973.9,32.16855611146604,3.137292,43763460.0
cdd_26p0,mask_100,pop_SSP1,2090,2,288374720.0,284.3946459018283,3.137292,392706430.0
cdd_26p0,mask_100,pop_SSP1,2090,3,60772532.0,290.9362981731613,3.137292,126606850.0
cdd_26p0,mask_100,pop_SSP1,2090,4,74883416.0,343.6449655249783,3.137292,92409900.0
cdd_26p0,mask_100,pop_SSP1,2090,5,141789630.0,535.6155562863487,3.137292,175775840.0
cdd_26p0,mask_100,pop_SSP1,2090,6,89516320.0,315.4705858121827,3.137292,212886300.0
cdd_26p0,mask_100,pop_SSP1,2090,7,268865730.0,573.5586641427279,3.137292,276513900.0
cdd_26p0,mask_100,pop_SSP1,2090,8,1206163200.0,1122.277976214431,3.137292,1243985900.0
cdd_26p0,mask_100,pop_SSP1,2090,9,268438200.0,492.9845226954213,3.137292,648780400.0
cdd_26p0,mask_100,pop_SSP1,2090,10,22543344.0,115.32016308165036,3.137292,60033336.0
cdd_26p0,mask_100,pop_SSP1,2090,11,94925560.0,51.687555093193886,3.137292,413250300.0
cdd_26p0,mask_100,pop_SSP1,2090,12,25051752.0,69.81613094451822,3.137292,85553730.0
cdd_26p0,mask_100,pop_SSP1,2090,13,61156920.0,217.6331543444502,3.137292,86465120.0
cdd_26p0,mask_100,pop_SSP1,2090,14,14755312.0,81.35199965134815,3.137292,37064172.0
cdd_26p0,mask_100,pop_SSP1,2090,15,70816290.0,349.54283417612214,3.137292,94346904.0
cdd_26p0,mask_100,pop_SSP1,2090,16,35953660.0,87.77285103151931,3.137292,137513820.0
cdd_26p0,mask_100,pop_SSP1,2090,17,334465000.0,896.6061196497727,3.137292,364307700.0
cdd_26p0,mask_100,pop_SSP1,2090,18,1260746800.0,1208.0340122430482,3.137292,1287154300.0
cdd_26p0,mask_100,pop_SSP1,2090,19,40785190.0,113.63915929634827,3.137292,51643520.0
cdd_26p0,mask_100,pop_SSP1,2090,20,761396900.0,332.643630719987,3.137292,929867260.0
cdd_26p0,mask_100,pop_SSP1,2090,21,371838370.0,1006.6329410136439,3.137292,381329660.0
cdd_26p0,mask_100,pop_SSP1,2090,22,252863260.0,788.8948960188075,3.137292,263148960.0
cdd_26p0,mask_100,pop_SSP1,2090,23,65829110.0,176.80460241710932,3.137292,80022490.0
cdd_26p0,mask_100,pop_SSP1,2090,24,15642898.0,91.77467032209631,3.137292,43116236.0
cdd_26p0,mask_100,pop_SSP1,2090,25,599305150.0,1075.4920260303907,3.137292,648921200.0
cdd_26p0,mask_100,pop_SSP1,2090,26,281627780.0,303.90723956603875,3.137292,387177100.0
cdd_26p0,mask_100,pop_SSP1,2100,1,2295236.5,44.81186115119275,3.422318,41334500.0
cdd_26p0,mask_100,pop_SSP1,2100,2,300426780.0,311.241218950718,3.422318,382343550.0
cdd_26p0,mask_100,pop_SSP1,2100,3,56912890.0,307.29547842802157,3.422318,118474700.0
cdd_26p0,mask_100,pop_SSP1,2100,4,70899944.0,374.5424660624467,3.422318,85604180.0
cdd_26p0,mask_100,pop_SSP1,2100,5,131643440.0,582.5727953141084,3.422318,159448770.0
cdd_26p0,mask_100,pop_SSP1,2100,6,96503260.0,338.9783691419585,3.422318,196914220.0
cdd_26p0,mask_100,pop_SSP1,2100,7,262478300.0,609.7534922474085,3.422318,266232200.0
cdd_26p0,mask_100,pop_SSP1,2100,8,1193946200.0,1179.458631475979,3.422318,1230346500.0
cdd_26p0,mask_100,pop_SSP1,2100,9,268455550.0,520.835353569579,3.422318,629134000.0
cdd_26p0,mask_100,pop_SSP1,2100,10,24747104.0,128.61394328043923,3.422318,55014532.0
cdd_26p0,mask_100,pop_SSP1,2100,11,100386960.0,60.039271974922016,3.422318,389888200.0
cdd_26p0,mask_100,pop_SSP1,2100,12,26758624.0,85.18951506744665,3.422318,80128870.0
cdd_26p0,mask_100,pop_SSP1,2100,13,62686864.0,233.52148007145078,3.422318,81469210.0
cdd_26p0,mask_100,pop_SSP1,2100,14,17634446.0,102.68876852265737,3.422318,34660790.0
cdd_26p0,mask_100,pop_SSP1,2100,15,72491896.0,381.35462928367514,3.422318,90474380.0
cdd_26p0,mask_100,pop_SSP1,2100,16,39783028.0,104.1822878897098,3.422318,131682300.0
cdd_26p0,mask_100,pop_SSP1,2100,17,320170000.0,939.8582010432023,3.422318,347380600.0
cdd_26p0,mask_100,pop_SSP1,2100,18,1143819800.0,1277.133950168439,3.422318,1164688100.0
cdd_26p0,mask_100,pop_SSP1,2100,19,37601260.0,130.20167367877724,3.422318,45889290.0
cdd_26p0,mask_100,pop_SSP1,2100,20,701290240.0,369.6311856365731,3.422318,831249700.0
cdd_26p0,mask_100,pop_SSP1,2100,21,344045150.0,1073.8388973004317,3.422318,351520450.0
cdd_26p0,mask_100,pop_SSP1,2100,22,234194940.0,840.2514716193392,3.422318,242425780.0
cdd_26p0,mask_100,pop_SSP1,2100,23,60120070.0,194.46960693096057,3.422318,71976080.0
cdd_26p0,mask_100,pop_SSP1,2100,24,17346414.0,100.45895549572397,3.422318,41043690.0
cdd_26p0,mask_100,pop_SSP1,2100,25,576720900.0,1138.8412837990859,3.422318,618490500.0
cdd_26p0,mask_100,pop_SSP1,2100,26,289633280.0,331.7152299837363,3.422318,378042140.0
cdd_26p0,mask_100,pop_SSP2,2040,1,0.0,6.308290592628771,1.693643,41235690.0
cdd_26p0,mask_100,pop_SSP2,2040,2,167090690.0,158.24885977037928,1.693643,367379520.0
cdd_26p0,mask_100,pop_SSP2,2040,3,54679240.0,169.25689135865161,1.693643,142523300.0
cdd_26p0,mask_100,pop_SSP2,2040,4,69103360.0,159.13383621868445,1.693643,108550970.0
cdd_26p0,mask_100,pop_SSP2,2040,5,135387970.0,273.13319112885324,1.693643,227847470.0
cdd_26p0,mask_100,pop_SSP2,2040,6,75233950.0,170.5981097878132,1.693643,248099980.0
cdd_26p0,mask_100,pop_SSP2,2040,7,233727440.0,351.3436934638442,1.693643,267329170.0
cdd_26p0,mask_100,pop_SSP2,2040,8,823762800.0,701.1669518559968,1.693643,912532350.0
cdd_26p0,mask_100,pop_SSP2,2040,9,185066190.0,329.0183543222841,1.693643,536728770.0
cdd_26p0,mask_100,pop_SSP2,2040,10,9130198.0,42.07476079959395,1.693643,67723840.0
cdd_26p0,mask_100,pop_SSP2,2040,11,33313812.0,18.113717563180266,1.693643,429634530.0
cdd_26p0,mask_100,pop_SSP2,2040,12,2068981.8,19.09524662862341,1.693643,111103150.0
cdd_26p0,mask_100,pop_SSP2,2040,13,32217718.0,106.26565153574064,1.693643,95478960.0
cdd_26p0,mask_100,pop_SSP2,2040,14,0.0,21.654879193858136,1.693643,48097216.0
cdd_26p0,mask_100,pop_SSP2,2040,15,57270336.0,193.77533147915238,1.693643,95847944.0
cdd_26p0,mask_100,pop_SSP2,2040,16,17684324.0,33.96638507492709,1.693643,156275730.0
cdd_26p0,mask_100,pop_SSP2,2040,17,288735500.0,629.197833960315,1.693643,352059260.0
cdd_26p0,mask_100,pop_SSP2,2040,18,1560621000.0,848.0169558652285,1.693643,1604890600.0
cdd_26p0,mask_100,pop_SSP2,2040,19,543499.7,47.681649496226996,1.693643,76008750.0
cdd_26p0,mask_100,pop_SSP2,2040,20,1005217800.0,192.25461861374367,1.693643,1410251500.0
cdd_26p0,mask_100,pop_SSP2,2040,21,427276860.0,642.3921844355518,1.693643,456747040.0
cdd_26p0,mask_100,pop_SSP2,2040,22,287412200.0,466.3216955503318,1.693643,318782430.0
cdd_26p0,mask_100,pop_SSP2,2040,23,68388790.0,95.818376282328,1.693643,112398424.0
cdd_26p0,mask_100,pop_SSP2,2040,24,5021250.5,46.8845090346051,1.693643,39078732.0
cdd_26p0,mask_100,pop_SSP2,2040,25,562033300.0,760.8287503616264,1.693643,630920060.0
cdd_26p0,mask_100,pop_SSP2,2040,26,141321550.0,137.12300766274234,1.693643,297976000.0
cdd_26p0,mask_100,pop_SSP2,2050,1,0.0,9.013259708293118,1.980731,42558132.0
cdd_26p0,mask_100,pop_SSP2,2050,2,184771780.0,179.0020632238629,1.980731,380150100.0
cdd_26p0,mask_100,pop_SSP2,2050,3,58412576.0,188.89201458444032,1.980731,147781920.0
cdd_26p0,mask_100,pop_SSP2,2050,4,76848910.0,188.12307976113172,1.980731,112591950.0
cdd_26p0,mask_100,pop_SSP2,2050,5,143498140.0,318.11127594671854,1.980731,228028000.0
cdd_26p0,mask_100,pop_SSP2,2050,6,81384960.0,195.9422767162702,1.980731,255523500.0
cdd_26p0,mask_100,pop_SSP2,2050,7,265886700.0,390.6370608390218,1.980731,292867360.0
cdd_26p0,mask_100,pop_SSP2,2050,8,1022974600.0,773.1675013316251,1.980731,1111875200.0
cdd_26p0,mask_100,pop_SSP2,2050,9,224237120.0,357.7003795450093,1.980731,628347100.0
cdd_26p0,mask_100,pop_SSP2,2050,10,12613849.0,52.31144761079668,1.980731,69606420.0
cdd_26p0,mask_100,pop_SSP2,2050,11,45970190.0,22.671464300861505,1.980731,433655460.0
cdd_26p0,mask_100,pop_SSP2,2050,12,4330797.5,24.64202877886465,1.980731,106137620.0
cdd_26p0,mask_100,pop_SSP2,2050,13,33705110.0,123.31232550379241,1.980731,97837060.0
cdd_26p0,mask_100,pop_SSP2,2050,14,0.0,27.88543659003541,1.980731,46139016.0
cdd_26p0,mask_100,pop_SSP2,2050,15,67139810.0,219.80823357584043,1.980731,104102540.0
cdd_26p0,mask_100,pop_SSP2,2050,16,21244464.0,41.102804331292916,1.980731,154594640.0
cdd_26p0,mask_100,pop_SSP2,2050,17,319512540.0,678.0301468190621,1.980731,384014180.0
cdd_26p0,mask_100,pop_SSP2,2050,18,1604675600.0,909.2553665279003,1.980731,1644272400.0
cdd_26p0,mask_100,pop_SSP2,2050,19,6172818.0,58.11084174122365,1.980731,72344100.0
cdd_26p0,mask_100,pop_SSP2,2050,20,977288200.0,216.386830376362,1.980731,1339330600.0
cdd_26p0,mask_100,pop_SSP2,2050,21,442323970.0,708.8224495278071,1.980731,469752540.0
cdd_26p0,mask_100,pop_SSP2,2050,22,299789400.0,524.8298256050491,1.980731,326289730.0
cdd_26p0,mask_100,pop_SSP2,2050,23,73470376.0,109.40582409689833,1.980731,105730216.0
cdd_26p0,mask_100,pop_SSP2,2050,24,5599442.0,53.401097872038505,1.980731,41301784.0
cdd_26p0,mask_100,pop_SSP2,2050,25,624470300.0,816.6479363621228,1.980731,694634560.0
cdd_26p0,mask_100,pop_SSP2,2050,26,177393580.0,161.7218601311705,1.980731,355352580.0
cdd_26p0,mask_100,pop_SSP2,2060,1,0.0,12.631934400310017,2.268381,43672144.0
cdd_26p0,mask_100,pop_SSP2,2060,2,222360590.0,204.66974747575946,2.268381,390528700.0
cdd_26p0,mask_100,pop_SSP2,2060,3,60977300.0,214.00002442228515,2.268381,150414260.0
cdd_26p0,mask_100,pop_SSP2,2060,4,83280620.0,225.49808388354174,2.268381,114195710.0
cdd_26p0,mask_100,pop_SSP2,2060,5,150193900.0,371.5749855380278,2.268381,223749180.0
cdd_26p0,mask_100,pop_SSP2,2060,6,84499070.0,225.17033432935094,2.268381,258169620.0
cdd_26p0,mask_100,pop_SSP2,2060,7,289731740.0,436.50445336644344,2.268381,311802100.0
cdd_26p0,mask_100,pop_SSP2,2060,8,1235373800.0,861.8597900265482,2.268381,1305529200.0
cdd_26p0,mask_100,pop_SSP2,2060,9,263211940.0,391.7458839303302,2.268381,709911600.0
cdd_26p0,mask_100,pop_SSP2,2060,10,13811279.0,64.93266071378825,2.268381,69768220.0
cdd_26p0,mask_100,pop_SSP2,2060,11,64630080.0,28.692681915170816,2.268381,434905060.0
cdd_26p0,mask_100,pop_SSP2,2060,12,11255379.0,33.1205379750863,2.268381,101370700.0
cdd_26p0,mask_100,pop_SSP2,2060,13,36813010.0,145.46928426422448,2.268381,97814136.0
cdd_26p0,mask_100,pop_SSP2,2060,14,1877135.2,38.158706548070775,2.268381,43993936.0
cdd_26p0,mask_100,pop_SSP2,2060,15,74863020.0,252.01788928554421,2.268381,109548380.0
cdd_26p0,mask_100,pop_SSP2,2060,16,25160336.0,51.63840186812805,2.268381,152312130.0
cdd_26p0,mask_100,pop_SSP2,2060,17,351790720.0,732.6013355958274,2.268381,406616400.0
cdd_26p0,mask_100,pop_SSP2,2060,18,1613757700.0,984.7741733937696,2.268381,1648807700.0
cdd_26p0,mask_100,pop_SSP2,2060,19,13125899.0,71.35312814206735,2.268381,67111020.0
cdd_26p0,mask_100,pop_SSP2,2060,20,933855300.0,245.05521788220634,2.268381,1234886400.0
cdd_26p0,mask_100,pop_SSP2,2060,21,448483200.0,784.3979334564735,2.268381,473015070.0
cdd_26p0,mask_100,pop_SSP2,2060,22,304317950.0,592.4706897105491,2.268381,327306980.0
cdd_26p0,mask_100,pop_SSP2,2060,23,71631240.0,126.24080583809274,2.268381,99497010.0
cdd_26p0,mask_100,pop_SSP2,2060,24,8221604.0,61.89635773699566,2.268381,43214544.0
cdd_26p0,mask_100,pop_SSP2,2060,25,677522100.0,881.8895888761422,2.268381,746201660.0
cdd_26p0,mask_100,pop_SSP2,2060,26,230242940.0,194.0700740206863,2.268381,407346560.0
cdd_26p0,mask_100,pop_SSP2,2070,1,0.0,16.745061712754335,2.554702,44633880.0
cdd_26p0,mask_100,pop_SSP2,2070,2,249494910.0,230.66964968938686,2.554702,400180160.0
cdd_26p0,mask_100,pop_SSP2,2070,3,62661570.0,239.84089981767207,2.554702,150940340.0
cdd_26p0,mask_100,pop_SSP2,2070,4,85770530.0,264.02207354285116,2.554702,114043016.0
cdd_26p0,mask_100,pop_SSP2,2070,5,157149820.0,425.8429655925154,2.554702,215887780.0
cdd_26p0,mask_100,pop_SSP2,2070,6,88244990.0,254.992970742494,2.554702,256786940.0
cdd_26p0,mask_100,pop_SSP2,2070,7,305981950.0,482.85315148331523,2.554702,323482020.0
cdd_26p0,mask_100,pop_SSP2,2070,8,1414899800.0,951.8182700004267,2.554702,1482260500.0
cdd_26p0,mask_100,pop_SSP2,2070,9,301677700.0,425.9966890528899,2.554702,775675140.0
cdd_26p0,mask_100,pop_SSP2,2070,10,15488742.0,78.94906227531607,2.554702,68638130.0
cdd_26p0,mask_100,pop_SSP2,2070,11,75382070.0,35.16111972110812,2.554702,433964700.0
cdd_26p0,mask_100,pop_SSP2,2070,12,14859562.0,42.55531990697821,2.554702,96273770.0
cdd_26p0,mask_100,pop_SSP2,2070,13,38537964.0,168.74227760523692,2.554702,95941550.0
cdd_26p0,mask_100,pop_SSP2,2070,14,4793790.5,49.334406644391656,2.554702,41861824.0
cdd_26p0,mask_100,pop_SSP2,2070,15,79490600.0,284.46499982487455,2.554702,112581130.0
cdd_26p0,mask_100,pop_SSP2,2070,16,27670686.0,62.464429418435344,2.554702,149028450.0
cdd_26p0,mask_100,pop_SSP2,2070,17,367180160.0,787.7597695744297,2.554702,418741570.0
cdd_26p0,mask_100,pop_SSP2,2070,18,1589037600.0,1060.418820618756,2.554702,1622686700.0
cdd_26p0,mask_100,pop_SSP2,2070,19,33164612.0,84.74579878580872,2.554702,61197800.0
cdd_26p0,mask_100,pop_SSP2,2070,20,875984450.0,273.47518017025305,2.554702,1121519900.0
cdd_26p0,mask_100,pop_SSP2,2070,21,447065300.0,859.806990148222,2.554702,468443650.0
cdd_26p0,mask_100,pop_SSP2,2070,22,301428130.0,660.2101652117522,2.554702,323262140.0
cdd_26p0,mask_100,pop_SSP2,2070,23,69949110.0,143.07989495273264,2.554702,92734200.0
cdd_26p0,mask_100,pop_SSP2,2070,24,10272324.0,70.90213878775747,2.554702,44664010.0
cdd_26p0,mask_100,pop_SSP2,2070,25,713847800.0,947.0181490599338,2.554702,782588300.0
cdd_26p0,mask_100,pop_SSP2,2070,26,276407550.0,228.21766637838735,2.554702,450714980.0
cdd_26p0,mask_100,pop_SSP2,2080,1,0.0,22.850391316383508,2.845921,45265812.0
cdd_26p0,mask_100,pop_SSP2,2080,2,273843740.0,257.55573368406647,2.845921,407399500.0
cdd_26p0,mask_100,pop_SSP2,2080,3,69886520.0,268.1070039623898,2.845921,149714400.0
cdd_26p0,mask_100,pop_SSP2,2080,4,87018104.0,306.33353985631584,2.845921,112397820.0
cdd_26p0,mask_100,pop_SSP2,2080,5,161510690.0,482.98221181121005,2.845921,205340940.0
cdd_26p0,mask_100,pop_SSP2,2080,6,94507310.0,287.28787270003556,2.845921,251980200.0
cdd_26p0,mask_100,pop_SSP2,2080,7,315057900.0,530.9805237191601,2.845921,330356480.0
cdd_26p0,mask_100,pop_SSP2,2080,8,1572637400.0,1045.4394854228588,2.845921,1632995200.0
cdd_26p0,mask_100,pop_SSP2,2080,9,329451000.0,460.7615200498783,2.845921,821835840.0
cdd_26p0,mask_100,pop_SSP2,2080,10,18599092.0,98.73719691014693,2.845921,66502090.0
cdd_26p0,mask_100,pop_SSP2,2080,11,88303090.0,43.338355472066056,2.845921,433175170.0
cdd_26p0,mask_100,pop_SSP2,2080,12,20103596.0,55.5395414875706,2.845921,91335220.0
cdd_26p0,mask_100,pop_SSP2,2080,13,47215430.0,196.09806053656598,2.845921,93042460.0
cdd_26p0,mask_100,pop_SSP2,2080,14,12038246.0,63.55163693376957,2.845921,39881184.0
cdd_26p0,mask_100,pop_SSP2,2080,15,81244750.0,317.24532616469065,2.845921,114282900.0
cdd_26p0,mask_100,pop_SSP2,2080,16,32019026.0,73.8941771886109,2.845921,145581340.0
cdd_26p0,mask_100,pop_SSP2,2080,17,381325120.0,845.7397946591733,2.845921,422534880.0
cdd_26p0,mask_100,pop_SSP2,2080,18,1536453500.0,1135.0438211321016,2.845921,1568660100.0
cdd_26p0,mask_100,pop_SSP2,2080,19,39987536.0,98.41919354245445,2.845921,55754692.0
cdd_26p0,mask_100,pop_SSP2,2080,20,805969600.0,300.50028375960363,2.845921,1014721300.0
cdd_26p0,mask_100,pop_SSP2,2080,21,441906800.0,934.5184181800938,2.845921,457892400.0
cdd_26p0,mask_100,pop_SSP2,2080,22,300687940.0,728.1034246463279,2.845921,315345660.0
cdd_26p0,mask_100,pop_SSP2,2080,23,66092868.0,159.56838330846682,2.845921,85943896.0
cdd_26p0,mask_100,pop_SSP2,2080,24,13513250.0,81.82457873777557,2.845921,45632690.0
cdd_26p0,mask_100,pop_SSP2,2080,25,739823100.0,1011.2055688190582,2.845921,802491800.0
cdd_26p0,mask_100,pop_SSP2,2080,26,317571900.0,268.97207324283954,2.845921,483205730.0
cdd_26p0,mask_100,pop_SSP2,2090,1,597895.06,32.170983728437044,3.137292,45264700.0
cdd_26p0,mask_100,pop_SSP2,2090,2,300952830.0,284.7143243542182,3.137292,409720960.0
cdd_26p0,mask_100,pop_SSP2,2090,3,70665320.0,290.944928994259,3.137292,147301260.0
cdd_26p0,mask_100,pop_SSP2,2090,4,88771030.0,343.6020574213199,3.137292,109547370.0
cdd_26p0,mask_100,pop_SSP2,2090,5,156210340.0,535.8386709198197,3.137292,193650340.0
cdd_26p0,mask_100,pop_SSP2,2090,6,102798570.0,315.703881378986,3.137292,244516750.0
cdd_26p0,mask_100,pop_SSP2,2090,7,324478000.0,573.885646465123,3.137292,333708300.0
cdd_26p0,mask_100,pop_SSP2,2090,8,1695589400.0,1122.520803051338,3.137292,1748499300.0
cdd_26p0,mask_100,pop_SSP2,2090,9,351791800.0,492.5671609851637,3.137292,850514400.0
cdd_26p0,mask_100,pop_SSP2,2090,10,24014114.0,115.62009533918511,3.137292,63799784.0
cdd_26p0,mask_100,pop_SSP2,2090,11,98907816.0,51.68753902223209,3.137292,430576960.0
cdd_26p0,mask_100,pop_SSP2,2090,12,25524768.0,69.8141411242099,3.137292,87182820.0
cdd_26p0,mask_100,pop_SSP2,2090,13,63360504.0,218.23696657906916,3.137292,89494320.0
cdd_26p0,mask_100,pop_SSP2,2090,14,15162001.0,81.35123318067374,3.137292,38088804.0
cdd_26p0,mask_100,pop_SSP2,2090,15,86228660.0,349.9235861057202,3.137292,114867560.0
cdd_26p0,mask_100,pop_SSP2,2090,16,37247410.0,87.84756134857565,3.137292,142233840.0
cdd_26p0,mask_100,pop_SSP2,2090,17,386797920.0,897.2554662522302,3.137292,421313020.0
cdd_26p0,mask_100,pop_SSP2,2090,18,1467194600.0,1207.8111579485178,3.137292,1498046700.0
cdd_26p0,mask_100,pop_SSP2,2090,19,40035628.0,113.63080549444554,3.137292,50695056.0
cdd_26p0,mask_100,pop_SSP2,2090,20,748315140.0,332.6153741651865,3.137292,913915000.0
cdd_26p0,mask_100,pop_SSP2,2090,21,431799360.0,1006.4090795648975,3.137292,442814980.0
cdd_26p0,mask_100,pop_SSP2,2090,22,292181380.0,788.758473756594,3.137292,304066370.0
cdd_26p0,mask_100,pop_SSP2,2090,23,65992736.0,176.8010453025451,3.137292,80221390.0
cdd_26p0,mask_100,pop_SSP2,2090,24,16678618.0,91.78705373992058,3.137292,45970976.0
cdd_26p0,mask_100,pop_SSP2,2090,25,746984200.0,1075.6737741144445,3.137292,808838660.0
cdd_26p0,mask_100,pop_SSP2,2090,26,365642300.0,303.931721186157,3.137292,502567100.0
cdd_26p0,mask_100,pop_SSP2,2100,1,2478586.0,44.81493152011414,3.422318,44719280.0
cdd_26p0,mask_100,pop_SSP2,2100,2,321046600.0,311.5652607156184,3.422318,408499700.0
cdd_26p0,mask_100,pop_SSP2,2100,3,69215260.0,307.31009502428066,3.422318,144189000.0
cdd_26p0,mask_100,pop_SSP2,2100,4,87827070.0,374.49844079521444,3.422318,106041360.0
cdd_26p0,mask_100,pop_SSP2,2100,5,150453630.0,582.8095814797215,3.422318,182229540.0
cdd_26p0,mask_100,pop_SSP2,2100,6,115458824.0,339.2242096384013,3.422318,235626800.0
cdd_26p0,mask_100,pop_SSP2,2100,7,328336350.0,610.0957154024991,3.422318,333032160.0
cdd_26p0,mask_100,pop_SSP2,2100,8,1769480400.0,1179.7118749944536,3.422318,1823155500.0
cdd_26p0,mask_100,pop_SSP2,2100,9,368623940.0,520.4115731137564,3.422318,864178800.0
cdd_26p0,mask_100,pop_SSP2,2100,10,27403036.0,128.93454207965488,3.422318,60728110.0
cdd_26p0,mask_100,pop_SSP2,2100,11,109439464.0,60.03899213099199,3.422318,425041180.0
cdd_26p0,mask_100,pop_SSP2,2100,12,27955300.0,85.18707178657381,3.422318,83693990.0
cdd_26p0,mask_100,pop_SSP2,2100,13,65950428.0,234.15083193378146,3.422318,85637630.0
cdd_26p0,mask_100,pop_SSP2,2100,14,18487792.0,102.68791281848145,3.422318,36338800.0
cdd_26p0,mask_100,pop_SSP2,2100,15,91751060.0,381.7593972154076,3.422318,114497230.0
cdd_26p0,mask_100,pop_SSP2,2100,16,41898830.0,104.26107414608018,3.422318,138470290.0
cdd_26p0,mask_100,pop_SSP2,2100,17,383776450.0,940.519308924645,3.422318,416395870.0
cdd_26p0,mask_100,pop_SSP2,2100,18,1396179300.0,1276.9117213689722,3.422318,1421647000.0
cdd_26p0,mask_100,pop_SSP2,2100,19,37561052.0,130.19203489599286,3.422318,45837730.0
cdd_26p0,mask_100,pop_SSP2,2100,20,696274940.0,369.60358587062757,3.422318,825335200.0
cdd_26p0,mask_100,pop_SSP2,2100,21,416424200.0,1073.5946824058656,3.422318,425465700.0
cdd_26p0,mask_100,pop_SSP2,2100,22,280547400.0,840.1074254598448,3.422318,290407300.0
cdd_26p0,mask_100,pop_SSP2,2100,23,62531360.0,194.4659731571755,3.422318,74862880.0
cdd_26p0,mask_100,pop_SSP2,2100,24,19342378.0,100.47244223193753,3.422318,45766380.0
cdd_26p0,mask_100,pop_SSP2,2100,25,752120960.0,1139.009572340481,3.422318,806595840.0
cdd_26p0,mask_100,pop_SSP2,2100,26,391972930.0,331.74504373086967,3.422318,511516400.0
cdd_26p0,mask_100,pop_SSP3,2040,1,0.0,6.315618121110216,1.693643,40483924.0
cdd_26p0,mask_100,pop_SSP3,2040,2,166242400.0,158.66317010706922,1.693643,365363970.0
cdd_26p0,mask_100,pop_SSP3,2040,3,56440396.0,169.2161097598955,1.693643,147148340.0
cdd_26p0,mask_100,pop_SSP3,2040,4,71771390.0,159.06752234522529,1.693643,112742000.0
cdd_26p0,mask_100,pop_SSP3,2040,5,137781760.0,273.3289784448457,1.693643,231874340.0
cdd_26p0,mask_100,pop_SSP3,2040,6,77291340.0,170.77346340384474,1.693643,254898480.0
cdd_26p0,mask_100,pop_SSP3,2040,7,241849580.0,351.6278111621689,1.693643,276619230.0
cdd_26p0,mask_100,pop_SSP3,2040,8,867095000.0,701.2260996694168,1.693643,960487400.0
cdd_26p0,mask_100,pop_SSP3,2040,9,194018350.0,328.7683306432817,1.693643,562667500.0
cdd_26p0,mask_100,pop_SSP3,2040,10,9131658.0,42.218555261776665,1.693643,67615390.0
cdd_26p0,mask_100,pop_SSP3,2040,11,32970840.0,18.113503148922124,1.693643,425228200.0
cdd_26p0,mask_100,pop_SSP3,2040,12,2087564.1,19.100543752895668,1.693643,112074770.0
cdd_26p0,mask_100,pop_SSP3,2040,13,32963294.0,106.58536600548784,1.693643,97681940.0
cdd_26p0,mask_100,pop_SSP3,2040,14,0.0,21.65220329779482,1.693643,47893124.0
cdd_26p0,mask_100,pop_SSP3,2040,15,59610188.0,194.03999310878837,1.693643,99756710.0
cdd_26p0,mask_100,pop_SSP3,2040,16,17627236.0,34.03066943210989,1.693643,155668030.0
cdd_26p0,mask_100,pop_SSP3,2040,17,295938340.0,629.8977288719042,1.693643,360844930.0
cdd_26p0,mask_100,pop_SSP3,2040,18,1601387300.0,847.7793987879365,1.693643,1646870800.0
cdd_26p0,mask_100,pop_SSP3,2040,19,545192.6,47.67692803029914,1.693643,76252620.0
cdd_26p0,mask_100,pop_SSP3,2040,20,1014987140.0,192.3487011594338,1.693643,1423951500.0
cdd_26p0,mask_100,pop_SSP3,2040,21,437484740.0,642.14359591701,1.693643,467650600.0
cdd_26p0,mask_100,pop_SSP3,2040,22,293604700.0,466.24182254132586,1.693643,325650850.0
cdd_26p0,mask_100,pop_SSP3,2040,23,67974870.0,95.81971920003843,1.693643,111718130.0
cdd_26p0,mask_100,pop_SSP3,2040,24,4996978.5,46.88906147339214,1.693643,38889836.0
cdd_26p0,mask_100,pop_SSP3,2040,25,587015200.0,761.083809148004,1.693643,658968450.0
cdd_26p0,mask_100,pop_SSP3,2040,26,146896960.0,137.14207978889485,1.693643,309730000.0
cdd_26p0,mask_100,pop_SSP3,2050,1,0.0,9.023329724012806,1.980731,41216212.0
cdd_26p0,mask_100,pop_SSP3,2050,2,183678690.0,179.44075761447976,1.980731,377658750.0
cdd_26p0,mask_100,pop_SSP3,2050,3,61873300.0,188.8575632325263,1.980731,156598080.0
cdd_26p0,mask_100,pop_SSP3,2050,4,82222856.0,188.05378981698198,1.980731,120465210.0
cdd_26p0,mask_100,pop_SSP3,2050,5,148094080.0,318.3344875479142,1.980731,235328510.0
cdd_26p0,mask_100,pop_SSP3,2050,6,85492980.0,196.1471488728195,1.980731,268450700.0
cdd_26p0,mask_100,pop_SSP3,2050,7,283661600.0,390.9431312432781,1.980731,312446270.0
cdd_26p0,mask_100,pop_SSP3,2050,8,1125048000.0,773.2235688473388,1.980731,1222742300.0
cdd_26p0,mask_100,pop_SSP3,2050,9,245244430.0,357.4477944344005,1.980731,687176300.0
cdd_26p0,mask_100,pop_SSP3,2050,10,12715523.0,52.48081936218423,1.980731,69993380.0
cdd_26p0,mask_100,pop_SSP3,2050,11,45193630.0,22.671264679357495,1.980731,426360400.0
cdd_26p0,mask_100,pop_SSP3,2050,12,4404416.5,24.64687224994522,1.980731,107896490.0
cdd_26p0,mask_100,pop_SSP3,2050,13,35128904.0,123.6639000250052,1.980731,101955340.0
cdd_26p0,mask_100,pop_SSP3,2050,14,0.0,27.882355299838103,1.980731,45861864.0
cdd_26p0,mask_100,pop_SSP3,2050,15,72340460.0,220.10576516405328,1.980731,112153120.0
cdd_26p0,mask_100,pop_SSP3,2050,16,21200884.0,41.175519619518624,1.980731,154105740.0
cdd_26p0,mask_100,pop_SSP3,2050,17,334951800.0,678.7514908684644,1.980731,402574850.0
cdd_26p0,mask_100,pop_SSP3,2050,18,1683216800.0,909.0076432291575,1.980731,1724801000.0
cdd_26p0,mask_100,pop_SSP3,2050,19,6187553.5,58.10547565576409,1.980731,72531310.0
cdd_26p0,mask_100,pop_SSP3,2050,20,993440200.0,216.4877935120475,1.980731,1361459700.0
cdd_26p0,mask_100,pop_SSP3,2050,21,462596450.0,708.5611932747119,1.980731,491265600.0
cdd_26p0,mask_100,pop_SSP3,2050,22,311807600.0,524.7357601503858,1.980731,339370240.0
cdd_26p0,mask_100,pop_SSP3,2050,23,72792850.0,109.40733152342854,1.980731,104755220.0
cdd_26p0,mask_100,pop_SSP3,2050,24,5566756.0,53.406347812924835,1.980731,41060684.0
cdd_26p0,mask_100,pop_SSP3,2050,25,676323200.0,816.9140499446652,1.980731,752317300.0
cdd_26p0,mask_100,pop_SSP3,2050,26,191872960.0,161.73981643583843,1.980731,384356320.0
cdd_26p0,mask_100,pop_SSP3,2060,1,0.0,12.645639652437271,2.268381,41926972.0
cdd_26p0,mask_100,pop_SSP3,2060,2,222417200.0,205.13557620693462,2.268381,390365020.0
cdd_26p0,mask_100,pop_SSP3,2060,3,66818664.0,213.97646937505672,2.268381,164916400.0
cdd_26p0,mask_100,pop_SSP3,2060,4,92365220.0,225.4315917855608,2.268381,126652400.0
cdd_26p0,mask_100,pop_SSP3,2060,5,157939540.0,371.82632195411713,2.268381,235283580.0
cdd_26p0,mask_100,pop_SSP3,2060,6,91316090.0,225.4085997024488,2.268381,279048260.0
cdd_26p0,mask_100,pop_SSP3,2060,7,320751800.0,436.83526106061237,2.268381,345185540.0
cdd_26p0,mask_100,pop_SSP3,2060,8,1428057100.0,861.9133610305553,2.268381,1509065200.0
cdd_26p0,mask_100,pop_SSP3,2060,9,302574340.0,391.487924295637,2.268381,816020200.0
cdd_26p0,mask_100,pop_SSP3,2060,10,14149369.0,65.1293075027708,2.268381,71220456.0
cdd_26p0,mask_100,pop_SSP3,2060,11,63404124.0,28.692551355412288,2.268381,426685060.0
cdd_26p0,mask_100,pop_SSP3,2060,12,11589309.0,33.12410173414111,2.268381,104345420.0
cdd_26p0,mask_100,pop_SSP3,2060,13,39279080.0,145.8569162813468,2.268381,104349270.0
cdd_26p0,mask_100,pop_SSP3,2060,14,1868128.8,38.15491657328017,2.268381,43786800.0
cdd_26p0,mask_100,pop_SSP3,2060,15,83979230.0,252.3540876166882,2.268381,122868824.0
cdd_26p0,mask_100,pop_SSP3,2060,16,25252048.0,51.721858316591415,2.268381,152645900.0
cdd_26p0,mask_100,pop_SSP3,2060,17,379130900.0,733.3406149444961,2.268381,438224400.0
cdd_26p0,mask_100,pop_SSP3,2060,18,1743989100.0,984.5160622160222,2.268381,1781953500.0
cdd_26p0,mask_100,pop_SSP3,2060,19,13178278.0,71.34704116203514,2.268381,67400760.0
cdd_26p0,mask_100,pop_SSP3,2060,20,959213200.0,245.16275719127754,2.268381,1268408000.0
cdd_26p0,mask_100,pop_SSP3,2060,21,481968100.0,784.1172365147784,2.268381,508313340.0
cdd_26p0,mask_100,pop_SSP3,2060,22,324524500.0,592.3574987119803,2.268381,349039870.0
cdd_26p0,mask_100,pop_SSP3,2060,23,70783016.0,126.24255430641777,2.268381,98318810.0
cdd_26p0,mask_100,pop_SSP3,2060,24,8206594.0,61.90250856130154,2.268381,43135644.0
cdd_26p0,mask_100,pop_SSP3,2060,25,767225400.0,882.1491363843194,2.268381,845022850.0
cdd_26p0,mask_100,pop_SSP3,2060,26,261140930.0,194.08727281144712,2.268381,461982820.0
cdd_26p0,mask_100,pop_SSP3,2070,1,0.0,16.762595753705234,2.554702,42907930.0
cdd_26p0,mask_100,pop_SSP3,2070,2,254065500.0,231.1625164562939,2.554702,407231700.0
cdd_26p0,mask_100,pop_SSP3,2070,3,71552480.0,239.82869808057666,2.554702,172477180.0
cdd_26p0,mask_100,pop_SSP3,2070,4,99202820.0,263.95878332384933,2.554702,131902680.0
cdd_26p0,mask_100,pop_SSP3,2070,5,169505220.0,426.1221496485614,2.554702,232856380.0
cdd_26p0,mask_100,pop_SSP3,2070,6,98734190.0,255.26452070966883,2.554702,287372580.0
cdd_26p0,mask_100,pop_SSP3,2070,7,353288400.0,483.20830710146333,2.554702,373494530.0
cdd_26p0,mask_100,pop_SSP3,2070,8,1721340400.0,951.8695060961819,2.554702,1803212200.0
cdd_26p0,mask_100,pop_SSP3,2070,9,365317380.0,425.73392115989134,2.554702,939222000.0
cdd_26p0,mask_100,pop_SSP3,2070,10,16255428.0,79.17434861001169,2.554702,71749976.0
cdd_26p0,mask_100,pop_SSP3,2070,11,74745920.0,35.161072675560405,2.554702,430315070.0
cdd_26p0,mask_100,pop_SSP3,2070,12,15620941.0,42.55733205372097,2.554702,101163260.0
cdd_26p0,mask_100,pop_SSP3,2070,13,42479656.0,169.1664436831533,2.554702,105735150.0
cdd_26p0,mask_100,pop_SSP3,2070,14,4817196.5,49.32989476854631,2.554702,42083730.0
cdd_26p0,mask_100,pop_SSP3,2070,15,93049790.0,284.8396715092634,2.554702,131761620.0
cdd_26p0,mask_100,pop_SSP3,2070,16,28180426.0,62.5586556164221,2.554702,151516780.0
cdd_26p0,mask_100,pop_SSP3,2070,17,409531230.0,788.5171022740952,2.554702,467048130.0
cdd_26p0,mask_100,pop_SSP3,2070,18,1783767200.0,1060.1505378384704,2.554702,1821655300.0
cdd_26p0,mask_100,pop_SSP3,2070,19,33660428.0,84.73893138414371,2.554702,62143024.0
cdd_26p0,mask_100,pop_SSP3,2070,20,919946240.0,273.58902458590273,2.554702,1177790500.0
cdd_26p0,mask_100,pop_SSP3,2070,21,497360200.0,859.5071407317411,2.554702,521132830.0
cdd_26p0,mask_100,pop_SSP3,2070,22,332099500.0,660.0774386485177,2.554702,356155140.0
cdd_26p0,mask_100,pop_SSP3,2070,23,69472620.0,143.08187832655187,2.554702,92102504.0
cdd_26p0,mask_100,pop_SSP3,2070,24,10382786.0,70.90921388890094,2.554702,45144300.0
cdd_26p0,mask_100,pop_SSP3,2070,25,848255900.0,947.2679361981695,2.554702,929965500.0
cdd_26p0,mask_100,pop_SSP3,2070,26,329490620.0,228.23352341069892,2.554702,537235700.0
cdd_26p0,mask_100,pop_SSP3,2080,1,0.0,22.872452420760563,2.845921,43977050.0
cdd_26p0,mask_100,pop_SSP3,2080,2,286512060.0,258.07539439451915,2.845921,425981920.0
cdd_26p0,mask_100,pop_SSP3,2080,3,83679640.0,268.1071332091057,2.845921,179385540.0
cdd_26p0,mask_100,pop_SSP3,2080,4,105460740.0,306.2735231175146,2.845921,136219100.0
cdd_26p0,mask_100,pop_SSP3,2080,5,180235380.0,483.2888867283297,2.845921,229142990.0
cdd_26p0,mask_100,pop_SSP3,2080,6,110206790.0,287.59229854954106,2.845921,293904060.0
cdd_26p0,mask_100,pop_SSP3,2080,7,381690000.0,531.3584153286939,2.845921,400224580.0
cdd_26p0,mask_100,pop_SSP3,2080,8,2009831700.0,1045.4888114289538,2.845921,2086932400.0
cdd_26p0,mask_100,pop_SSP3,2080,9,419665340.0,460.4970576595546,2.845921,1046764160.0
cdd_26p0,mask_100,pop_SSP3,2080,10,20155052.0,98.99752473824225,2.845921,71751544.0
cdd_26p0,mask_100,pop_SSP3,2080,11,89510140.0,43.33844029120275,2.845921,439119700.0
cdd_26p0,mask_100,pop_SSP3,2080,12,21874632.0,55.539033009468945,2.845921,99345624.0
cdd_26p0,mask_100,pop_SSP3,2080,13,54242144.0,196.5608828191198,2.845921,106874620.0
cdd_26p0,mask_100,pop_SSP3,2080,14,12424319.0,63.54641288915998,2.845921,41169890.0
cdd_26p0,mask_100,pop_SSP3,2080,15,99664424.0,317.6573015637323,2.845921,140167870.0
cdd_26p0,mask_100,pop_SSP3,2080,16,33603440.0,73.99898826439991,2.845921,152507900.0
cdd_26p0,mask_100,pop_SSP3,2080,17,443982180.0,846.5174492105555,2.845921,491970240.0
cdd_26p0,mask_100,pop_SSP3,2080,18,1804019600.0,1134.7659795725099,2.845921,1841970200.0
cdd_26p0,mask_100,pop_SSP3,2080,19,41520464.0,98.41128475096629,2.845921,57913860.0
cdd_26p0,mask_100,pop_SSP3,2080,20,873546240.0,300.619602443726,2.845921,1099774300.0
cdd_26p0,mask_100,pop_SSP3,2080,21,513417380.0,934.2020199784512,2.845921,531978050.0
cdd_26p0,mask_100,pop_SSP3,2080,22,344693950.0,727.9501917070969,2.845921,361496830.0
cdd_26p0,mask_100,pop_SSP3,2080,23,67028532.0,159.57056051974405,2.845921,87160590.0
cdd_26p0,mask_100,pop_SSP3,2080,24,13931110.0,81.83265042364997,2.845921,47043750.0
cdd_26p0,mask_100,pop_SSP3,2080,25,923940000.0,1011.4369712535351,2.845921,1002221500.0
cdd_26p0,mask_100,pop_SSP3,2080,26,397418370.0,268.98392341596406,2.845921,604655900.0
cdd_26p0,mask_100,pop_SSP3,2090,1,619312.1,32.19883482694417,3.137292,44979364.0
cdd_26p0,mask_100,pop_SSP3,2090,2,326923700.0,285.25197162825475,3.137292,444843650.0
cdd_26p0,mask_100,pop_SSP3,2090,3,89335760.0,290.9557962952076,3.137292,186358780.0
cdd_26p0,mask_100,pop_SSP3,2090,4,113539260.0,343.543042480189,3.137292,140112080.0
cdd_26p0,mask_100,pop_SSP3,2090,5,182384560.0,536.1696557055843,3.137292,226093950.0
cdd_26p0,mask_100,pop_SSP3,2090,6,126035200.0,316.03426816358075,3.137292,299846850.0
cdd_26p0,mask_100,pop_SSP3,2090,7,414406720.0,574.2845425532013,3.137292,426195500.0
cdd_26p0,mask_100,pop_SSP3,2090,8,2273968000.0,1122.5702383716462,3.137292,2344929300.0
cdd_26p0,mask_100,pop_SSP3,2090,9,473027520.0,492.3010141426036,3.137292,1143401300.0
cdd_26p0,mask_100,pop_SSP3,2090,10,27006820.0,115.90854664194862,3.137292,71592950.0
cdd_26p0,mask_100,pop_SSP3,2090,11,103523040.0,51.687802945351514,3.137292,450691100.0
cdd_26p0,mask_100,pop_SSP3,2090,12,29092136.0,69.81179574655481,3.137292,99307016.0
cdd_26p0,mask_100,pop_SSP3,2090,13,76561230.0,218.7314999678939,3.137292,108132840.0
cdd_26p0,mask_100,pop_SSP3,2090,14,16325138.0,81.3450333174391,3.137292,40975320.0
cdd_26p0,mask_100,pop_SSP3,2090,15,111096024.0,350.3688745883867,3.137292,147985220.0
cdd_26p0,mask_100,pop_SSP3,2090,16,40747496.0,87.96075140735793,3.137292,155349680.0
cdd_26p0,mask_100,pop_SSP3,2090,17,474399680.0,898.0508198913374,3.137292,516737860.0
cdd_26p0,mask_100,pop_SSP3,2090,18,1823557400.0,1207.5284889172183,3.137292,1862041900.0
cdd_26p0,mask_100,pop_SSP3,2090,19,43094660.0,113.62218000596917,3.137292,54595016.0
cdd_26p0,mask_100,pop_SSP3,2090,20,848855200.0,332.73670955097043,3.137292,1036669800.0
cdd_26p0,mask_100,pop_SSP3,2090,21,529114000.0,1006.0702533226181,3.137292,542610940.0
cdd_26p0,mask_100,pop_SSP3,2090,22,351624480.0,788.589852448305,3.137292,365927360.0
cdd_26p0,mask_100,pop_SSP3,2090,23,68752680.0,176.80334724530138,3.137292,83576390.0
cdd_26p0,mask_100,pop_SSP3,2090,24,17716190.0,91.79603842596738,3.137292,48830816.0
cdd_26p0,mask_100,pop_SSP3,2090,25,985398850.0,1075.8879143164722,3.137292,1067009540.0
cdd_26p0,mask_100,pop_SSP3,2090,26,480054180.0,303.9430174740738,3.137292,659791700.0
cdd_26p0,mask_100,pop_SSP3,2100,1,2593048.5,44.84983042100643,3.422318,46129350.0
cdd_26p0,mask_100,pop_SSP3,2100,2,366469440.0,312.1108184838031,3.422318,466091900.0
cdd_26p0,mask_100,pop_SSP3,2100,3,93062930.0,307.32971070694606,3.422318,194026940.0
cdd_26p0,mask_100,pop_SSP3,2100,4,119501700.0,374.4379100319429,3.422318,144284480.0
cdd_26p0,mask_100,pop_SSP3,2100,5,185904980.0,583.1608388019979,3.422318,225164530.0
cdd_26p0,mask_100,pop_SSP3,2100,6,150263550.0,339.5723817263908,3.422318,306703700.0
cdd_26p0,mask_100,pop_SSP3,2100,7,443071170.0,610.5132446277879,3.422318,449408030.0
cdd_26p0,mask_100,pop_SSP3,2100,8,2487966700.0,1179.7636353116898,3.422318,2563487200.0
cdd_26p0,mask_100,pop_SSP3,2100,9,524901150.0,520.143790498989,3.422318,1230168000.0
cdd_26p0,mask_100,pop_SSP3,2100,10,32264464.0,129.2428895202568,3.422318,71287580.0
cdd_26p0,mask_100,pop_SSP3,2100,11,119630900.0,60.03948304317338,3.422318,464625340.0
cdd_26p0,mask_100,pop_SSP3,2100,12,33491504.0,85.18368157103538,3.422318,100308620.0
cdd_26p0,mask_100,pop_SSP3,2100,13,84676910.0,234.66873916630757,3.422318,109952550.0
cdd_26p0,mask_100,pop_SSP3,2100,14,20904130.0,102.68046935089913,3.422318,41067064.0
cdd_26p0,mask_100,pop_SSP3,2100,15,124060440.0,382.2328709213078,3.422318,154809780.0
cdd_26p0,mask_100,pop_SSP3,2100,16,48036324.0,104.3800329542579,3.422318,158531020.0
cdd_26p0,mask_100,pop_SSP3,2100,17,498205380.0,941.329085227714,3.422318,540557630.0
cdd_26p0,mask_100,pop_SSP3,2100,18,1859354100.0,1276.629529654695,3.422318,1893265500.0
cdd_26p0,mask_100,pop_SSP3,2100,19,42514130.0,130.18306537288896,3.422318,51911252.0
cdd_26p0,mask_100,pop_SSP3,2100,20,836168700.0,369.72309507310587,3.422318,991126700.0
cdd_26p0,mask_100,pop_SSP3,2100,21,543004740.0,1073.2274715645856,3.422318,554794400.0
cdd_26p0,mask_100,pop_SSP3,2100,22,357604300.0,839.9293813535799,3.422318,370172320.0
cdd_26p0,mask_100,pop_SSP3,2100,23,67515470.0,194.46832113730278,3.422318,80829896.0
cdd_26p0,mask_100,pop_SSP3,2100,24,21452794.0,100.48222770337905,3.422318,50759870.0
cdd_26p0,mask_100,pop_SSP3,2100,25,1053202700.0,1139.2080690395373,3.422318,1129486200.0
cdd_26p0,mask_100,pop_SSP3,2100,26,541332600.0,331.7595912807272,3.422318,706413600.0
cdd_26p0,mask_100,pop_SSP5,2040,1,0.0,6.301328165533321,1.693643,43332450.0
cdd_26p0,mask_100,pop_SSP5,2040,2,172764430.0,157.98943925613096,1.693643,380137380.0
cdd_26p0,mask_100,pop_SSP5,2040,3,52627416.0,169.42337089530372,1.693643,137109700.0
cdd_26p0,mask_100,pop_SSP5,2040,4,65594830.0,159.20333969287222,1.693643,103039730.0
cdd_26p0,mask_100,pop_SSP5,2040,5,133181170.0,272.99742801921263,1.693643,224136160.0
cdd_26p0,mask_100,pop_SSP5,2040,6,72913816.0,170.4461716771832,1.693643,240428000.0
cdd_26p0,mask_100,pop_SSP5,2040,7,225000340.0,351.0861936226287,1.693643,257347000.0
cdd_26p0,mask_100,pop_SSP5,2040,8,762349060.0,701.0003239277675,1.693643,844544500.0
cdd_26p0,mask_100,pop_SSP5,2040,9,172278670.0,329.39337592077743,1.693643,499649440.0
cdd_26p0,mask_100,pop_SSP5,2040,10,9087289.0,41.90309693248574,1.693643,67583850.0
cdd_26p0,mask_100,pop_SSP5,2040,11,34506664.0,18.115375578399338,1.693643,444985760.0
cdd_26p0,mask_100,pop_SSP5,2040,12,2065774.2,19.091000703730156,1.693643,110979220.0
cdd_26p0,mask_100,pop_SSP5,2040,13,31843562.0,105.96315726623524,1.693643,94398980.0
cdd_26p0,mask_100,pop_SSP5,2040,14,0.0,21.645790943217115,1.693643,49036920.0
cdd_26p0,mask_100,pop_SSP5,2040,15,54469548.0,193.46860520428913,1.693643,91172590.0
cdd_26p0,mask_100,pop_SSP5,2040,16,18118368.0,33.9552479462418,1.693643,160273680.0
cdd_26p0,mask_100,pop_SSP5,2040,17,282961540.0,628.7160324729966,1.693643,345014200.0
cdd_26p0,mask_100,pop_SSP5,2040,18,1518547000.0,848.3512518204709,1.693643,1561527600.0
cdd_26p0,mask_100,pop_SSP5,2040,19,546224.9,47.689893098247545,1.693643,76385490.0
cdd_26p0,mask_100,pop_SSP5,2040,20,1006101700.0,192.26602534835416,1.693643,1411498900.0
cdd_26p0,mask_100,pop_SSP5,2040,21,416600000.0,642.5665094755102,1.693643,445349380.0
cdd_26p0,mask_100,pop_SSP5,2040,22,281211700.0,466.38693847434746,1.693643,311905200.0
cdd_26p0,mask_100,pop_SSP5,2040,23,69764990.0,95.82729583210042,1.693643,114660220.0
cdd_26p0,mask_100,pop_SSP5,2040,24,5182027.0,46.89499187383538,1.693643,40330000.0
cdd_26p0,mask_100,pop_SSP5,2040,25,529785400.0,760.5120637384289,1.693643,594712060.0
cdd_26p0,mask_100,pop_SSP5,2040,26,132362700.0,137.09858032613664,1.693643,279094100.0
cdd_26p0,mask_100,pop_SSP5,2050,1,0.0,9.003773461529805,1.980731,46331800.0
cdd_26p0,mask_100,pop_SSP5,2050,2,195459120.0,178.73022497758626,1.980731,402577570.0
cdd_26p0,mask_100,pop_SSP5,2050,3,54722376.0,189.06034662109315,1.980731,138332980.0
cdd_26p0,mask_100,pop_SSP5,2050,4,70488670.0,188.19578380682094,1.980731,103273816.0
cdd_26p0,mask_100,pop_SSP5,2050,5,139630820.0,317.9561054163404,1.980731,221886370.0
cdd_26p0,mask_100,pop_SSP5,2050,6,77116264.0,195.7649127801795,1.980731,242080480.0
cdd_26p0,mask_100,pop_SSP5,2050,7,248380030.0,390.3598218134991,1.980731,273583650.0
cdd_26p0,mask_100,pop_SSP5,2050,8,894672640.0,772.9977537223442,1.980731,972528600.0
cdd_26p0,mask_100,pop_SSP5,2050,9,199031780.0,358.0835527887033,1.980731,557712000.0
cdd_26p0,mask_100,pop_SSP5,2050,10,12550998.0,52.109169767035475,1.980731,69496184.0
cdd_26p0,mask_100,pop_SSP5,2050,11,48908756.0,22.673216059458532,1.980731,461321340.0
cdd_26p0,mask_100,pop_SSP5,2050,12,4343078.0,24.63671807466576,1.980731,106517320.0
cdd_26p0,mask_100,pop_SSP5,2050,13,33123512.0,122.98178498427907,1.980731,96206350.0
cdd_26p0,mask_100,pop_SSP5,2050,14,0.0,27.87367233419979,1.980731,47891656.0
cdd_26p0,mask_100,pop_SSP5,2050,15,61337330.0,219.4630177383172,1.980731,95126180.0
cdd_26p0,mask_100,pop_SSP5,2050,16,22179052.0,41.090784491047636,1.980731,161663440.0
cdd_26p0,mask_100,pop_SSP5,2050,17,307964060.0,677.5331672144882,1.980731,370126800.0
cdd_26p0,mask_100,pop_SSP5,2050,18,1531661000.0,909.602666634556,1.980731,1569378600.0
cdd_26p0,mask_100,pop_SSP5,2050,19,6266431.0,58.12099169315267,1.980731,73432060.0
cdd_26p0,mask_100,pop_SSP5,2050,20,983254140.0,216.39877521858193,1.980731,1347515400.0
cdd_26p0,mask_100,pop_SSP5,2050,21,423326430.0,709.0049748841305,1.980731,449605060.0
cdd_26p0,mask_100,pop_SSP5,2050,22,288583420.0,524.9066242448538,1.980731,314093250.0
cdd_26p0,mask_100,pop_SSP5,2050,23,76206540.0,109.41584247766235,1.980731,109667816.0
cdd_26p0,mask_100,pop_SSP5,2050,24,5896884.0,53.41318712697003,1.980731,43495732.0
cdd_26p0,mask_100,pop_SSP5,2050,25,562730500.0,816.3189052493863,1.980731,625951600.0
cdd_26p0,mask_100,pop_SSP5,2050,26,158780620.0,161.6976066399282,1.980731,318077120.0
cdd_26p0,mask_100,pop_SSP5,2060,1,0.0,12.619057199112941,2.268381,48951268.0
cdd_26p0,mask_100,pop_SSP5,2060,2,239520500.0,204.3857786450208,2.268381,421112130.0
cdd_26p0,mask_100,pop_SSP5,2060,3,55406588.0,214.16643274200982,2.268381,136508750.0
cdd_26p0,mask_100,pop_SSP5,2060,4,73706100.0,225.5681164184768,2.268381,101067450.0
cdd_26p0,mask_100,pop_SSP5,2060,5,144345700.0,371.3999352718651,2.268381,215042690.0
cdd_26p0,mask_100,pop_SSP5,2060,6,78075660.0,224.9642530283643,2.268381,238479630.0
cdd_26p0,mask_100,pop_SSP5,2060,7,261955170.0,436.20493024320155,2.268381,281909000.0
cdd_26p0,mask_100,pop_SSP5,2060,8,1017672800.0,861.6847633503692,2.268381,1075628300.0
cdd_26p0,mask_100,pop_SSP5,2060,9,222187870.0,392.1409858430703,2.268381,599240960.0
cdd_26p0,mask_100,pop_SSP5,2060,10,13701126.0,64.69801782513103,2.268381,69534510.0
cdd_26p0,mask_100,pop_SSP5,2060,11,70458760.0,28.69410609097322,2.268381,474071840.0
cdd_26p0,mask_100,pop_SSP5,2060,12,11343887.0,33.113665713892786,2.268381,102216340.0
cdd_26p0,mask_100,pop_SSP5,2060,13,35995664.0,145.1083885068553,2.268381,95719980.0
cdd_26p0,mask_100,pop_SSP5,2060,14,1986749.0,38.14251755901405,2.268381,46516504.0
cdd_26p0,mask_100,pop_SSP5,2060,15,65494692.0,251.62734004729992,2.268381,95867900.0
cdd_26p0,mask_100,pop_SSP5,2060,16,26735330.0,51.626171357663765,2.268381,162185360.0
cdd_26p0,mask_100,pop_SSP5,2060,17,333158660.0,732.0921368615699,2.268381,385069500.0
cdd_26p0,mask_100,pop_SSP5,2060,18,1506912500.0,985.134792461828,2.268381,1539514600.0
cdd_26p0,mask_100,pop_SSP5,2060,19,13491580.0,71.36575566053274,2.268381,68967150.0
cdd_26p0,mask_100,pop_SSP5,2060,20,946330750.0,245.06745889660095,2.268381,1251398500.0
cdd_26p0,mask_100,pop_SSP5,2060,21,420293760.0,784.5939586459953,2.268381,443314000.0
cdd_26p0,mask_100,pop_SSP5,2060,22,287168030.0,592.5630580195577,2.268381,308861500.0
cdd_26p0,mask_100,pop_SSP5,2060,23,75654670.0,126.25242404482252,2.268381,105085610.0
cdd_26p0,mask_100,pop_SSP5,2060,24,8791698.0,61.91052178663687,2.268381,46211076.0
cdd_26p0,mask_100,pop_SSP5,2060,25,580689400.0,881.5712812299276,2.268381,639516160.0
cdd_26p0,mask_100,pop_SSP5,2060,26,196513090.0,194.0449310596585,2.268381,347721730.0
cdd_26p0,mask_100,pop_SSP5,2070,1,0.0,16.728704320359835,2.554702,50957204.0
cdd_26p0,mask_100,pop_SSP5,2070,2,271387140.0,230.3736903222642,2.554702,435736060.0
cdd_26p0,mask_100,pop_SSP5,2070,3,55129056.0,240.0050925414776,2.554702,132594584.0
cdd_26p0,mask_100,pop_SSP5,2070,4,73199336.0,264.0890164596855,2.554702,97328590.0
cdd_26p0,mask_100,pop_SSP5,2070,5,148686560.0,425.64821708668154,2.554702,204266880.0
cdd_26p0,mask_100,pop_SSP5,2070,6,79338980.0,254.75828779588434,2.554702,230797540.0
cdd_26p0,mask_100,pop_SSP5,2070,7,267435300.0,482.53169457063854,2.554702,282730140.0
cdd_26p0,mask_100,pop_SSP5,2070,8,1098515100.0,951.6376977357951,2.554702,1151005600.0
cdd_26p0,mask_100,pop_SSP5,2070,9,242495230.0,426.40298151936634,2.554702,623450400.0
cdd_26p0,mask_100,pop_SSP5,2070,10,15229367.0,78.68062629727187,2.554702,67827340.0
cdd_26p0,mask_100,pop_SSP5,2070,11,83507540.0,35.16213211442352,2.554702,480712100.0
cdd_26p0,mask_100,pop_SSP5,2070,12,15024981.0,42.546671337462676,2.554702,97409496.0
cdd_26p0,mask_100,pop_SSP5,2070,13,37453268.0,168.35082430177386,2.554702,93346936.0
cdd_26p0,mask_100,pop_SSP5,2070,14,5143824.0,49.31338801572892,2.554702,44880170.0
cdd_26p0,mask_100,pop_SSP5,2070,15,66659256.0,284.02932770377777,2.554702,94441750.0
cdd_26p0,mask_100,pop_SSP5,2070,16,29785256.0,62.45193056273197,2.554702,160806910.0
cdd_26p0,mask_100,pop_SSP5,2070,17,341126460.0,787.2382524452869,2.554702,389016320.0
cdd_26p0,mask_100,pop_SSP5,2070,18,1447646800.0,1060.79210424126,2.554702,1478133200.0
cdd_26p0,mask_100,pop_SSP5,2070,19,34349796.0,84.7608629547164,2.554702,63368810.0
cdd_26p0,mask_100,pop_SSP5,2070,20,890795140.0,273.4876504399207,2.554702,1140496000.0
cdd_26p0,mask_100,pop_SSP5,2070,21,408840260.0,860.016357077082,2.554702,428410430.0
cdd_26p0,mask_100,pop_SSP5,2070,22,277047800.0,660.3184369544502,2.554702,297115900.0
cdd_26p0,mask_100,pop_SSP5,2070,23,75211544.0,143.09307369760975,2.554702,99710800.0
cdd_26p0,mask_100,pop_SSP5,2070,24,11074469.0,70.9184313950321,2.554702,48151736.0
cdd_26p0,mask_100,pop_SSP5,2070,25,582114900.0,946.7146675144644,2.554702,638131300.0
cdd_26p0,mask_100,pop_SSP5,2070,26,225065890.0,228.19227315761404,2.554702,367066000.0
cdd_26p0,mask_100,pop_SSP5,2080,1,0.0,22.830307779232683,2.845921,52262844.0
cdd_26p0,mask_100,pop_SSP5,2080,2,299532260.0,257.24784457087327,2.845921,446012320.0
cdd_26p0,mask_100,pop_SSP5,2080,3,59579904.0,268.26881123938625,2.845921,127441710.0
cdd_26p0,mask_100,pop_SSP5,2080,4,71679190.0,306.39729572233125,2.845921,92585890.0
cdd_26p0,mask_100,pop_SSP5,2080,5,150019460.0,482.7679478481266,2.845921,190735710.0
cdd_26p0,mask_100,pop_SSP5,2080,6,82611160.0,287.02502352101016,2.845921,220191060.0
cdd_26p0,mask_100,pop_SSP5,2080,7,265689180.0,530.638594421958,2.845921,278589900.0
cdd_26p0,mask_100,pop_SSP5,2080,8,1154490400.0,1045.25268257952,2.845921,1198967000.0
cdd_26p0,mask_100,pop_SSP5,2080,9,253117220.0,461.17509550157934,2.845921,631325600.0
cdd_26p0,mask_100,pop_SSP5,2080,10,17980586.0,98.42811620505978,2.845921,64640944.0
cdd_26p0,mask_100,pop_SSP5,2080,11,98461710.0,43.33870963399369,2.845921,482969020.0
cdd_26p0,mask_100,pop_SSP5,2080,12,20302022.0,55.52828255197633,2.845921,92288720.0
cdd_26p0,mask_100,pop_SSP5,2080,13,45507020.0,195.67474544128032,2.845921,89766420.0
cdd_26p0,mask_100,pop_SSP5,2080,14,12972716.0,63.52441082667402,2.845921,42962130.0
cdd_26p0,mask_100,pop_SSP5,2080,15,65324800.0,316.7658470344743,2.845921,91924680.0
cdd_26p0,mask_100,pop_SSP5,2080,16,34603050.0,73.88094545090814,2.845921,157745150.0
cdd_26p0,mask_100,pop_SSP5,2080,17,346697060.0,845.2041579321143,2.845921,384154720.0
cdd_26p0,mask_100,pop_SSP5,2080,18,1361541400.0,1135.4273436273506,2.845921,1389885600.0
cdd_26p0,mask_100,pop_SSP5,2080,19,41551372.0,98.4364344738956,2.845921,57924530.0
cdd_26p0,mask_100,pop_SSP5,2080,20,819251900.0,300.51277969908983,2.845921,1031476350.0
cdd_26p0,mask_100,pop_SSP5,2080,21,393278240.0,934.7393167225724,2.845921,407526200.0
cdd_26p0,mask_100,pop_SSP5,2080,22,268226020.0,728.2283906413439,2.845921,281301340.0
cdd_26p0,mask_100,pop_SSP5,2080,23,71395360.0,159.58285838972932,2.845921,92839010.0
cdd_26p0,mask_100,pop_SSP5,2080,24,14594903.0,81.84316594777717,2.845921,49285304.0
cdd_26p0,mask_100,pop_SSP5,2080,25,575879800.0,1010.9279417101053,2.845921,624636300.0
cdd_26p0,mask_100,pop_SSP5,2080,26,247527680.0,268.94948799047216,2.845921,376710100.0
cdd_26p0,mask_100,pop_SSP5,2090,1,672999.8,32.14595144449371,3.137292,52095904.0
cdd_26p0,mask_100,pop_SSP5,2090,2,329083740.0,284.3954922740572,3.137292,448334460.0
cdd_26p0,mask_100,pop_SSP5,2090,3,58260510.0,291.10401584021247,3.137292,121236936.0
cdd_26p0,mask_100,pop_SSP5,2090,4,70473170.0,343.66492433689643,3.137292,86967870.0
cdd_26p0,mask_100,pop_SSP5,2090,5,141809800.0,535.6073053537374,3.137292,175802430.0
cdd_26p0,mask_100,pop_SSP5,2090,6,87100990.0,315.41889394941444,3.137292,207117020.0
cdd_26p0,mask_100,pop_SSP5,2090,7,263639070.0,573.5248402255223,3.137292,271138300.0
cdd_26p0,mask_100,pop_SSP5,2090,8,1179228200.0,1122.3266430599779,3.137292,1216166100.0
cdd_26p0,mask_100,pop_SSP5,2090,9,258236380.0,492.9871807417354,3.137292,624225340.0
cdd_26p0,mask_100,pop_SSP5,2090,10,22642472.0,115.27816346409021,3.137292,60318396.0
cdd_26p0,mask_100,pop_SSP5,2090,11,109065680.0,51.686804464002066,3.137292,474767650.0
cdd_26p0,mask_100,pop_SSP5,2090,12,25496998.0,69.80016860119855,3.137292,87156970.0
cdd_26p0,mask_100,pop_SSP5,2090,13,60415170.0,217.78749737249987,3.137292,85383620.0
cdd_26p0,mask_100,pop_SSP5,2090,14,16222954.0,81.31818600692775,3.137292,40788630.0
cdd_26p0,mask_100,pop_SSP5,2090,15,66505856.0,349.40477550924123,3.137292,88606020.0
cdd_26p0,mask_100,pop_SSP5,2090,16,40016684.0,87.83390951888308,3.137292,153171410.0
cdd_26p0,mask_100,pop_SSP5,2090,17,342192450.0,896.7073765673867,3.137292,372719740.0
cdd_26p0,mask_100,pop_SSP5,2090,18,1253979400.0,1208.1984190060884,3.137292,1280144800.0
cdd_26p0,mask_100,pop_SSP5,2090,19,41552436.0,113.65048955058155,3.137292,52603030.0
cdd_26p0,mask_100,pop_SSP5,2090,20,755510000.0,332.627492331582,3.137292,922740200.0
cdd_26p0,mask_100,pop_SSP5,2090,21,372375100.0,1006.6462574766604,3.137292,381879500.0
cdd_26p0,mask_100,pop_SSP5,2090,22,252661540.0,788.895973189587,3.137292,262939000.0
cdd_26p0,mask_100,pop_SSP5,2090,23,70263110.0,176.81637655751646,3.137292,85412500.0
cdd_26p0,mask_100,pop_SSP5,2090,24,17801812.0,91.80774312095211,3.137292,49066810.0
cdd_26p0,mask_100,pop_SSP5,2090,25,555474560.0,1075.421258444266,3.137292,601448960.0
cdd_26p0,mask_100,pop_SSP5,2090,26,273687100.0,303.9080005766468,3.137292,376255400.0
cdd_26p0,mask_100,pop_SSP5,2100,1,2752133.5,44.78371817703716,3.422318,49873596.0
cdd_26p0,mask_100,pop_SSP5,2100,2,345524770.0,311.23681412121135,3.422318,439881250.0
cdd_26p0,mask_100,pop_SSP5,2100,3,54557880.0,307.46615429033335,3.422318,113432290.0
cdd_26p0,mask_100,pop_SSP5,2100,4,66726964.0,374.5629628756287,3.422318,80566170.0
cdd_26p0,mask_100,pop_SSP5,2100,5,131715760.0,582.5641479132346,3.422318,159537630.0
cdd_26p0,mask_100,pop_SSP5,2100,6,93915490.0,338.9241999070911,3.422318,191616370.0
cdd_26p0,mask_100,pop_SSP5,2100,7,257198980.0,609.7182065518218,3.422318,260877220.0
cdd_26p0,mask_100,pop_SSP5,2100,8,1166460300.0,1179.5092848519198,3.422318,1201983700.0
cdd_26p0,mask_100,pop_SSP5,2100,9,257872130.0,520.8369719373217,3.422318,604439230.0
cdd_26p0,mask_100,pop_SSP5,2100,10,24910732.0,128.5690537291215,3.422318,55405904.0
cdd_26p0,mask_100,pop_SSP5,2100,11,116641820.0,60.036720333260924,3.422318,453007740.0
cdd_26p0,mask_100,pop_SSP5,2100,12,27376936.0,85.17033294414752,3.422318,81932770.0
cdd_26p0,mask_100,pop_SSP5,2100,13,61994410.0,233.68206249570815,3.422318,80546520.0
cdd_26p0,mask_100,pop_SSP5,2100,14,19542976.0,102.64959911235948,3.422318,38433052.0
cdd_26p0,mask_100,pop_SSP5,2100,15,68077980.0,381.2070501502856,3.422318,84967690.0
cdd_26p0,mask_100,pop_SSP5,2100,16,44532190.0,104.24735518368637,3.422318,147491890.0
cdd_26p0,mask_100,pop_SSP5,2100,17,327893470.0,939.9608752456735,3.422318,355755700.0
cdd_26p0,mask_100,pop_SSP5,2100,18,1137419900.0,1277.2954974528327,3.422318,1158173400.0
cdd_26p0,mask_100,pop_SSP5,2100,19,38527056.0,130.21440004839064,3.422318,47005696.0
cdd_26p0,mask_100,pop_SSP5,2100,20,695754700.0,369.61489156271256,3.422318,824748540.0
cdd_26p0,mask_100,pop_SSP5,2100,21,345171100.0,1073.8529908177413,3.422318,352670080.0
cdd_26p0,mask_100,pop_SSP5,2100,22,234019120.0,840.2526079519604,3.422318,242243790.0
cdd_26p0,mask_100,pop_SSP5,2100,23,64634590.0,194.4816579734837,3.422318,77380890.0
cdd_26p0,mask_100,pop_SSP5,2100,24,19979232.0,100.49497543362791,3.422318,47273250.0
cdd_26p0,mask_100,pop_SSP5,2100,25,533326940.0,1138.780790770934,3.422318,571949250.0
cdd_26p0,mask_100,pop_SSP5,2100,26,281268380.0,331.7158817653438,3.422318,367119550.0
cdd_26p0,mask_200,pop_SSP1,2040,1,0.0,6.307720958255498,1.693643,41337404.0
cdd_26p0,mask_200,pop_SSP1,2040,2,109819020.0,158.00173169937386,1.693643,367037060.0
cdd_26p0,mask_200,pop_SSP1,2040,3,46303636.0,169.28351711076212,1.693643,138872290.0
cdd_26p0,mask_200,pop_SSP1,2040,4,57194124.0,159.18165350789008,1.693643,105208740.0
cdd_26p0,mask_200,pop_SSP1,2040,5,108351810.0,273.0012661717937,1.693643,224225860.0
cdd_26p0,mask_200,pop_SSP1,2040,6,62461036.0,170.47427234737853,1.693643,242465470.0
cdd_26p0,mask_200,pop_SSP1,2040,7,179261120.0,351.1104716264785,1.693643,258731170.0
cdd_26p0,mask_200,pop_SSP1,2040,8,729904060.0,700.9700627261187,1.693643,848988800.0
cdd_26p0,mask_200,pop_SSP1,2040,9,147737760.0,329.382820728959,1.693643,504946800.0
cdd_26p0,mask_200,pop_SSP1,2040,10,2403049.5,41.92432351462106,1.693643,67584720.0
cdd_26p0,mask_200,pop_SSP1,2040,11,3769309.0,18.113389770904178,1.693643,431206400.0
cdd_26p0,mask_200,pop_SSP1,2040,12,1025838.3,19.09571762484947,1.693643,111707960.0
cdd_26p0,mask_200,pop_SSP1,2040,13,25824712.0,105.8561855284218,1.693643,94843990.0
cdd_26p0,mask_200,pop_SSP1,2040,14,0.0,21.65498935056226,1.693643,48440990.0
cdd_26p0,mask_200,pop_SSP1,2040,15,42735690.0,193.54783063623614,1.693643,92945240.0
cdd_26p0,mask_200,pop_SSP1,2040,16,6074333.5,33.92377868375786,1.693643,156855440.0
cdd_26p0,mask_200,pop_SSP1,2040,17,226200270.0,628.6246548939229,1.693643,342136600.0
cdd_26p0,mask_200,pop_SSP1,2040,18,1504689900.0,848.205021053116,1.693643,1563959600.0
cdd_26p0,mask_200,pop_SSP1,2040,19,0.0,47.684954198045794,1.693643,76428100.0
cdd_26p0,mask_200,pop_SSP1,2040,20,766117600.0,192.27803811529947,1.693643,1414905100.0
cdd_26p0,mask_200,pop_SSP1,2040,21,405802300.0,642.5574660542156,1.693643,445849020.0
cdd_26p0,mask_200,pop_SSP1,2040,22,267694750.0,466.38643149497585,1.693643,312030500.0
cdd_26p0,mask_200,pop_SSP1,2040,23,1372992.2,95.82044854982253,1.693643,113431120.0
cdd_26p0,mask_200,pop_SSP1,2040,24,2499739.8,46.87823481030669,1.693643,38909136.0
cdd_26p0,mask_200,pop_SSP1,2040,25,525660220.0,760.6119693100692,1.693643,606828100.0
cdd_26p0,mask_200,pop_SSP1,2040,26,97477464.0,137.10110620335075,1.693643,281171600.0
cdd_26p0,mask_200,pop_SSP1,2050,1,0.0,9.012461842323477,1.980731,42730160.0
cdd_26p0,mask_200,pop_SSP1,2050,2,130311950.0,178.74055716309377,1.980731,379067230.0
cdd_26p0,mask_200,pop_SSP1,2050,3,49670224.0,188.9142939540756,1.980731,141275540.0
cdd_26p0,mask_200,pop_SSP1,2050,4,60077280.0,188.17307223228423,1.980731,106730440.0
cdd_26p0,mask_200,pop_SSP1,2050,5,115473500.0,317.9608581595776,1.980731,222007940.0
cdd_26p0,mask_200,pop_SSP1,2050,6,69035910.0,195.79759403512972,1.980731,245458220.0
cdd_26p0,mask_200,pop_SSP1,2050,7,208776660.0,390.3858972519167,1.980731,276054530.0
cdd_26p0,mask_200,pop_SSP1,2050,8,865984400.0,772.9640373379573,1.980731,981780860.0
cdd_26p0,mask_200,pop_SSP1,2050,9,172109180.0,358.0746734680103,1.980731,567637300.0
cdd_26p0,mask_200,pop_SSP1,2050,10,3981868.2,52.134190887265255,1.980731,69499650.0
cdd_26p0,mask_200,pop_SSP1,2050,11,11323367.0,22.671109225432048,1.980731,436203360.0
cdd_26p0,mask_200,pop_SSP1,2050,12,997404.06,24.64264812573913,1.980731,107122160.0
cdd_26p0,mask_200,pop_SSP1,2050,13,28509008.0,122.86533662360195,1.980731,96936720.0
cdd_26p0,mask_200,pop_SSP1,2050,14,0.0,27.885613563165673,1.980731,46647932.0
cdd_26p0,mask_200,pop_SSP1,2050,15,53162750.0,219.55273117450847,1.980731,98202280.0
cdd_26p0,mask_200,pop_SSP1,2050,16,7372824.5,41.054692621659186,1.980731,155298020.0
cdd_26p0,mask_200,pop_SSP1,2050,17,275059000.0,677.4397175713141,1.980731,365695940.0
cdd_26p0,mask_200,pop_SSP1,2050,18,1519152100.0,909.4513654566153,1.980731,1573453300.0
cdd_26p0,mask_200,pop_SSP1,2050,19,0.0,58.114987862684956,1.980731,73376910.0
cdd_26p0,mask_200,pop_SSP1,2050,20,812344600.0,216.41173937098804,1.980731,1352791300.0
cdd_26p0,mask_200,pop_SSP1,2050,21,414487170.0,708.9951154730298,1.980731,450295300.0
cdd_26p0,mask_200,pop_SSP1,2050,22,279805120.0,524.9060269397348,1.980731,314288030.0
cdd_26p0,mask_200,pop_SSP1,2050,23,10529880.0,109.40815095042204,1.980731,107435820.0
cdd_26p0,mask_200,pop_SSP1,2050,24,3231381.8,53.39386181607044,1.980731,40958290.0
cdd_26p0,mask_200,pop_SSP1,2050,25,565207700.0,816.4218478272146,1.980731,647567100.0
cdd_26p0,mask_200,pop_SSP1,2050,26,122754060.0,161.69963214008604,1.980731,322151000.0
cdd_26p0,mask_200,pop_SSP1,2060,1,0.0,12.630842340155414,2.268381,43724424.0
cdd_26p0,mask_200,pop_SSP1,2060,2,146350880.0,204.39225617594894,2.268381,386854980.0
cdd_26p0,mask_200,pop_SSP1,2060,3,51960324.0,214.01485950113872,2.268381,140542530.0
cdd_26p0,mask_200,pop_SSP1,2060,4,67602936.0,225.54614845607364,2.268381,105595120.0
cdd_26p0,mask_200,pop_SSP1,2060,5,122265560.0,371.40559870235563,2.268381,215165280.0
cdd_26p0,mask_200,pop_SSP1,2060,6,70700184.0,225.00207180770158,2.268381,243065360.0
cdd_26p0,mask_200,pop_SSP1,2060,7,226343040.0,436.2330928610337,2.268381,285476380.0
cdd_26p0,mask_200,pop_SSP1,2060,8,984968200.0,861.6470853551612,2.268381,1090710100.0
cdd_26p0,mask_200,pop_SSP1,2060,9,202464670.0,392.1334943632722,2.268381,614193150.0
cdd_26p0,mask_200,pop_SSP1,2060,10,6256029.0,64.72701813126692,2.268381,69521660.0
cdd_26p0,mask_200,pop_SSP1,2060,11,22086222.0,28.69236785250609,2.268381,437019330.0
cdd_26p0,mask_200,pop_SSP1,2060,12,1178740.8,33.121395474949125,2.268381,102368690.0
cdd_26p0,mask_200,pop_SSP1,2060,13,30075382.0,144.98198495739237,2.268381,96692240.0
cdd_26p0,mask_200,pop_SSP1,2060,14,0.0,38.158995871673035,2.268381,44486428.0
cdd_26p0,mask_200,pop_SSP1,2060,15,56018764.0,251.72960167738742,2.268381,100182490.0
cdd_26p0,mask_200,pop_SSP1,2060,16,9070588.0,51.5832881828734,2.268381,152653250.0
cdd_26p0,mask_200,pop_SSP1,2060,17,300014460.0,731.9966228791095,2.268381,379247300.0
cdd_26p0,mask_200,pop_SSP1,2060,18,1499348200.0,984.9782807592974,2.268381,1545084400.0
cdd_26p0,mask_200,pop_SSP1,2060,19,0.0,71.35838772914501,2.268381,68708940.0
cdd_26p0,mask_200,pop_SSP1,2060,20,812866700.0,245.0813880493476,2.268381,1258049700.0
cdd_26p0,mask_200,pop_SSP1,2060,21,414004220.0,784.5831977323433,2.268381,444014660.0
cdd_26p0,mask_200,pop_SSP1,2060,22,279274560.0,592.5623377367892,2.268381,309094800.0
cdd_26p0,mask_200,pop_SSP1,2060,23,25761202.0,126.24350451930388,2.268381,101781510.0
cdd_26p0,mask_200,pop_SSP1,2060,24,4062403.5,61.88787945609725,2.268381,42555550.0
cdd_26p0,mask_200,pop_SSP1,2060,25,591999600.0,881.6691431027193,2.268381,671092740.0
cdd_26p0,mask_200,pop_SSP1,2060,26,152374380.0,194.0463771975806,2.268381,354106900.0
cdd_26p0,mask_200,pop_SSP1,2070,1,0.0,16.743643063948134,2.554702,44364012.0
cdd_26p0,mask_200,pop_SSP1,2070,2,166680750.0,230.3762282801826,2.554702,392172800.0
cdd_26p0,mask_200,pop_SSP1,2070,3,52762344.0,239.8479855734524,2.554702,137426370.0
cdd_26p0,mask_200,pop_SSP1,2070,4,68647496.0,264.0679210995254,2.554702,102546620.0
cdd_26p0,mask_200,pop_SSP1,2070,5,120484330.0,425.6547954841238,2.554702,204359040.0
cdd_26p0,mask_200,pop_SSP1,2070,6,72325736.0,254.80120621757482,2.554702,236221260.0
cdd_26p0,mask_200,pop_SSP1,2070,7,239269680.0,482.5619110150968,2.554702,287188320.0
cdd_26p0,mask_200,pop_SSP1,2070,8,1084470800.0,951.5960555343956,2.554702,1171714300.0
cdd_26p0,mask_200,pop_SSP1,2070,9,223631580.0,426.3969442943338,2.554702,642925440.0
cdd_26p0,mask_200,pop_SSP1,2070,10,8691441.0,78.71375915624121,2.554702,67755464.0
cdd_26p0,mask_200,pop_SSP1,2070,11,28564876.0,35.160860806171776,2.554702,433117380.0
cdd_26p0,mask_200,pop_SSP1,2070,12,1489262.0,42.55645278324019,2.554702,96934740.0
cdd_26p0,mask_200,pop_SSP1,2070,13,32104274.0,168.21453013660584,2.554702,94466090.0
cdd_26p0,mask_200,pop_SSP1,2070,14,0.0,49.334826373577044,2.554702,42106644.0
cdd_26p0,mask_200,pop_SSP1,2070,15,59195956.0,284.14410751358736,2.554702,99628890.0
cdd_26p0,mask_200,pop_SSP1,2070,16,13333280.0,62.40228883163421,2.554702,148472910.0
cdd_26p0,mask_200,pop_SSP1,2070,17,312350460.0,787.1407050827792,2.554702,382055680.0
cdd_26p0,mask_200,pop_SSP1,2070,18,1443250700.0,1060.6308348354896,2.554702,1484759600.0
cdd_26p0,mask_200,pop_SSP1,2070,19,0.0,84.75214158459589,2.554702,62868164.0
cdd_26p0,mask_200,pop_SSP1,2070,20,790983360.0,273.5025057116636,2.554702,1147859800.0
cdd_26p0,mask_200,pop_SSP1,2070,21,403005440.0,860.0047067211552,2.554702,428890880.0
cdd_26p0,mask_200,pop_SSP1,2070,22,274212860.0,660.3175908828994,2.554702,297357660.0
cdd_26p0,mask_200,pop_SSP1,2070,23,30913058.0,143.08295616524572,2.554702,95463000.0
cdd_26p0,mask_200,pop_SSP1,2070,24,4928622.0,70.89238625053626,2.554702,43537636.0
cdd_26p0,mask_200,pop_SSP1,2070,25,603933700.0,946.8060448849324,2.554702,677983000.0
cdd_26p0,mask_200,pop_SSP1,2070,26,173657760.0,228.1930525812191,2.554702,375558880.0
cdd_26p0,mask_200,pop_SSP1,2080,1,0.0,22.84851529154541,2.845921,44620250.0
cdd_26p0,mask_200,pop_SSP1,2080,2,179456100.0,257.2465150201253,2.845921,395203330.0
cdd_26p0,mask_200,pop_SSP1,2080,3,52610172.0,268.10569688721586,2.845921,132715140.0
cdd_26p0,mask_200,pop_SSP1,2080,4,70955140.0,306.37711312755846,2.845921,98098780.0
cdd_26p0,mask_200,pop_SSP1,2080,5,121345490.0,482.7754951684261,2.845921,190773550.0
cdd_26p0,mask_200,pop_SSP1,2080,6,71056380.0,287.07289925043665,2.845921,226005010.0
cdd_26p0,mask_200,pop_SSP1,2080,7,248624370.0,530.6707096253542,2.845921,283658080.0
cdd_26p0,mask_200,pop_SSP1,2080,8,1156963200.0,1045.2070721384791,2.845921,1224136200.0
cdd_26p0,mask_200,pop_SSP1,2080,9,234847740.0,461.17094070151694,2.845921,654119700.0
cdd_26p0,mask_200,pop_SSP1,2080,10,10795676.0,98.46613743752712,2.845921,64471650.0
cdd_26p0,mask_200,pop_SSP1,2080,11,41857896.0,43.33819330211755,2.845921,426984860.0
cdd_26p0,mask_200,pop_SSP1,2080,12,3293824.0,55.541091947519966,2.845921,91174940.0
cdd_26p0,mask_200,pop_SSP1,2080,13,31384788.0,195.528613055126,2.845921,90921100.0
cdd_26p0,mask_200,pop_SSP1,2080,14,0.0,63.55225531750763,2.845921,39598330.0
cdd_26p0,mask_200,pop_SSP1,2080,15,62155390.0,316.89285182952256,2.845921,97576300.0
cdd_26p0,mask_200,pop_SSP1,2080,16,18127598.0,73.82510014207337,2.845921,143305800.0
cdd_26p0,mask_200,pop_SSP1,2080,17,311700500.0,845.1046310340784,2.845921,376284930.0
cdd_26p0,mask_200,pop_SSP1,2080,18,1363260200.0,1135.26312165592,2.845921,1396979000.0
cdd_26p0,mask_200,pop_SSP1,2080,19,0.0,98.42644672383351,2.845921,57179110.0
cdd_26p0,mask_200,pop_SSP1,2080,20,739033340.0,300.5284250690698,2.845921,1038973760.0
cdd_26p0,mask_200,pop_SSP1,2080,21,385641660.0,934.7268215375561,2.845921,407564600.0
cdd_26p0,mask_200,pop_SSP1,2080,22,261785550.0,728.227412070758,2.845921,281531460.0
cdd_26p0,mask_200,pop_SSP1,2080,23,48078010.0,159.5717446856396,2.845921,87863890.0
cdd_26p0,mask_200,pop_SSP1,2080,24,5422454.5,81.81345320007777,2.845921,43898824.0
cdd_26p0,mask_200,pop_SSP1,2080,25,602587100.0,1011.0090771828735,2.845921,669882750.0
cdd_26p0,mask_200,pop_SSP1,2080,26,202630620.0,268.9492255818309,2.845921,386785280.0
cdd_26p0,mask_200,pop_SSP1,2090,1,0.0,32.16855611146604,3.137292,43763460.0
cdd_26p0,mask_200,pop_SSP1,2090,2,195028580.0,284.3946459018283,3.137292,392706430.0
cdd_26p0,mask_200,pop_SSP1,2090,3,51255010.0,290.9362981731613,3.137292,126606850.0
cdd_26p0,mask_200,pop_SSP1,2090,4,68655890.0,343.6449655249783,3.137292,92409900.0
cdd_26p0,mask_200,pop_SSP1,2090,5,118023624.0,535.6155562863487,3.137292,175775840.0
cdd_26p0,mask_200,pop_SSP1,2090,6,70002940.0,315.4705858121827,3.137292,212886300.0
cdd_26p0,mask_200,pop_SSP1,2090,7,248794460.0,573.5586641427279,3.137292,276513900.0
cdd_26p0,mask_200,pop_SSP1,2090,8,1182060500.0,1122.277976214431,3.137292,1243985900.0
cdd_26p0,mask_200,pop_SSP1,2090,9,239475520.0,492.9845226954213,3.137292,648780400.0
cdd_26p0,mask_200,pop_SSP1,2090,10,11463319.0,115.32016308165036,3.137292,60033336.0
cdd_26p0,mask_200,pop_SSP1,2090,11,49276464.0,51.687555093193886,3.137292,413250300.0
cdd_26p0,mask_200,pop_SSP1,2090,12,8603604.0,69.81613094451822,3.137292,85553730.0
cdd_26p0,mask_200,pop_SSP1,2090,13,32167142.0,217.6331543444502,3.137292,86465120.0
cdd_26p0,mask_200,pop_SSP1,2090,14,198860.31,81.35199965134815,3.137292,37064172.0
cdd_26p0,mask_200,pop_SSP1,2090,15,60576560.0,349.54283417612214,3.137292,94346904.0
cdd_26p0,mask_200,pop_SSP1,2090,16,21002060.0,87.77285103151931,3.137292,137513820.0
cdd_26p0,mask_200,pop_SSP1,2090,17,313417540.0,896.6061196497727,3.137292,364307700.0
cdd_26p0,mask_200,pop_SSP1,2090,18,1258229900.0,1208.0340122430482,3.137292,1287154300.0
cdd_26p0,mask_200,pop_SSP1,2090,19,605793.4,113.63915929634827,3.137292,51643520.0
cdd_26p0,mask_200,pop_SSP1,2090,20,674761500.0,332.643630719987,3.137292,929867260.0
cdd_26p0,mask_200,pop_SSP1,2090,21,362212380.0,1006.6329410136439,3.137292,381329660.0
cdd_26p0,mask_200,pop_SSP1,2090,22,245423840.0,788.8948960188075,3.137292,263148960.0
cdd_26p0,mask_200,pop_SSP1,2090,23,47389670.0,176.80460241710932,3.137292,80022490.0
cdd_26p0,mask_200,pop_SSP1,2090,24,5623384.0,91.77467032209631,3.137292,43116236.0
cdd_26p0,mask_200,pop_SSP1,2090,25,588786300.0,1075.4920260303907,3.137292,648921200.0
cdd_26p0,mask_200,pop_SSP1,2090,26,219580020.0,303.90723956603875,3.137292,387177100.0
cdd_26p0,mask_200,pop_SSP1,2100,1,0.0,44.81186115119275,3.422318,41334500.0
cdd_26p0,mask_200,pop_SSP1,2100,2,227267230.0,311.241218950718,3.422318,382343550.0
cdd_26p0,mask_200,pop_SSP1,2100,3,48277588.0,307.29547842802157,3.422318,118474700.0
cdd_26p0,mask_200,pop_SSP1,2100,4,65326604.0,374.5424660624467,3.422318,85604180.0
cdd_26p0,mask_200,pop_SSP1,2100,5,111805576.0,582.5727953141084,3.422318,159448770.0
cdd_26p0,mask_200,pop_SSP1,2100,6,67285350.0,338.9783691419585,3.422318,196914220.0
cdd_26p0,mask_200,pop_SSP1,2100,7,241390860.0,609.7534922474085,3.422318,266232200.0
cdd_26p0,mask_200,pop_SSP1,2100,8,1172002000.0,1179.458631475979,3.422318,1230346500.0
cdd_26p0,mask_200,pop_SSP1,2100,9,239678300.0,520.835353569579,3.422318,629134000.0
cdd_26p0,mask_200,pop_SSP1,2100,10,11316353.0,128.61394328043923,3.422318,55014532.0
cdd_26p0,mask_200,pop_SSP1,2100,11,63304120.0,60.039271974922016,3.422318,389888200.0
cdd_26p0,mask_200,pop_SSP1,2100,12,11003676.0,85.18951506744665,3.422318,80128870.0
cdd_26p0,mask_200,pop_SSP1,2100,13,31393910.0,233.52148007145078,3.422318,81469210.0
cdd_26p0,mask_200,pop_SSP1,2100,14,3127593.5,102.68876852265737,3.422318,34660790.0
cdd_26p0,mask_200,pop_SSP1,2100,15,61132840.0,381.35462928367514,3.422318,90474380.0
cdd_26p0,mask_200,pop_SSP1,2100,16,22262418.0,104.1822878897098,3.422318,131682300.0
cdd_26p0,mask_200,pop_SSP1,2100,17,303297470.0,939.8582010432023,3.422318,347380600.0
cdd_26p0,mask_200,pop_SSP1,2100,18,1140722400.0,1277.133950168439,3.422318,1164688100.0
cdd_26p0,mask_200,pop_SSP1,2100,19,5193708.5,130.20167367877724,3.422318,45889290.0
cdd_26p0,mask_200,pop_SSP1,2100,20,624029900.0,369.6311856365731,3.422318,831249700.0
cdd_26p0,mask_200,pop_SSP1,2100,21,338198460.0,1073.8388973004317,3.422318,351520450.0
cdd_26p0,mask_200,pop_SSP1,2100,22,227804900.0,840.2514716193392,3.422318,242425780.0
cdd_26p0,mask_200,pop_SSP1,2100,23,47897036.0,194.46960693096057,3.422318,71976080.0
cdd_26p0,mask_200,pop_SSP1,2100,24,6055477.0,100.45895549572397,3.422318,41043690.0
cdd_26p0,mask_200,pop_SSP1,2100,25,562316400.0,1138.8412837990859,3.422318,618490500.0
cdd_26p0,mask_200,pop_SSP1,2100,26,227370820.0,331.7152299837363,3.422318,378042140.0
cdd_26p0,mask_200,pop_SSP2,2040,1,0.0,6.308290592628771,1.693643,41235690.0
cdd_26p0,mask_200,pop_SSP2,2040,2,109977070.0,158.24885977037928,1.693643,367379520.0
cdd_26p0,mask_200,pop_SSP2,2040,3,47515080.0,169.25689135865161,1.693643,142523300.0
cdd_26p0,mask_200,pop_SSP2,2040,4,59011096.0,159.13383621868445,1.693643,108550970.0
cdd_26p0,mask_200,pop_SSP2,2040,5,110102504.0,273.13319112885324,1.693643,227847470.0
cdd_26p0,mask_200,pop_SSP2,2040,6,63911520.0,170.5981097878132,1.693643,248099980.0
cdd_26p0,mask_200,pop_SSP2,2040,7,185218160.0,351.3436934638442,1.693643,267329170.0
cdd_26p0,mask_200,pop_SSP2,2040,8,784604800.0,701.1669518559968,1.693643,912532350.0
cdd_26p0,mask_200,pop_SSP2,2040,9,157026850.0,329.0183543222841,1.693643,536728770.0
cdd_26p0,mask_200,pop_SSP2,2040,10,2418056.5,42.07476079959395,1.693643,67723840.0
cdd_26p0,mask_200,pop_SSP2,2040,11,3755581.5,18.113717563180266,1.693643,429634530.0
cdd_26p0,mask_200,pop_SSP2,2040,12,1020277.6,19.09524662862341,1.693643,111103150.0
cdd_26p0,mask_200,pop_SSP2,2040,13,26021966.0,106.26565153574064,1.693643,95478960.0
cdd_26p0,mask_200,pop_SSP2,2040,14,0.0,21.654879193858136,1.693643,48097216.0
cdd_26p0,mask_200,pop_SSP2,2040,15,44076924.0,193.77533147915238,1.693643,95847944.0
cdd_26p0,mask_200,pop_SSP2,2040,16,6062626.0,33.96638507492709,1.693643,156275730.0
cdd_26p0,mask_200,pop_SSP2,2040,17,232764220.0,629.197833960315,1.693643,352059260.0
cdd_26p0,mask_200,pop_SSP2,2040,18,1544029200.0,848.0169558652285,1.693643,1604890600.0
cdd_26p0,mask_200,pop_SSP2,2040,19,0.0,47.681649496226996,1.693643,76008750.0
cdd_26p0,mask_200,pop_SSP2,2040,20,763597440.0,192.25461861374367,1.693643,1410251500.0
cdd_26p0,mask_200,pop_SSP2,2040,21,415736580.0,642.3921844355518,1.693643,456747040.0
cdd_26p0,mask_200,pop_SSP2,2040,22,273487360.0,466.3216955503318,1.693643,318782430.0
cdd_26p0,mask_200,pop_SSP2,2040,23,1360492.1,95.818376282328,1.693643,112398424.0
cdd_26p0,mask_200,pop_SSP2,2040,24,2510635.8,46.8845090346051,1.693643,39078732.0
cdd_26p0,mask_200,pop_SSP2,2040,25,546524100.0,760.8287503616264,1.693643,630920060.0
cdd_26p0,mask_200,pop_SSP2,2040,26,103306830.0,137.12300766274234,1.693643,297976000.0
cdd_26p0,mask_200,pop_SSP2,2050,1,0.0,9.013259708293118,1.980731,42558132.0
cdd_26p0,mask_200,pop_SSP2,2050,2,130774510.0,179.0020632238629,1.980731,380150100.0
cdd_26p0,mask_200,pop_SSP2,2050,3,51947650.0,188.89201458444032,1.980731,147781920.0
cdd_26p0,mask_200,pop_SSP2,2050,4,63376744.0,188.12307976113172,1.980731,112591950.0
cdd_26p0,mask_200,pop_SSP2,2050,5,118606320.0,318.11127594671854,1.980731,228028000.0
cdd_26p0,mask_200,pop_SSP2,2050,6,71861120.0,195.9422767162702,1.980731,255523500.0
cdd_26p0,mask_200,pop_SSP2,2050,7,221491710.0,390.6370608390218,1.980731,292867360.0
cdd_26p0,mask_200,pop_SSP2,2050,8,980902140.0,773.1675013316251,1.980731,1111875200.0
cdd_26p0,mask_200,pop_SSP2,2050,9,190502900.0,357.7003795450093,1.980731,628347100.0
cdd_26p0,mask_200,pop_SSP2,2050,10,4005138.8,52.31144761079668,1.980731,69606420.0
cdd_26p0,mask_200,pop_SSP2,2050,11,11257296.0,22.671464300861505,1.980731,433655460.0
cdd_26p0,mask_200,pop_SSP2,2050,12,988213.9,24.64202877886465,1.980731,106137620.0
cdd_26p0,mask_200,pop_SSP2,2050,13,28819220.0,123.31232550379241,1.980731,97837060.0
cdd_26p0,mask_200,pop_SSP2,2050,14,0.0,27.88543659003541,1.980731,46139016.0
cdd_26p0,mask_200,pop_SSP2,2050,15,56369180.0,219.80823357584043,1.980731,104102540.0
cdd_26p0,mask_200,pop_SSP2,2050,16,7359600.5,41.102804331292916,1.980731,154594640.0
cdd_26p0,mask_200,pop_SSP2,2050,17,288836930.0,678.0301468190621,1.980731,384014180.0
cdd_26p0,mask_200,pop_SSP2,2050,18,1587445500.0,909.2553665279003,1.980731,1644272400.0
cdd_26p0,mask_200,pop_SSP2,2050,19,0.0,58.11084174122365,1.980731,72344100.0
cdd_26p0,mask_200,pop_SSP2,2050,20,804255170.0,216.386830376362,1.980731,1339330600.0
cdd_26p0,mask_200,pop_SSP2,2050,21,432425400.0,708.8224495278071,1.980731,469752540.0
cdd_26p0,mask_200,pop_SSP2,2050,22,290490080.0,524.8298256050491,1.980731,326289730.0
cdd_26p0,mask_200,pop_SSP2,2050,23,10362714.0,109.40582409689833,1.980731,105730216.0
cdd_26p0,mask_200,pop_SSP2,2050,24,3258481.5,53.401097872038505,1.980731,41301784.0
cdd_26p0,mask_200,pop_SSP2,2050,25,606276350.0,816.6479363621228,1.980731,694634560.0
cdd_26p0,mask_200,pop_SSP2,2050,26,135412000.0,161.7218601311705,1.980731,355352580.0
cdd_26p0,mask_200,pop_SSP2,2060,1,0.0,12.631934400310017,2.268381,43672144.0
cdd_26p0,mask_200,pop_SSP2,2060,2,147860480.0,204.66974747575946,2.268381,390528700.0
cdd_26p0,mask_200,pop_SSP2,2060,3,55595710.0,214.00002442228515,2.268381,150414260.0
cdd_26p0,mask_200,pop_SSP2,2060,4,73109176.0,225.49808388354174,2.268381,114195710.0
cdd_26p0,mask_200,pop_SSP2,2060,5,127145520.0,371.5749855380278,2.268381,223749180.0
cdd_26p0,mask_200,pop_SSP2,2060,6,75084350.0,225.17033432935094,2.268381,258169620.0
cdd_26p0,mask_200,pop_SSP2,2060,7,247215120.0,436.50445336644344,2.268381,311802100.0
cdd_26p0,mask_200,pop_SSP2,2060,8,1179257300.0,861.8597900265482,2.268381,1305529200.0
cdd_26p0,mask_200,pop_SSP2,2060,9,233990690.0,391.7458839303302,2.268381,709911600.0
cdd_26p0,mask_200,pop_SSP2,2060,10,6357230.5,64.93266071378825,2.268381,69768220.0
cdd_26p0,mask_200,pop_SSP2,2060,11,21979582.0,28.692681915170816,2.268381,434905060.0
cdd_26p0,mask_200,pop_SSP2,2060,12,1167197.6,33.1205379750863,2.268381,101370700.0
cdd_26p0,mask_200,pop_SSP2,2060,13,30492464.0,145.46928426422448,2.268381,97814136.0
cdd_26p0,mask_200,pop_SSP2,2060,14,0.0,38.158706548070775,2.268381,43993936.0
cdd_26p0,mask_200,pop_SSP2,2060,15,61273700.0,252.01788928554421,2.268381,109548380.0
cdd_26p0,mask_200,pop_SSP2,2060,16,9086941.0,51.63840186812805,2.268381,152312130.0
cdd_26p0,mask_200,pop_SSP2,2060,17,321658180.0,732.6013355958274,2.268381,406616400.0
cdd_26p0,mask_200,pop_SSP2,2060,18,1599858600.0,984.7741733937696,2.268381,1648807700.0
cdd_26p0,mask_200,pop_SSP2,2060,19,0.0,71.35312814206735,2.268381,67111020.0
cdd_26p0,mask_200,pop_SSP2,2060,20,797883260.0,245.05521788220634,2.268381,1234886400.0
cdd_26p0,mask_200,pop_SSP2,2060,21,441086900.0,784.3979334564735,2.268381,473015070.0
cdd_26p0,mask_200,pop_SSP2,2060,22,295729760.0,592.4706897105491,2.268381,327306980.0
cdd_26p0,mask_200,pop_SSP2,2060,23,25182988.0,126.24080583809274,2.268381,99497010.0
cdd_26p0,mask_200,pop_SSP2,2060,24,4125311.0,61.89635773699566,2.268381,43214544.0
cdd_26p0,mask_200,pop_SSP2,2060,25,658242300.0,881.8895888761422,2.268381,746201660.0
cdd_26p0,mask_200,pop_SSP2,2060,26,175290850.0,194.0700740206863,2.268381,407346560.0
cdd_26p0,mask_200,pop_SSP2,2070,1,0.0,16.745061712754335,2.554702,44633880.0
cdd_26p0,mask_200,pop_SSP2,2070,2,170223090.0,230.66964968938686,2.554702,400180160.0
cdd_26p0,mask_200,pop_SSP2,2070,3,57932520.0,239.84089981767207,2.554702,150940340.0
cdd_26p0,mask_200,pop_SSP2,2070,4,76343590.0,264.02207354285116,2.554702,114043016.0
cdd_26p0,mask_200,pop_SSP2,2070,5,127284300.0,425.8429655925154,2.554702,215887780.0
cdd_26p0,mask_200,pop_SSP2,2070,6,78610800.0,254.992970742494,2.554702,256786940.0
cdd_26p0,mask_200,pop_SSP2,2070,7,269506900.0,482.85315148331523,2.554702,323482020.0
cdd_26p0,mask_200,pop_SSP2,2070,8,1372271900.0,951.8182700004267,2.554702,1482260500.0
cdd_26p0,mask_200,pop_SSP2,2070,9,269757920.0,425.9966890528899,2.554702,775675140.0
cdd_26p0,mask_200,pop_SSP2,2070,10,8899634.0,78.94906227531607,2.554702,68638130.0
cdd_26p0,mask_200,pop_SSP2,2070,11,28621302.0,35.16111972110812,2.554702,433964700.0
cdd_26p0,mask_200,pop_SSP2,2070,12,1478961.8,42.55531990697821,2.554702,96273770.0
cdd_26p0,mask_200,pop_SSP2,2070,13,32701032.0,168.74227760523692,2.554702,95941550.0
cdd_26p0,mask_200,pop_SSP2,2070,14,0.0,49.334406644391656,2.554702,41861824.0
cdd_26p0,mask_200,pop_SSP2,2070,15,66914650.0,284.46499982487455,2.554702,112581130.0
cdd_26p0,mask_200,pop_SSP2,2070,16,13429158.0,62.464429418435344,2.554702,149028450.0
cdd_26p0,mask_200,pop_SSP2,2070,17,342332350.0,787.7597695744297,2.554702,418741570.0
cdd_26p0,mask_200,pop_SSP2,2070,18,1577120800.0,1060.418820618756,2.554702,1622686700.0
cdd_26p0,mask_200,pop_SSP2,2070,19,0.0,84.74579878580872,2.554702,61197800.0
cdd_26p0,mask_200,pop_SSP2,2070,20,772805950.0,273.47518017025305,2.554702,1121519900.0
cdd_26p0,mask_200,pop_SSP2,2070,21,440225060.0,859.806990148222,2.554702,468443650.0
cdd_26p0,mask_200,pop_SSP2,2070,22,298101100.0,660.2101652117522,2.554702,323262140.0
cdd_26p0,mask_200,pop_SSP2,2070,23,30029412.0,143.07989495273264,2.554702,92734200.0
cdd_26p0,mask_200,pop_SSP2,2070,24,5056132.0,70.90213878775747,2.554702,44664010.0
cdd_26p0,mask_200,pop_SSP2,2070,25,697102460.0,947.0181490599338,2.554702,782588300.0
cdd_26p0,mask_200,pop_SSP2,2070,26,208422860.0,228.21766637838735,2.554702,450714980.0
cdd_26p0,mask_200,pop_SSP2,2080,1,0.0,22.850391316383508,2.845921,45265812.0
cdd_26p0,mask_200,pop_SSP2,2080,2,185152900.0,257.55573368406647,2.845921,407399500.0
cdd_26p0,mask_200,pop_SSP2,2080,3,59312268.0,268.1070039623898,2.845921,149714400.0
cdd_26p0,mask_200,pop_SSP2,2080,4,81297900.0,306.33353985631584,2.845921,112397820.0
cdd_26p0,mask_200,pop_SSP2,2080,5,130614330.0,482.98221181121005,2.845921,205340940.0
cdd_26p0,mask_200,pop_SSP2,2080,6,79206670.0,287.28787270003556,2.845921,251980200.0
cdd_26p0,mask_200,pop_SSP2,2080,7,289554460.0,530.9805237191601,2.845921,330356480.0
cdd_26p0,mask_200,pop_SSP2,2080,8,1543861100.0,1045.4394854228588,2.845921,1632995200.0
cdd_26p0,mask_200,pop_SSP2,2080,9,294988160.0,460.7615200498783,2.845921,821835840.0
cdd_26p0,mask_200,pop_SSP2,2080,10,11239600.0,98.73719691014693,2.845921,66502090.0
cdd_26p0,mask_200,pop_SSP2,2080,11,42465670.0,43.338355472066056,2.845921,433175170.0
cdd_26p0,mask_200,pop_SSP2,2080,12,3299056.5,55.5395414875706,2.845921,91335220.0
cdd_26p0,mask_200,pop_SSP2,2080,13,32232068.0,196.09806053656598,2.845921,93042460.0
cdd_26p0,mask_200,pop_SSP2,2080,14,0.0,63.55163693376957,2.845921,39881184.0
cdd_26p0,mask_200,pop_SSP2,2080,15,72821944.0,317.24532616469065,2.845921,114282900.0
cdd_26p0,mask_200,pop_SSP2,2080,16,18467618.0,73.8941771886109,2.845921,145581340.0
cdd_26p0,mask_200,pop_SSP2,2080,17,350002050.0,845.7397946591733,2.845921,422534880.0
cdd_26p0,mask_200,pop_SSP2,2080,18,1530695300.0,1135.0438211321016,2.845921,1568660100.0
cdd_26p0,mask_200,pop_SSP2,2080,19,0.0,98.41919354245445,2.845921,55754692.0
cdd_26p0,mask_200,pop_SSP2,2080,20,721756160.0,300.50028375960363,2.845921,1014721300.0
cdd_26p0,mask_200,pop_SSP2,2080,21,433316800.0,934.5184181800938,2.845921,457892400.0
cdd_26p0,mask_200,pop_SSP2,2080,22,293228100.0,728.1034246463279,2.845921,315345660.0
cdd_26p0,mask_200,pop_SSP2,2080,23,47027410.0,159.56838330846682,2.845921,85943896.0
cdd_26p0,mask_200,pop_SSP2,2080,24,5636624.0,81.82457873777557,2.845921,45632690.0
cdd_26p0,mask_200,pop_SSP2,2080,25,721839360.0,1011.2055688190582,2.845921,802491800.0
cdd_26p0,mask_200,pop_SSP2,2080,26,253212460.0,268.97207324283954,2.845921,483205730.0
cdd_26p0,mask_200,pop_SSP2,2090,1,0.0,32.170983728437044,3.137292,45264700.0
cdd_26p0,mask_200,pop_SSP2,2090,2,203648260.0,284.7143243542182,3.137292,409720960.0
cdd_26p0,mask_200,pop_SSP2,2090,3,59588252.0,290.944928994259,3.137292,147301260.0
cdd_26p0,mask_200,pop_SSP2,2090,4,81388480.0,343.6020574213199,3.137292,109547370.0
cdd_26p0,mask_200,pop_SSP2,2090,5,130028370.0,535.8386709198197,3.137292,193650340.0
cdd_26p0,mask_200,pop_SSP2,2090,6,80386030.0,315.703881378986,3.137292,244516750.0
cdd_26p0,mask_200,pop_SSP2,2090,7,300254660.0,573.885646465123,3.137292,333708300.0
cdd_26p0,mask_200,pop_SSP2,2090,8,1662048000.0,1122.520803051338,3.137292,1748499300.0
cdd_26p0,mask_200,pop_SSP2,2090,9,313849060.0,492.5671609851637,3.137292,850514400.0
cdd_26p0,mask_200,pop_SSP2,2090,10,12285483.0,115.62009533918511,3.137292,63799784.0
cdd_26p0,mask_200,pop_SSP2,2090,11,51344496.0,51.68753902223209,3.137292,430576960.0
cdd_26p0,mask_200,pop_SSP2,2090,12,8765530.0,69.8141411242099,3.137292,87182820.0
cdd_26p0,mask_200,pop_SSP2,2090,13,33425178.0,218.23696657906916,3.137292,89494320.0
cdd_26p0,mask_200,pop_SSP2,2090,14,204419.34,81.35123318067374,3.137292,38088804.0
cdd_26p0,mask_200,pop_SSP2,2090,15,73778160.0,349.9235861057202,3.137292,114867560.0
cdd_26p0,mask_200,pop_SSP2,2090,16,21779166.0,87.84756134857565,3.137292,142233840.0
cdd_26p0,mask_200,pop_SSP2,2090,17,362450240.0,897.2554662522302,3.137292,421313020.0
cdd_26p0,mask_200,pop_SSP2,2090,18,1464270100.0,1207.8111579485178,3.137292,1498046700.0
cdd_26p0,mask_200,pop_SSP2,2090,19,594657.0,113.63080549444554,3.137292,50695056.0
cdd_26p0,mask_200,pop_SSP2,2090,20,663151500.0,332.6153741651865,3.137292,913915000.0
cdd_26p0,mask_200,pop_SSP2,2090,21,420666180.0,1006.4090795648975,3.137292,442814980.0
cdd_26p0,mask_200,pop_SSP2,2090,22,283585200.0,788.758473756594,3.137292,304066370.0
cdd_26p0,mask_200,pop_SSP2,2090,23,47507460.0,176.8010453025451,3.137292,80221390.0
cdd_26p0,mask_200,pop_SSP2,2090,24,5995709.5,91.78705373992058,3.137292,45970976.0
cdd_26p0,mask_200,pop_SSP2,2090,25,733856450.0,1075.6737741144445,3.137292,808838660.0
cdd_26p0,mask_200,pop_SSP2,2090,26,285103940.0,303.931721186157,3.137292,502567100.0
cdd_26p0,mask_200,pop_SSP2,2100,1,0.0,44.81493152011414,3.422318,44719280.0
cdd_26p0,mask_200,pop_SSP2,2100,2,242961680.0,311.5652607156184,3.422318,408499700.0
cdd_26p0,mask_200,pop_SSP2,2100,3,58698550.0,307.31009502428066,3.422318,144189000.0
cdd_26p0,mask_200,pop_SSP2,2100,4,80923020.0,374.49844079521444,3.422318,106041360.0
cdd_26p0,mask_200,pop_SSP2,2100,5,127782180.0,582.8095814797215,3.422318,182229540.0
cdd_26p0,mask_200,pop_SSP2,2100,6,80492270.0,339.2242096384013,3.422318,235626800.0
cdd_26p0,mask_200,pop_SSP2,2100,7,301957300.0,610.0957154024991,3.422318,333032160.0
cdd_26p0,mask_200,pop_SSP2,2100,8,1737265900.0,1179.7118749944536,3.422318,1823155500.0
cdd_26p0,mask_200,pop_SSP2,2100,9,329123970.0,520.4115731137564,3.422318,864178800.0
cdd_26p0,mask_200,pop_SSP2,2100,10,12592022.0,128.93454207965488,3.422318,60728110.0
cdd_26p0,mask_200,pop_SSP2,2100,11,69015560.0,60.03899213099199,3.422318,425041180.0
cdd_26p0,mask_200,pop_SSP2,2100,12,11490819.0,85.18707178657381,3.422318,83693990.0
cdd_26p0,mask_200,pop_SSP2,2100,13,33152362.0,234.15083193378146,3.422318,85637630.0
cdd_26p0,mask_200,pop_SSP2,2100,14,3279375.0,102.68791281848145,3.422318,36338800.0
cdd_26p0,mask_200,pop_SSP2,2100,15,77393030.0,381.7593972154076,3.422318,114497230.0
cdd_26p0,mask_200,pop_SSP2,2100,16,23474920.0,104.26107414608018,3.422318,138470290.0
cdd_26p0,mask_200,pop_SSP2,2100,17,363543420.0,940.519308924645,3.422318,416395870.0
cdd_26p0,mask_200,pop_SSP2,2100,18,1392280800.0,1276.9117213689722,3.422318,1421647000.0
cdd_26p0,mask_200,pop_SSP2,2100,19,5188310.0,130.19203489599286,3.422318,45837730.0
cdd_26p0,mask_200,pop_SSP2,2100,20,619547260.0,369.60358587062757,3.422318,825335200.0
cdd_26p0,mask_200,pop_SSP2,2100,21,409370620.0,1073.5946824058656,3.422318,425465700.0
cdd_26p0,mask_200,pop_SSP2,2100,22,272892740.0,840.1074254598448,3.422318,290407300.0
cdd_26p0,mask_200,pop_SSP2,2100,23,49818084.0,194.4659731571755,3.422318,74862880.0
cdd_26p0,mask_200,pop_SSP2,2100,24,6752250.5,100.47244223193753,3.422318,45766380.0
cdd_26p0,mask_200,pop_SSP2,2100,25,733313400.0,1139.009572340481,3.422318,806595840.0
cdd_26p0,mask_200,pop_SSP2,2100,26,307735940.0,331.74504373086967,3.422318,511516400.0
cdd_26p0,mask_200,pop_SSP3,2040,1,0.0,6.315618121110216,1.693643,40483924.0
cdd_26p0,mask_200,pop_SSP3,2040,2,109460470.0,158.66317010706922,1.693643,365363970.0
cdd_26p0,mask_200,pop_SSP3,2040,3,49047596.0,169.2161097598955,1.693643,147148340.0
cdd_26p0,mask_200,pop_SSP3,2040,4,61289504.0,159.06752234522529,1.693643,112742000.0
cdd_26p0,mask_200,pop_SSP3,2040,5,112049300.0,273.3289784448457,1.693643,231874340.0
cdd_26p0,mask_200,pop_SSP3,2040,6,65661428.0,170.77346340384474,1.693643,254898480.0
cdd_26p0,mask_200,pop_SSP3,2040,7,191654260.0,351.6278111621689,1.693643,276619230.0
cdd_26p0,mask_200,pop_SSP3,2040,8,825882050.0,701.2260996694168,1.693643,960487400.0
cdd_26p0,mask_200,pop_SSP3,2040,9,164620540.0,328.7683306432817,1.693643,562667500.0
cdd_26p0,mask_200,pop_SSP3,2040,10,2421760.5,42.218555261776665,1.693643,67615390.0
cdd_26p0,mask_200,pop_SSP3,2040,11,3716873.8,18.113503148922124,1.693643,425228200.0
cdd_26p0,mask_200,pop_SSP3,2040,12,1029441.1,19.100543752895668,1.693643,112074770.0
cdd_26p0,mask_200,pop_SSP3,2040,13,26625578.0,106.58536600548784,1.693643,97681940.0
cdd_26p0,mask_200,pop_SSP3,2040,14,0.0,21.65220329779482,1.693643,47893124.0
cdd_26p0,mask_200,pop_SSP3,2040,15,45878076.0,194.03999310878837,1.693643,99756710.0
cdd_26p0,mask_200,pop_SSP3,2040,16,6048594.5,34.03066943210989,1.693643,155668030.0
cdd_26p0,mask_200,pop_SSP3,2040,17,238579620.0,629.8977288719042,1.693643,360844930.0
cdd_26p0,mask_200,pop_SSP3,2040,18,1584359700.0,847.7793987879365,1.693643,1646870800.0
cdd_26p0,mask_200,pop_SSP3,2040,19,0.0,47.67692803029914,1.693643,76252620.0
cdd_26p0,mask_200,pop_SSP3,2040,20,771019900.0,192.3487011594338,1.693643,1423951500.0
cdd_26p0,mask_200,pop_SSP3,2040,21,425668740.0,642.14359591701,1.693643,467650600.0
cdd_26p0,mask_200,pop_SSP3,2040,22,279379900.0,466.24182254132586,1.693643,325650850.0
cdd_26p0,mask_200,pop_SSP3,2040,23,1352257.8,95.81971920003843,1.693643,111718130.0
cdd_26p0,mask_200,pop_SSP3,2040,24,2498500.0,46.88906147339214,1.693643,38889836.0
cdd_26p0,mask_200,pop_SSP3,2040,25,570811970.0,761.083809148004,1.693643,658968450.0
cdd_26p0,mask_200,pop_SSP3,2040,26,107382856.0,137.14207978889485,1.693643,309730000.0
cdd_26p0,mask_200,pop_SSP3,2050,1,0.0,9.023329724012806,1.980731,41216212.0
cdd_26p0,mask_200,pop_SSP3,2050,2,130065330.0,179.44075761447976,1.980731,377658750.0
cdd_26p0,mask_200,pop_SSP3,2050,3,55030296.0,188.8575632325263,1.980731,156598080.0
cdd_26p0,mask_200,pop_SSP3,2050,4,67808660.0,188.05378981698198,1.980731,120465210.0
cdd_26p0,mask_200,pop_SSP3,2050,5,122405820.0,318.3344875479142,1.980731,235328510.0
cdd_26p0,mask_200,pop_SSP3,2050,6,75488850.0,196.1471488728195,1.980731,268450700.0
cdd_26p0,mask_200,pop_SSP3,2050,7,236298180.0,390.9431312432781,1.980731,312446270.0
cdd_26p0,mask_200,pop_SSP3,2050,8,1078785900.0,773.2235688473388,1.980731,1222742300.0
cdd_26p0,mask_200,pop_SSP3,2050,9,208350000.0,357.4477944344005,1.980731,687176300.0
cdd_26p0,mask_200,pop_SSP3,2050,10,4041573.8,52.48081936218423,1.980731,69993380.0
cdd_26p0,mask_200,pop_SSP3,2050,11,11066967.0,22.671264679357495,1.980731,426360400.0
cdd_26p0,mask_200,pop_SSP3,2050,12,1005012.3,24.64687224994522,1.980731,107896490.0
cdd_26p0,mask_200,pop_SSP3,2050,13,30039610.0,123.6639000250052,1.980731,101955340.0
cdd_26p0,mask_200,pop_SSP3,2050,14,0.0,27.882355299838103,1.980731,45861864.0
cdd_26p0,mask_200,pop_SSP3,2050,15,60736464.0,220.10576516405328,1.980731,112153120.0
cdd_26p0,mask_200,pop_SSP3,2050,16,7356086.0,41.175519619518624,1.980731,154105740.0
cdd_26p0,mask_200,pop_SSP3,2050,17,302800900.0,678.7514908684644,1.980731,402574850.0
cdd_26p0,mask_200,pop_SSP3,2050,18,1665082900.0,909.0076432291575,1.980731,1724801000.0
cdd_26p0,mask_200,pop_SSP3,2050,19,0.0,58.10547565576409,1.980731,72531310.0
cdd_26p0,mask_200,pop_SSP3,2050,20,817549200.0,216.4877935120475,1.980731,1361459700.0
cdd_26p0,mask_200,pop_SSP3,2050,21,452244300.0,708.5611932747119,1.980731,491265600.0
cdd_26p0,mask_200,pop_SSP3,2050,22,302135550.0,524.7357601503858,1.980731,339370240.0
cdd_26p0,mask_200,pop_SSP3,2050,23,10267152.0,109.40733152342854,1.980731,104755220.0
cdd_26p0,mask_200,pop_SSP3,2050,24,3239460.5,53.406347812924835,1.980731,41060684.0
cdd_26p0,mask_200,pop_SSP3,2050,25,656604540.0,816.9140499446652,1.980731,752317300.0
cdd_26p0,mask_200,pop_SSP3,2050,26,146466030.0,161.73981643583843,1.980731,384356320.0
cdd_26p0,mask_200,pop_SSP3,2060,1,0.0,12.645639652437271,2.268381,41926972.0
cdd_26p0,mask_200,pop_SSP3,2060,2,148008290.0,205.13557620693462,2.268381,390365020.0
cdd_26p0,mask_200,pop_SSP3,2060,3,60931670.0,213.97646937505672,2.268381,164916400.0
cdd_26p0,mask_200,pop_SSP3,2060,4,81084120.0,225.4315917855608,2.268381,126652400.0
cdd_26p0,mask_200,pop_SSP3,2060,5,133703064.0,371.82632195411713,2.268381,235283580.0
cdd_26p0,mask_200,pop_SSP3,2060,6,81143944.0,225.4085997024488,2.268381,279048260.0
cdd_26p0,mask_200,pop_SSP3,2060,7,273682300.0,436.83526106061237,2.268381,345185540.0
cdd_26p0,mask_200,pop_SSP3,2060,8,1363208700.0,861.9133610305553,2.268381,1509065200.0
cdd_26p0,mask_200,pop_SSP3,2060,9,268983650.0,391.487924295637,2.268381,816020200.0
cdd_26p0,mask_200,pop_SSP3,2060,10,6559707.5,65.1293075027708,2.268381,71220456.0
cdd_26p0,mask_200,pop_SSP3,2060,11,21561570.0,28.692551355412288,2.268381,426685060.0
cdd_26p0,mask_200,pop_SSP3,2060,12,1202202.0,33.12410173414111,2.268381,104345420.0
cdd_26p0,mask_200,pop_SSP3,2060,13,32543034.0,145.8569162813468,2.268381,104349270.0
cdd_26p0,mask_200,pop_SSP3,2060,14,0.0,38.15491657328017,2.268381,43786800.0
cdd_26p0,mask_200,pop_SSP3,2060,15,68736620.0,252.3540876166882,2.268381,122868824.0
cdd_26p0,mask_200,pop_SSP3,2060,16,9146001.0,51.721858316591415,2.268381,152645900.0
cdd_26p0,mask_200,pop_SSP3,2060,17,346658430.0,733.3406149444961,2.268381,438224400.0
cdd_26p0,mask_200,pop_SSP3,2060,18,1728867800.0,984.5160622160222,2.268381,1781953500.0
cdd_26p0,mask_200,pop_SSP3,2060,19,0.0,71.34704116203514,2.268381,67400760.0
cdd_26p0,mask_200,pop_SSP3,2060,20,819547260.0,245.16275719127754,2.268381,1268408000.0
cdd_26p0,mask_200,pop_SSP3,2060,21,474025630.0,784.1172365147784,2.268381,508313340.0
cdd_26p0,mask_200,pop_SSP3,2060,22,315366080.0,592.3574987119803,2.268381,349039870.0
cdd_26p0,mask_200,pop_SSP3,2060,23,24884778.0,126.24255430641777,2.268381,98318810.0
cdd_26p0,mask_200,pop_SSP3,2060,24,4117779.5,61.90250856130154,2.268381,43135644.0
cdd_26p0,mask_200,pop_SSP3,2060,25,745395800.0,882.1491363843194,2.268381,845022850.0
cdd_26p0,mask_200,pop_SSP3,2060,26,198800690.0,194.08727281144712,2.268381,461982820.0
cdd_26p0,mask_200,pop_SSP3,2070,1,0.0,16.762595753705234,2.554702,42907930.0
cdd_26p0,mask_200,pop_SSP3,2070,2,173476830.0,231.1625164562939,2.554702,407231700.0
cdd_26p0,mask_200,pop_SSP3,2070,3,66166790.0,239.82869808057666,2.554702,172477180.0
cdd_26p0,mask_200,pop_SSP3,2070,4,88299440.0,263.95878332384933,2.554702,131902680.0
cdd_26p0,mask_200,pop_SSP3,2070,5,137292980.0,426.1221496485614,2.554702,232856380.0
cdd_26p0,mask_200,pop_SSP3,2070,6,87957660.0,255.26452070966883,2.554702,287372580.0
cdd_26p0,mask_200,pop_SSP3,2070,7,311173220.0,483.20830710146333,2.554702,373494530.0
cdd_26p0,mask_200,pop_SSP3,2070,8,1669520500.0,951.8695060961819,2.554702,1803212200.0
cdd_26p0,mask_200,pop_SSP3,2070,9,326664450.0,425.73392115989134,2.554702,939222000.0
cdd_26p0,mask_200,pop_SSP3,2070,10,9392445.0,79.17434861001169,2.554702,71749976.0
cdd_26p0,mask_200,pop_SSP3,2070,11,28377022.0,35.161072675560405,2.554702,430315070.0
cdd_26p0,mask_200,pop_SSP3,2070,12,1555319.1,42.55733205372097,2.554702,101163260.0
cdd_26p0,mask_200,pop_SSP3,2070,13,36056890.0,169.1664436831533,2.554702,105735150.0
cdd_26p0,mask_200,pop_SSP3,2070,14,0.0,49.32989476854631,2.554702,42083730.0
cdd_26p0,mask_200,pop_SSP3,2070,15,78331704.0,284.8396715092634,2.554702,131761620.0
cdd_26p0,mask_200,pop_SSP3,2070,16,13705092.0,62.5586556164221,2.554702,151516780.0
cdd_26p0,mask_200,pop_SSP3,2070,17,381816900.0,788.5171022740952,2.554702,467048130.0
cdd_26p0,mask_200,pop_SSP3,2070,18,1770253000.0,1060.1505378384704,2.554702,1821655300.0
cdd_26p0,mask_200,pop_SSP3,2070,19,0.0,84.73893138414371,2.554702,62143024.0
cdd_26p0,mask_200,pop_SSP3,2070,20,811587800.0,273.58902458590273,2.554702,1177790500.0
cdd_26p0,mask_200,pop_SSP3,2070,21,489767740.0,859.5071407317411,2.554702,521132830.0
cdd_26p0,mask_200,pop_SSP3,2070,22,328434000.0,660.0774386485177,2.554702,356155140.0
cdd_26p0,mask_200,pop_SSP3,2070,23,29824854.0,143.08187832655187,2.554702,92102504.0
cdd_26p0,mask_200,pop_SSP3,2070,24,5110502.0,70.90921388890094,2.554702,45144300.0
cdd_26p0,mask_200,pop_SSP3,2070,25,828365700.0,947.2679361981695,2.554702,929965500.0
cdd_26p0,mask_200,pop_SSP3,2070,26,248431710.0,228.23352341069892,2.554702,537235700.0
cdd_26p0,mask_200,pop_SSP3,2080,1,0.0,22.872452420760563,2.845921,43977050.0
cdd_26p0,mask_200,pop_SSP3,2080,2,193893490.0,258.07539439451915,2.845921,425981920.0
cdd_26p0,mask_200,pop_SSP3,2080,3,71004590.0,268.1071332091057,2.845921,179385540.0
cdd_26p0,mask_200,pop_SSP3,2080,4,98528120.0,306.2735231175146,2.845921,136219100.0
cdd_26p0,mask_200,pop_SSP3,2080,5,145758770.0,483.2888867283297,2.845921,229142990.0
cdd_26p0,mask_200,pop_SSP3,2080,6,92361790.0,287.59229854954106,2.845921,293904060.0
cdd_26p0,mask_200,pop_SSP3,2080,7,350792000.0,531.3584153286939,2.845921,400224580.0
cdd_26p0,mask_200,pop_SSP3,2080,8,1973129200.0,1045.4888114289538,2.845921,2086932400.0
cdd_26p0,mask_200,pop_SSP3,2080,9,375765600.0,460.4970576595546,2.845921,1046764160.0
cdd_26p0,mask_200,pop_SSP3,2080,10,12229614.0,98.99752473824225,2.845921,71751544.0
cdd_26p0,mask_200,pop_SSP3,2080,11,43042804.0,43.33844029120275,2.845921,439119700.0
cdd_26p0,mask_200,pop_SSP3,2080,12,3591955.2,55.539033009468945,2.845921,99345624.0
cdd_26p0,mask_200,pop_SSP3,2080,13,37038800.0,196.5608828191198,2.845921,106874620.0
cdd_26p0,mask_200,pop_SSP3,2080,14,0.0,63.54641288915998,2.845921,41169890.0
cdd_26p0,mask_200,pop_SSP3,2080,15,89333360.0,317.6573015637323,2.845921,140167870.0
cdd_26p0,mask_200,pop_SSP3,2080,16,19407516.0,73.99898826439991,2.845921,152507900.0
cdd_26p0,mask_200,pop_SSP3,2080,17,407510700.0,846.5174492105555,2.845921,491970240.0
cdd_26p0,mask_200,pop_SSP3,2080,18,1797268400.0,1134.7659795725099,2.845921,1841970200.0
cdd_26p0,mask_200,pop_SSP3,2080,19,0.0,98.41128475096629,2.845921,57913860.0
cdd_26p0,mask_200,pop_SSP3,2080,20,782266300.0,300.619602443726,2.845921,1099774300.0
cdd_26p0,mask_200,pop_SSP3,2080,21,503452930.0,934.2020199784512,2.845921,531978050.0
cdd_26p0,mask_200,pop_SSP3,2080,22,336142430.0,727.9501917070969,2.845921,361496830.0
cdd_26p0,mask_200,pop_SSP3,2080,23,47693164.0,159.57056051974405,2.845921,87160590.0
cdd_26p0,mask_200,pop_SSP3,2080,24,5810921.5,81.83265042364997,2.845921,47043750.0
cdd_26p0,mask_200,pop_SSP3,2080,25,901455100.0,1011.4369712535351,2.845921,1002221500.0
cdd_26p0,mask_200,pop_SSP3,2080,26,316877200.0,268.98392341596406,2.845921,604655900.0
cdd_26p0,mask_200,pop_SSP3,2090,1,0.0,32.19883482694417,3.137292,44979364.0
cdd_26p0,mask_200,pop_SSP3,2090,2,221427400.0,285.25197162825475,3.137292,444843650.0
cdd_26p0,mask_200,pop_SSP3,2090,3,75314720.0,290.9557962952076,3.137292,186358780.0
cdd_26p0,mask_200,pop_SSP3,2090,4,104096780.0,343.543042480189,3.137292,140112080.0
cdd_26p0,mask_200,pop_SSP3,2090,5,151817300.0,536.1696557055843,3.137292,226093950.0
cdd_26p0,mask_200,pop_SSP3,2090,6,98551280.0,316.03426816358075,3.137292,299846850.0
cdd_26p0,mask_200,pop_SSP3,2090,7,383469200.0,574.2845425532013,3.137292,426195500.0
cdd_26p0,mask_200,pop_SSP3,2090,8,2229075700.0,1122.5702383716462,3.137292,2344929300.0
cdd_26p0,mask_200,pop_SSP3,2090,9,422007360.0,492.3010141426036,3.137292,1143401300.0
cdd_26p0,mask_200,pop_SSP3,2090,10,13894519.0,115.90854664194862,3.137292,71592950.0
cdd_26p0,mask_200,pop_SSP3,2090,11,53734904.0,51.687802945351514,3.137292,450691100.0
cdd_26p0,mask_200,pop_SSP3,2090,12,9993747.0,69.81179574655481,3.137292,99307016.0
cdd_26p0,mask_200,pop_SSP3,2090,13,40397964.0,218.7314999678939,3.137292,108132840.0
cdd_26p0,mask_200,pop_SSP3,2090,14,219847.31,81.3450333174391,3.137292,40975320.0
cdd_26p0,mask_200,pop_SSP3,2090,15,95067840.0,350.3688745883867,3.137292,147985220.0
cdd_26p0,mask_200,pop_SSP3,2090,16,23854114.0,87.96075140735793,3.137292,155349680.0
cdd_26p0,mask_200,pop_SSP3,2090,17,444533820.0,898.0508198913374,3.137292,516737860.0
cdd_26p0,mask_200,pop_SSP3,2090,18,1819927800.0,1207.5284889172183,3.137292,1862041900.0
cdd_26p0,mask_200,pop_SSP3,2090,19,639924.75,113.62218000596917,3.137292,54595016.0
cdd_26p0,mask_200,pop_SSP3,2090,20,752238850.0,332.73670955097043,3.137292,1036669800.0
cdd_26p0,mask_200,pop_SSP3,2090,21,515494080.0,1006.0702533226181,3.137292,542610940.0
cdd_26p0,mask_200,pop_SSP3,2090,22,341279550.0,788.589852448305,3.137292,365927360.0
cdd_26p0,mask_200,pop_SSP3,2090,23,49494316.0,176.80334724530138,3.137292,83576390.0
cdd_26p0,mask_200,pop_SSP3,2090,24,6368700.5,91.79603842596738,3.137292,48830816.0
cdd_26p0,mask_200,pop_SSP3,2090,25,968063000.0,1075.8879143164722,3.137292,1067009540.0
cdd_26p0,mask_200,pop_SSP3,2090,26,374316770.0,303.9430174740738,3.137292,659791700.0
cdd_26p0,mask_200,pop_SSP3,2100,1,0.0,44.84983042100643,3.422318,46129350.0
cdd_26p0,mask_200,pop_SSP3,2100,2,277515200.0,312.1108184838031,3.422318,466091900.0
cdd_26p0,mask_200,pop_SSP3,2100,3,78900100.0,307.32971070694606,3.422318,194026940.0
cdd_26p0,mask_200,pop_SSP3,2100,4,110107630.0,374.4379100319429,3.422318,144284480.0
cdd_26p0,mask_200,pop_SSP3,2100,5,157892900.0,583.1608388019979,3.422318,225164530.0
cdd_26p0,mask_200,pop_SSP3,2100,6,104743016.0,339.5723817263908,3.422318,306703700.0
cdd_26p0,mask_200,pop_SSP3,2100,7,407473380.0,610.5132446277879,3.422318,449408030.0
cdd_26p0,mask_200,pop_SSP3,2100,8,2442711300.0,1179.7636353116898,3.422318,2563487200.0
cdd_26p0,mask_200,pop_SSP3,2100,9,468650700.0,520.143790498989,3.422318,1230168000.0
cdd_26p0,mask_200,pop_SSP3,2100,10,14894518.0,129.2428895202568,3.422318,71287580.0
cdd_26p0,mask_200,pop_SSP3,2100,11,75436880.0,60.03948304317338,3.422318,464625340.0
cdd_26p0,mask_200,pop_SSP3,2100,12,13782454.0,85.18368157103538,3.422318,100308620.0
cdd_26p0,mask_200,pop_SSP3,2100,13,42568604.0,234.66873916630757,3.422318,109952550.0
cdd_26p0,mask_200,pop_SSP3,2100,14,3704246.0,102.68046935089913,3.422318,41067064.0
cdd_26p0,mask_200,pop_SSP3,2100,15,104660890.0,382.2328709213078,3.422318,154809780.0
cdd_26p0,mask_200,pop_SSP3,2100,16,26950524.0,104.3800329542579,3.422318,158531020.0
cdd_26p0,mask_200,pop_SSP3,2100,17,471934180.0,941.329085227714,3.422318,540557630.0
cdd_26p0,mask_200,pop_SSP3,2100,18,1854036000.0,1276.629529654695,3.422318,1893265500.0
cdd_26p0,mask_200,pop_SSP3,2100,19,5870792.0,130.18306537288896,3.422318,51911252.0
cdd_26p0,mask_200,pop_SSP3,2100,20,744019140.0,369.72309507310587,3.422318,991126700.0
cdd_26p0,mask_200,pop_SSP3,2100,21,533817900.0,1073.2274715645856,3.422318,554794400.0
cdd_26p0,mask_200,pop_SSP3,2100,22,347847170.0,839.9293813535799,3.422318,370172320.0
cdd_26p0,mask_200,pop_SSP3,2100,23,53788880.0,194.46832113730278,3.422318,80829896.0
cdd_26p0,mask_200,pop_SSP3,2100,24,7488977.0,100.48222770337905,3.422318,50759870.0
cdd_26p0,mask_200,pop_SSP3,2100,25,1026843600.0,1139.2080690395373,3.422318,1129486200.0
cdd_26p0,mask_200,pop_SSP3,2100,26,424998660.0,331.7595912807272,3.422318,706413600.0
cdd_26p0,mask_200,pop_SSP5,2040,1,0.0,6.301328165533321,1.693643,43332450.0
cdd_26p0,mask_200,pop_SSP5,2040,2,113631440.0,157.98943925613096,1.693643,380137380.0
cdd_26p0,mask_200,pop_SSP5,2040,3,45727976.0,169.42337089530372,1.693643,137109700.0
cdd_26p0,mask_200,pop_SSP5,2040,4,56014924.0,159.20333969287222,1.693643,103039730.0
cdd_26p0,mask_200,pop_SSP5,2040,5,108307730.0,272.99742801921263,1.693643,224136160.0
cdd_26p0,mask_200,pop_SSP5,2040,6,61937330.0,170.4461716771832,1.693643,240428000.0
cdd_26p0,mask_200,pop_SSP5,2040,7,178302940.0,351.0861936226287,1.693643,257347000.0
cdd_26p0,mask_200,pop_SSP5,2040,8,726104260.0,701.0003239277675,1.693643,844544500.0
cdd_26p0,mask_200,pop_SSP5,2040,9,146179600.0,329.39337592077743,1.693643,499649440.0
cdd_26p0,mask_200,pop_SSP5,2040,10,2401732.5,41.90309693248574,1.693643,67583850.0
cdd_26p0,mask_200,pop_SSP5,2040,11,3890134.8,18.115375578399338,1.693643,444985760.0
cdd_26p0,mask_200,pop_SSP5,2040,12,1018695.94,19.091000703730156,1.693643,110979220.0
cdd_26p0,mask_200,pop_SSP5,2040,13,25716420.0,105.96315726623524,1.693643,94398980.0
cdd_26p0,mask_200,pop_SSP5,2040,14,0.0,21.645790943217115,1.693643,49036920.0
cdd_26p0,mask_200,pop_SSP5,2040,15,41920396.0,193.46860520428913,1.693643,91172590.0
cdd_26p0,mask_200,pop_SSP5,2040,16,6202667.5,33.9552479462418,1.693643,160273680.0
cdd_26p0,mask_200,pop_SSP5,2040,17,228096200.0,628.7160324729966,1.693643,345014200.0
cdd_26p0,mask_200,pop_SSP5,2040,18,1502406400.0,848.3512518204709,1.693643,1561527600.0
cdd_26p0,mask_200,pop_SSP5,2040,19,0.0,47.689893098247545,1.693643,76385490.0
cdd_26p0,mask_200,pop_SSP5,2040,20,764266300.0,192.26602534835416,1.693643,1411498900.0
cdd_26p0,mask_200,pop_SSP5,2040,21,405348160.0,642.5665094755102,1.693643,445349380.0
cdd_26p0,mask_200,pop_SSP5,2040,22,267587260.0,466.38693847434746,1.693643,311905200.0
cdd_26p0,mask_200,pop_SSP5,2040,23,1387869.5,95.82729583210042,1.693643,114660220.0
cdd_26p0,mask_200,pop_SSP5,2040,24,2591024.0,46.89499187383538,1.693643,40330000.0
cdd_26p0,mask_200,pop_SSP5,2040,25,515174080.0,760.5120637384289,1.693643,594712060.0
cdd_26p0,mask_200,pop_SSP5,2040,26,96757600.0,137.09858032613664,1.693643,279094100.0
cdd_26p0,mask_200,pop_SSP5,2050,1,0.0,9.003773461529805,1.980731,46331800.0
cdd_26p0,mask_200,pop_SSP5,2050,2,138218880.0,178.73022497758626,1.980731,402577570.0
cdd_26p0,mask_200,pop_SSP5,2050,3,48656700.0,189.06034662109315,1.980731,138332980.0
cdd_26p0,mask_200,pop_SSP5,2050,4,58131460.0,188.19578380682094,1.980731,103273816.0
cdd_26p0,mask_200,pop_SSP5,2050,5,115408744.0,317.9561054163404,1.980731,221886370.0
cdd_26p0,mask_200,pop_SSP5,2050,6,68091350.0,195.7649127801795,1.980731,242080480.0
cdd_26p0,mask_200,pop_SSP5,2050,7,206909000.0,390.3598218134991,1.980731,273583650.0
cdd_26p0,mask_200,pop_SSP5,2050,8,857860500.0,772.9977537223442,1.980731,972528600.0
cdd_26p0,mask_200,pop_SSP5,2050,9,169089060.0,358.0835527887033,1.980731,557712000.0
cdd_26p0,mask_200,pop_SSP5,2050,10,3979540.5,52.109169767035475,1.980731,69496184.0
cdd_26p0,mask_200,pop_SSP5,2050,11,11977171.0,22.673216059458532,1.980731,461321340.0
cdd_26p0,mask_200,pop_SSP5,2050,12,991016.0,24.63671807466576,1.980731,106517320.0
cdd_26p0,mask_200,pop_SSP5,2050,13,28316118.0,122.98178498427907,1.980731,96206350.0
cdd_26p0,mask_200,pop_SSP5,2050,14,0.0,27.87367233419979,1.980731,47891656.0
cdd_26p0,mask_200,pop_SSP5,2050,15,51495624.0,219.4630177383172,1.980731,95126180.0
cdd_26p0,mask_200,pop_SSP5,2050,16,7664798.5,41.090784491047636,1.980731,161663440.0
cdd_26p0,mask_200,pop_SSP5,2050,17,278386560.0,677.5331672144882,1.980731,370126800.0
cdd_26p0,mask_200,pop_SSP5,2050,18,1515310000.0,909.602666634556,1.980731,1569378600.0
cdd_26p0,mask_200,pop_SSP5,2050,19,0.0,58.12099169315267,1.980731,73432060.0
cdd_26p0,mask_200,pop_SSP5,2050,20,809161600.0,216.39877521858193,1.980731,1347515400.0
cdd_26p0,mask_200,pop_SSP5,2050,21,413852860.0,709.0049748841305,1.980731,449605060.0
cdd_26p0,mask_200,pop_SSP5,2050,22,279631700.0,524.9066242448538,1.980731,314093250.0
cdd_26p0,mask_200,pop_SSP5,2050,23,10748643.0,109.41584247766235,1.980731,109667816.0
cdd_26p0,mask_200,pop_SSP5,2050,24,3431572.0,53.41318712697003,1.980731,43495732.0
cdd_26p0,mask_200,pop_SSP5,2050,25,546357500.0,816.3189052493863,1.980731,625951600.0
cdd_26p0,mask_200,pop_SSP5,2050,26,121202420.0,161.6976066399282,1.980731,318077120.0
cdd_26p0,mask_200,pop_SSP5,2060,1,0.0,12.619057199112941,2.268381,48951268.0
cdd_26p0,mask_200,pop_SSP5,2060,2,159076740.0,204.3857786450208,2.268381,421112130.0
cdd_26p0,mask_200,pop_SSP5,2060,3,50498776.0,214.16643274200982,2.268381,136508750.0
cdd_26p0,mask_200,pop_SSP5,2060,4,64704204.0,225.5681164184768,2.268381,101067450.0
cdd_26p0,mask_200,pop_SSP5,2060,5,122194060.0,371.3999352718651,2.268381,215042690.0
cdd_26p0,mask_200,pop_SSP5,2060,6,69373950.0,224.9642530283643,2.268381,238479630.0
cdd_26p0,mask_200,pop_SSP5,2060,7,223515800.0,436.20493024320155,2.268381,281909000.0
cdd_26p0,mask_200,pop_SSP5,2060,8,971402240.0,861.6847633503692,2.268381,1075628300.0
cdd_26p0,mask_200,pop_SSP5,2060,9,197518720.0,392.1409858430703,2.268381,599240960.0
cdd_26p0,mask_200,pop_SSP5,2060,10,6247373.0,64.69801782513103,2.268381,69534510.0
cdd_26p0,mask_200,pop_SSP5,2060,11,23963310.0,28.69410609097322,2.268381,474071840.0
cdd_26p0,mask_200,pop_SSP5,2060,12,1175703.4,33.113665713892786,2.268381,102216340.0
cdd_26p0,mask_200,pop_SSP5,2060,13,29801390.0,145.1083885068553,2.268381,95719980.0
cdd_26p0,mask_200,pop_SSP5,2060,14,0.0,38.14251755901405,2.268381,46516504.0
cdd_26p0,mask_200,pop_SSP5,2060,15,53603436.0,251.62734004729992,2.268381,95867900.0
cdd_26p0,mask_200,pop_SSP5,2060,16,9615169.0,51.626171357663765,2.268381,162185360.0
cdd_26p0,mask_200,pop_SSP5,2060,17,304619780.0,732.0921368615699,2.268381,385069500.0
cdd_26p0,mask_200,pop_SSP5,2060,18,1494083100.0,985.134792461828,2.268381,1539514600.0
cdd_26p0,mask_200,pop_SSP5,2060,19,0.0,71.36575566053274,2.268381,68967150.0
cdd_26p0,mask_200,pop_SSP5,2060,20,808545000.0,245.06745889660095,2.268381,1251398500.0
cdd_26p0,mask_200,pop_SSP5,2060,21,413352600.0,784.5939586459953,2.268381,443314000.0
cdd_26p0,mask_200,pop_SSP5,2060,22,279063800.0,592.5630580195577,2.268381,308861500.0
cdd_26p0,mask_200,pop_SSP5,2060,23,26597478.0,126.25242404482252,2.268381,105085610.0
cdd_26p0,mask_200,pop_SSP5,2060,24,4411363.5,61.91052178663687,2.268381,46211076.0
cdd_26p0,mask_200,pop_SSP5,2060,25,564161000.0,881.5712812299276,2.268381,639516160.0
cdd_26p0,mask_200,pop_SSP5,2060,26,149629730.0,194.0449310596585,2.268381,347721730.0
cdd_26p0,mask_200,pop_SSP5,2070,1,0.0,16.728704320359835,2.554702,50957204.0
cdd_26p0,mask_200,pop_SSP5,2070,2,184931800.0,230.3736903222642,2.554702,435736060.0
cdd_26p0,mask_200,pop_SSP5,2070,3,50944260.0,240.0050925414776,2.554702,132594584.0
cdd_26p0,mask_200,pop_SSP5,2070,4,65154260.0,264.0890164596855,2.554702,97328590.0
cdd_26p0,mask_200,pop_SSP5,2070,5,120427820.0,425.64821708668154,2.554702,204266880.0
cdd_26p0,mask_200,pop_SSP5,2070,6,70673780.0,254.75828779588434,2.554702,230797540.0
cdd_26p0,mask_200,pop_SSP5,2070,7,235556590.0,482.53169457063854,2.554702,282730140.0
cdd_26p0,mask_200,pop_SSP5,2070,8,1065357200.0,951.6376977357951,2.554702,1151005600.0
cdd_26p0,mask_200,pop_SSP5,2070,9,216833340.0,426.40298151936634,2.554702,623450400.0
cdd_26p0,mask_200,pop_SSP5,2070,10,8688630.0,78.68062629727187,2.554702,67827340.0
cdd_26p0,mask_200,pop_SSP5,2070,11,31710236.0,35.16213211442352,2.554702,480712100.0
cdd_26p0,mask_200,pop_SSP5,2070,12,1494484.8,42.546671337462676,2.554702,97409496.0
cdd_26p0,mask_200,pop_SSP5,2070,13,31759006.0,168.35082430177386,2.554702,93346936.0
cdd_26p0,mask_200,pop_SSP5,2070,14,0.0,49.31338801572892,2.554702,44880170.0
cdd_26p0,mask_200,pop_SSP5,2070,15,56109496.0,284.02932770377777,2.554702,94441750.0
cdd_26p0,mask_200,pop_SSP5,2070,16,14412054.0,62.45193056273197,2.554702,160806910.0
cdd_26p0,mask_200,pop_SSP5,2070,17,318043600.0,787.2382524452869,2.554702,389016320.0
cdd_26p0,mask_200,pop_SSP5,2070,18,1436989200.0,1060.79210424126,2.554702,1478133200.0
cdd_26p0,mask_200,pop_SSP5,2070,19,0.0,84.7608629547164,2.554702,63368810.0
cdd_26p0,mask_200,pop_SSP5,2070,20,785875200.0,273.4876504399207,2.554702,1140496000.0
cdd_26p0,mask_200,pop_SSP5,2070,21,402556260.0,860.016357077082,2.554702,428410430.0
cdd_26p0,mask_200,pop_SSP5,2070,22,273989920.0,660.3184369544502,2.554702,297115900.0
cdd_26p0,mask_200,pop_SSP5,2070,23,32288594.0,143.09307369760975,2.554702,99710800.0
cdd_26p0,mask_200,pop_SSP5,2070,24,5450954.5,70.9184313950321,2.554702,48151736.0
cdd_26p0,mask_200,pop_SSP5,2070,25,568447940.0,946.7146675144644,2.554702,638131300.0
cdd_26p0,mask_200,pop_SSP5,2070,26,169733980.0,228.19227315761404,2.554702,367066000.0
cdd_26p0,mask_200,pop_SSP5,2080,1,0.0,22.830307779232683,2.845921,52262844.0
cdd_26p0,mask_200,pop_SSP5,2080,2,202248480.0,257.24784457087327,2.845921,446012320.0
cdd_26p0,mask_200,pop_SSP5,2080,3,50586690.0,268.26881123938625,2.845921,127441710.0
cdd_26p0,mask_200,pop_SSP5,2080,4,66967424.0,306.39729572233125,2.845921,92585890.0
cdd_26p0,mask_200,pop_SSP5,2080,5,121319460.0,482.7679478481266,2.845921,190735710.0
cdd_26p0,mask_200,pop_SSP5,2080,6,69239380.0,287.02502352101016,2.845921,220191060.0
cdd_26p0,mask_200,pop_SSP5,2080,7,244183170.0,530.638594421958,2.845921,278589900.0
cdd_26p0,mask_200,pop_SSP5,2080,8,1133234800.0,1045.25268257952,2.845921,1198967000.0
cdd_26p0,mask_200,pop_SSP5,2080,9,226633740.0,461.17509550157934,2.845921,631325600.0
cdd_26p0,mask_200,pop_SSP5,2080,10,10810325.0,98.42811620505978,2.845921,64640944.0
cdd_26p0,mask_200,pop_SSP5,2080,11,47355050.0,43.33870963399369,2.845921,482969020.0
cdd_26p0,mask_200,pop_SSP5,2080,12,3328622.2,55.52828255197633,2.845921,92288720.0
cdd_26p0,mask_200,pop_SSP5,2080,13,31030864.0,195.67474544128032,2.845921,89766420.0
cdd_26p0,mask_200,pop_SSP5,2080,14,0.0,63.52441082667402,2.845921,42962130.0
cdd_26p0,mask_200,pop_SSP5,2080,15,58551508.0,316.7658470344743,2.845921,91924680.0
cdd_26p0,mask_200,pop_SSP5,2080,16,19919948.0,73.88094545090814,2.845921,157745150.0
cdd_26p0,mask_200,pop_SSP5,2080,17,318222560.0,845.2041579321143,2.845921,384154720.0
cdd_26p0,mask_200,pop_SSP5,2080,18,1356424800.0,1135.4273436273506,2.845921,1389885600.0
cdd_26p0,mask_200,pop_SSP5,2080,19,0.0,98.4364344738956,2.845921,57924530.0
cdd_26p0,mask_200,pop_SSP5,2080,20,733659700.0,300.51277969908983,2.845921,1031476350.0
cdd_26p0,mask_200,pop_SSP5,2080,21,385607840.0,934.7393167225724,2.845921,407526200.0
cdd_26p0,mask_200,pop_SSP5,2080,22,261571550.0,728.2283906413439,2.845921,281301340.0
cdd_26p0,mask_200,pop_SSP5,2080,23,50800320.0,159.58285838972932,2.845921,92839010.0
cdd_26p0,mask_200,pop_SSP5,2080,24,6087801.0,81.84316594777717,2.845921,49285304.0
cdd_26p0,mask_200,pop_SSP5,2080,25,561918100.0,1010.9279417101053,2.845921,624636300.0
cdd_26p0,mask_200,pop_SSP5,2080,26,197358640.0,268.94948799047216,2.845921,376710100.0
cdd_26p0,mask_200,pop_SSP5,2090,1,0.0,32.14595144449371,3.137292,52095904.0
cdd_26p0,mask_200,pop_SSP5,2090,2,222383020.0,284.3954922740572,3.137292,448334460.0
cdd_26p0,mask_200,pop_SSP5,2090,3,49153376.0,291.10401584021247,3.137292,121236936.0
cdd_26p0,mask_200,pop_SSP5,2090,4,64612490.0,343.66492433689643,3.137292,86967870.0
cdd_26p0,mask_200,pop_SSP5,2090,5,118039704.0,535.6073053537374,3.137292,175802430.0
cdd_26p0,mask_200,pop_SSP5,2090,6,68116340.0,315.41889394941444,3.137292,207117020.0
cdd_26p0,mask_200,pop_SSP5,2090,7,243958660.0,573.5248402255223,3.137292,271138300.0
cdd_26p0,mask_200,pop_SSP5,2090,8,1155689700.0,1122.3266430599779,3.137292,1216166100.0
cdd_26p0,mask_200,pop_SSP5,2090,9,230376960.0,492.9871807417354,3.137292,624225340.0
cdd_26p0,mask_200,pop_SSP5,2090,10,11503306.0,115.27816346409021,3.137292,60318396.0
cdd_26p0,mask_200,pop_SSP5,2090,11,56623108.0,51.686804464002066,3.137292,474767650.0
cdd_26p0,mask_200,pop_SSP5,2090,12,8752348.0,69.80016860119855,3.137292,87156970.0
cdd_26p0,mask_200,pop_SSP5,2090,13,31813802.0,217.78749737249987,3.137292,85383620.0
cdd_26p0,mask_200,pop_SSP5,2090,14,219142.7,81.31818600692775,3.137292,40788630.0
cdd_26p0,mask_200,pop_SSP5,2090,15,56886750.0,349.40477550924123,3.137292,88606020.0
cdd_26p0,mask_200,pop_SSP5,2090,16,23358586.0,87.83390951888308,3.137292,153171410.0
cdd_26p0,mask_200,pop_SSP5,2090,17,320659500.0,896.7073765673867,3.137292,372719740.0
cdd_26p0,mask_200,pop_SSP5,2090,18,1251472300.0,1208.1984190060884,3.137292,1280144800.0
cdd_26p0,mask_200,pop_SSP5,2090,19,617268.3,113.65048955058155,3.137292,52603030.0
cdd_26p0,mask_200,pop_SSP5,2090,20,669544450.0,332.627492331582,3.137292,922740200.0
cdd_26p0,mask_200,pop_SSP5,2090,21,362737280.0,1006.6462574766604,3.137292,381879500.0
cdd_26p0,mask_200,pop_SSP5,2090,22,245228050.0,788.895973189587,3.137292,262939000.0
cdd_26p0,mask_200,pop_SSP5,2090,23,50581664.0,176.81637655751646,3.137292,85412500.0
cdd_26p0,mask_200,pop_SSP5,2090,24,6399480.0,91.80774312095211,3.137292,49066810.0
cdd_26p0,mask_200,pop_SSP5,2090,25,545738900.0,1075.421258444266,3.137292,601448960.0
cdd_26p0,mask_200,pop_SSP5,2090,26,213392130.0,303.9080005766468,3.137292,376255400.0
cdd_26p0,mask_200,pop_SSP5,2100,1,0.0,44.78371817703716,3.422318,49873596.0
cdd_26p0,mask_200,pop_SSP5,2100,2,261249150.0,311.23681412121135,3.422318,439881250.0
cdd_26p0,mask_200,pop_SSP5,2100,3,46299892.0,307.46615429033335,3.422318,113432290.0
cdd_26p0,mask_200,pop_SSP5,2100,4,61481720.0,374.5629628756287,3.422318,80566170.0
cdd_26p0,mask_200,pop_SSP5,2100,5,111866500.0,582.5641479132346,3.422318,159537630.0
cdd_26p0,mask_200,pop_SSP5,2100,6,65485944.0,338.9241999070911,3.422318,191616370.0
cdd_26p0,mask_200,pop_SSP5,2100,7,236536380.0,609.7182065518218,3.422318,260877220.0
cdd_26p0,mask_200,pop_SSP5,2100,8,1145044200.0,1179.5092848519198,3.422318,1201983700.0
cdd_26p0,mask_200,pop_SSP5,2100,9,230232030.0,520.8369719373217,3.422318,604439230.0
cdd_26p0,mask_200,pop_SSP5,2100,10,11382323.0,128.5690537291215,3.422318,55405904.0
cdd_26p0,mask_200,pop_SSP5,2100,11,73562770.0,60.036720333260924,3.422318,453007740.0
cdd_26p0,mask_200,pop_SSP5,2100,12,11238242.0,85.17033294414752,3.422318,81932770.0
cdd_26p0,mask_200,pop_SSP5,2100,13,31085888.0,233.68206249570815,3.422318,80546520.0
cdd_26p0,mask_200,pop_SSP5,2100,14,3472402.8,102.64959911235948,3.422318,38433052.0
cdd_26p0,mask_200,pop_SSP5,2100,15,57408584.0,381.2070501502856,3.422318,84967690.0
cdd_26p0,mask_200,pop_SSP5,2100,16,24899764.0,104.24735518368637,3.422318,147491890.0
cdd_26p0,mask_200,pop_SSP5,2100,17,310615680.0,939.9608752456735,3.422318,355755700.0
cdd_26p0,mask_200,pop_SSP5,2100,18,1134438300.0,1277.2954974528327,3.422318,1158173400.0
cdd_26p0,mask_200,pop_SSP5,2100,19,5322387.0,130.21440004839064,3.422318,47005696.0
cdd_26p0,mask_200,pop_SSP5,2100,20,619101440.0,369.61489156271256,3.422318,824748540.0
cdd_26p0,mask_200,pop_SSP5,2100,21,339306240.0,1073.8529908177413,3.422318,352670080.0
cdd_26p0,mask_200,pop_SSP5,2100,22,227633920.0,840.2526079519604,3.422318,242243790.0
cdd_26p0,mask_200,pop_SSP5,2100,23,51493708.0,194.4816579734837,3.422318,77380890.0
cdd_26p0,mask_200,pop_SSP5,2100,24,6974569.5,100.49497543362791,3.422318,47273250.0
cdd_26p0,mask_200,pop_SSP5,2100,25,520024740.0,1138.780790770934,3.422318,571949250.0
cdd_26p0,mask_200,pop_SSP5,2100,26,220807280.0,331.7158817653438,3.422318,367119550.0
cdd_26p0,mask_400,pop_SSP1,2040,1,0.0,6.307720958255498,1.693643,41337404.0
cdd_26p0,mask_400,pop_SSP1,2040,2,59961790.0,158.00173169937386,1.693643,367037060.0
cdd_26p0,mask_400,pop_SSP1,2040,3,39130804.0,169.28351711076212,1.693643,138872290.0
cdd_26p0,mask_400,pop_SSP1,2040,4,34434916.0,159.18165350789008,1.693643,105208740.0
cdd_26p0,mask_400,pop_SSP1,2040,5,55052824.0,273.0012661717937,1.693643,224225860.0
cdd_26p0,mask_400,pop_SSP1,2040,6,44966004.0,170.47427234737853,1.693643,242465470.0
cdd_26p0,mask_400,pop_SSP1,2040,7,97983576.0,351.1104716264785,1.693643,258731170.0
cdd_26p0,mask_400,pop_SSP1,2040,8,641383900.0,700.9700627261187,1.693643,848988800.0
cdd_26p0,mask_400,pop_SSP1,2040,9,129157380.0,329.382820728959,1.693643,504946800.0
cdd_26p0,mask_400,pop_SSP1,2040,10,182996.55,41.92432351462106,1.693643,67584720.0
cdd_26p0,mask_400,pop_SSP1,2040,11,0.0,18.113389770904178,1.693643,431206400.0
cdd_26p0,mask_400,pop_SSP1,2040,12,485606.44,19.09571762484947,1.693643,111707960.0
cdd_26p0,mask_400,pop_SSP1,2040,13,9459280.0,105.8561855284218,1.693643,94843990.0
cdd_26p0,mask_400,pop_SSP1,2040,14,0.0,21.65498935056226,1.693643,48440990.0
cdd_26p0,mask_400,pop_SSP1,2040,15,13018414.0,193.54783063623614,1.693643,92945240.0
cdd_26p0,mask_400,pop_SSP1,2040,16,542513.25,33.92377868375786,1.693643,156855440.0
cdd_26p0,mask_400,pop_SSP1,2040,17,173273150.0,628.6246548939229,1.693643,342136600.0
cdd_26p0,mask_400,pop_SSP1,2040,18,1426305500.0,848.205021053116,1.693643,1563959600.0
cdd_26p0,mask_400,pop_SSP1,2040,19,0.0,47.684954198045794,1.693643,76428100.0
cdd_26p0,mask_400,pop_SSP1,2040,20,157269070.0,192.27803811529947,1.693643,1414905100.0
cdd_26p0,mask_400,pop_SSP1,2040,21,373181300.0,642.5574660542156,1.693643,445849020.0
cdd_26p0,mask_400,pop_SSP1,2040,22,210578830.0,466.38643149497585,1.693643,312030500.0
cdd_26p0,mask_400,pop_SSP1,2040,23,0.0,95.82044854982253,1.693643,113431120.0
cdd_26p0,mask_400,pop_SSP1,2040,24,1050513.6,46.87823481030669,1.693643,38909136.0
cdd_26p0,mask_400,pop_SSP1,2040,25,498957950.0,760.6119693100692,1.693643,606828100.0
cdd_26p0,mask_400,pop_SSP1,2040,26,52025460.0,137.10110620335075,1.693643,281171600.0
cdd_26p0,mask_400,pop_SSP1,2050,1,0.0,9.012461842323477,1.980731,42730160.0
cdd_26p0,mask_400,pop_SSP1,2050,2,74844590.0,178.74055716309377,1.980731,379067230.0
cdd_26p0,mask_400,pop_SSP1,2050,3,40969010.0,188.9142939540756,1.980731,141275540.0
cdd_26p0,mask_400,pop_SSP1,2050,4,42572420.0,188.17307223228423,1.980731,106730440.0
cdd_26p0,mask_400,pop_SSP1,2050,5,68307440.0,317.9608581595776,1.980731,222007940.0
cdd_26p0,mask_400,pop_SSP1,2050,6,50030560.0,195.79759403512972,1.980731,245458220.0
cdd_26p0,mask_400,pop_SSP1,2050,7,116164180.0,390.3858972519167,1.980731,276054530.0
cdd_26p0,mask_400,pop_SSP1,2050,8,788855300.0,772.9640373379573,1.980731,981780860.0
cdd_26p0,mask_400,pop_SSP1,2050,9,150227330.0,358.0746734680103,1.980731,567637300.0
cdd_26p0,mask_400,pop_SSP1,2050,10,464221.53,52.134190887265255,1.980731,69499650.0
cdd_26p0,mask_400,pop_SSP1,2050,11,0.0,22.671109225432048,1.980731,436203360.0
cdd_26p0,mask_400,pop_SSP1,2050,12,465443.62,24.64264812573913,1.980731,107122160.0
cdd_26p0,mask_400,pop_SSP1,2050,13,12080927.0,122.86533662360195,1.980731,96936720.0
cdd_26p0,mask_400,pop_SSP1,2050,14,0.0,27.885613563165673,1.980731,46647932.0
cdd_26p0,mask_400,pop_SSP1,2050,15,18296204.0,219.55273117450847,1.980731,98202280.0
cdd_26p0,mask_400,pop_SSP1,2050,16,786405.4,41.054692621659186,1.980731,155298020.0
cdd_26p0,mask_400,pop_SSP1,2050,17,194914300.0,677.4397175713141,1.980731,365695940.0
cdd_26p0,mask_400,pop_SSP1,2050,18,1461988000.0,909.4513654566153,1.980731,1573453300.0
cdd_26p0,mask_400,pop_SSP1,2050,19,0.0,58.114987862684956,1.980731,73376910.0
cdd_26p0,mask_400,pop_SSP1,2050,20,213224160.0,216.41173937098804,1.980731,1352791300.0
cdd_26p0,mask_400,pop_SSP1,2050,21,387664740.0,708.9951154730298,1.980731,450295300.0
cdd_26p0,mask_400,pop_SSP1,2050,22,227834400.0,524.9060269397348,1.980731,314288030.0
cdd_26p0,mask_400,pop_SSP1,2050,23,90071.45,109.40815095042204,1.980731,107435820.0
cdd_26p0,mask_400,pop_SSP1,2050,24,1273373.5,53.39386181607044,1.980731,40958290.0
cdd_26p0,mask_400,pop_SSP1,2050,25,552336830.0,816.4218478272146,1.980731,647567100.0
cdd_26p0,mask_400,pop_SSP1,2050,26,71866220.0,161.69963214008604,1.980731,322151000.0
cdd_26p0,mask_400,pop_SSP1,2060,1,0.0,12.630842340155414,2.268381,43724424.0
cdd_26p0,mask_400,pop_SSP1,2060,2,83754410.0,204.39225617594894,2.268381,386854980.0
cdd_26p0,mask_400,pop_SSP1,2060,3,42909796.0,214.01485950113872,2.268381,140542530.0
cdd_26p0,mask_400,pop_SSP1,2060,4,52502464.0,225.54614845607364,2.268381,105595120.0
cdd_26p0,mask_400,pop_SSP1,2060,5,75848130.0,371.40559870235563,2.268381,215165280.0
cdd_26p0,mask_400,pop_SSP1,2060,6,54465708.0,225.00207180770158,2.268381,243065360.0
cdd_26p0,mask_400,pop_SSP1,2060,7,146159230.0,436.2330928610337,2.268381,285476380.0
cdd_26p0,mask_400,pop_SSP1,2060,8,922937600.0,861.6470853551612,2.268381,1090710100.0
cdd_26p0,mask_400,pop_SSP1,2060,9,166088270.0,392.1334943632722,2.268381,614193150.0
cdd_26p0,mask_400,pop_SSP1,2060,10,919197.6,64.72701813126692,2.268381,69521660.0
cdd_26p0,mask_400,pop_SSP1,2060,11,109019.9,28.69236785250609,2.268381,437019330.0
cdd_26p0,mask_400,pop_SSP1,2060,12,669944.0,33.121395474949125,2.268381,102368690.0
cdd_26p0,mask_400,pop_SSP1,2060,13,15159032.0,144.98198495739237,2.268381,96692240.0
cdd_26p0,mask_400,pop_SSP1,2060,14,0.0,38.158995871673035,2.268381,44486428.0
cdd_26p0,mask_400,pop_SSP1,2060,15,23738810.0,251.72960167738742,2.268381,100182490.0
cdd_26p0,mask_400,pop_SSP1,2060,16,1465470.6,51.5832881828734,2.268381,152653250.0
cdd_26p0,mask_400,pop_SSP1,2060,17,214546720.0,731.9966228791095,2.268381,379247300.0
cdd_26p0,mask_400,pop_SSP1,2060,18,1464785700.0,984.9782807592974,2.268381,1545084400.0
cdd_26p0,mask_400,pop_SSP1,2060,19,0.0,71.35838772914501,2.268381,68708940.0
cdd_26p0,mask_400,pop_SSP1,2060,20,266740030.0,245.0813880493476,2.268381,1258049700.0
cdd_26p0,mask_400,pop_SSP1,2060,21,395327870.0,784.5831977323433,2.268381,444014660.0
cdd_26p0,mask_400,pop_SSP1,2060,22,244231120.0,592.5623377367892,2.268381,309094800.0
cdd_26p0,mask_400,pop_SSP1,2060,23,85331.02,126.24350451930388,2.268381,101781510.0
cdd_26p0,mask_400,pop_SSP1,2060,24,1675617.8,61.88787945609725,2.268381,42555550.0
cdd_26p0,mask_400,pop_SSP1,2060,25,577388200.0,881.6691431027193,2.268381,671092740.0
cdd_26p0,mask_400,pop_SSP1,2060,26,93126910.0,194.0463771975806,2.268381,354106900.0
cdd_26p0,mask_400,pop_SSP1,2070,1,0.0,16.743643063948134,2.554702,44364012.0
cdd_26p0,mask_400,pop_SSP1,2070,2,95570380.0,230.3762282801826,2.554702,392172800.0
cdd_26p0,mask_400,pop_SSP1,2070,3,44497256.0,239.8479855734524,2.554702,137426370.0
cdd_26p0,mask_400,pop_SSP1,2070,4,55555384.0,264.0679210995254,2.554702,102546620.0
cdd_26p0,mask_400,pop_SSP1,2070,5,83419070.0,425.6547954841238,2.554702,204359040.0
cdd_26p0,mask_400,pop_SSP1,2070,6,58178010.0,254.80120621757482,2.554702,236221260.0
cdd_26p0,mask_400,pop_SSP1,2070,7,162843760.0,482.5619110150968,2.554702,287188320.0
cdd_26p0,mask_400,pop_SSP1,2070,8,1021544000.0,951.5960555343956,2.554702,1171714300.0
cdd_26p0,mask_400,pop_SSP1,2070,9,181410450.0,426.3969442943338,2.554702,642925440.0
cdd_26p0,mask_400,pop_SSP1,2070,10,1561880.1,78.71375915624121,2.554702,67755464.0
cdd_26p0,mask_400,pop_SSP1,2070,11,108057.5,35.160860806171776,2.554702,433117380.0
cdd_26p0,mask_400,pop_SSP1,2070,12,634109.25,42.55645278324019,2.554702,96934740.0
cdd_26p0,mask_400,pop_SSP1,2070,13,20567136.0,168.21453013660584,2.554702,94466090.0
cdd_26p0,mask_400,pop_SSP1,2070,14,0.0,49.334826373577044,2.554702,42106644.0
cdd_26p0,mask_400,pop_SSP1,2070,15,31324012.0,284.14410751358736,2.554702,99628890.0
cdd_26p0,mask_400,pop_SSP1,2070,16,4382999.5,62.40228883163421,2.554702,148472910.0
cdd_26p0,mask_400,pop_SSP1,2070,17,234755680.0,787.1407050827792,2.554702,382055680.0
cdd_26p0,mask_400,pop_SSP1,2070,18,1419896700.0,1060.6308348354896,2.554702,1484759600.0
cdd_26p0,mask_400,pop_SSP1,2070,19,0.0,84.75214158459589,2.554702,62868164.0
cdd_26p0,mask_400,pop_SSP1,2070,20,301178940.0,273.5025057116636,2.554702,1147859800.0
cdd_26p0,mask_400,pop_SSP1,2070,21,389974980.0,860.0047067211552,2.554702,428890880.0
cdd_26p0,mask_400,pop_SSP1,2070,22,256914750.0,660.3175908828994,2.554702,297357660.0
cdd_26p0,mask_400,pop_SSP1,2070,23,1035820.44,143.08295616524572,2.554702,95463000.0
cdd_26p0,mask_400,pop_SSP1,2070,24,1897366.2,70.89238625053626,2.554702,43537636.0
cdd_26p0,mask_400,pop_SSP1,2070,25,583897600.0,946.8060448849324,2.554702,677983000.0
cdd_26p0,mask_400,pop_SSP1,2070,26,119545740.0,228.1930525812191,2.554702,375558880.0
cdd_26p0,mask_400,pop_SSP1,2080,1,0.0,22.84851529154541,2.845921,44620250.0
cdd_26p0,mask_400,pop_SSP1,2080,2,102126480.0,257.2465150201253,2.845921,395203330.0
cdd_26p0,mask_400,pop_SSP1,2080,3,44428450.0,268.10569688721586,2.845921,132715140.0
cdd_26p0,mask_400,pop_SSP1,2080,4,57183384.0,306.37711312755846,2.845921,98098780.0
cdd_26p0,mask_400,pop_SSP1,2080,5,95395920.0,482.7754951684261,2.845921,190773550.0
cdd_26p0,mask_400,pop_SSP1,2080,6,59753270.0,287.07289925043665,2.845921,226005010.0
cdd_26p0,mask_400,pop_SSP1,2080,7,174269890.0,530.6707096253542,2.845921,283658080.0
cdd_26p0,mask_400,pop_SSP1,2080,8,1091470600.0,1045.2070721384791,2.845921,1224136200.0
cdd_26p0,mask_400,pop_SSP1,2080,9,195893380.0,461.17094070151694,2.845921,654119700.0
cdd_26p0,mask_400,pop_SSP1,2080,10,2154701.2,98.46613743752712,2.845921,64471650.0
cdd_26p0,mask_400,pop_SSP1,2080,11,2480792.8,43.33819330211755,2.845921,426984860.0
cdd_26p0,mask_400,pop_SSP1,2080,12,610522.75,55.541091947519966,2.845921,91174940.0
cdd_26p0,mask_400,pop_SSP1,2080,13,24680304.0,195.528613055126,2.845921,90921100.0
cdd_26p0,mask_400,pop_SSP1,2080,14,0.0,63.55225531750763,2.845921,39598330.0
cdd_26p0,mask_400,pop_SSP1,2080,15,39669140.0,316.89285182952256,2.845921,97576300.0
cdd_26p0,mask_400,pop_SSP1,2080,16,5515901.0,73.82510014207337,2.845921,143305800.0
cdd_26p0,mask_400,pop_SSP1,2080,17,240483310.0,845.1046310340784,2.845921,376284930.0
cdd_26p0,mask_400,pop_SSP1,2080,18,1343678200.0,1135.26312165592,2.845921,1396979000.0
cdd_26p0,mask_400,pop_SSP1,2080,19,0.0,98.42644672383351,2.845921,57179110.0
cdd_26p0,mask_400,pop_SSP1,2080,20,338415140.0,300.5284250690698,2.845921,1038973760.0
cdd_26p0,mask_400,pop_SSP1,2080,21,375184670.0,934.7268215375561,2.845921,407564600.0
cdd_26p0,mask_400,pop_SSP1,2080,22,251876740.0,728.227412070758,2.845921,281531460.0
cdd_26p0,mask_400,pop_SSP1,2080,23,987840.8,159.5717446856396,2.845921,87863890.0
cdd_26p0,mask_400,pop_SSP1,2080,24,2304190.5,81.81345320007777,2.845921,43898824.0
cdd_26p0,mask_400,pop_SSP1,2080,25,578630340.0,1011.0090771828735,2.845921,669882750.0
cdd_26p0,mask_400,pop_SSP1,2080,26,139140420.0,268.9492255818309,2.845921,386785280.0
cdd_26p0,mask_400,pop_SSP1,2090,1,0.0,32.16855611146604,3.137292,43763460.0
cdd_26p0,mask_400,pop_SSP1,2090,2,110423740.0,284.3946459018283,3.137292,392706430.0
cdd_26p0,mask_400,pop_SSP1,2090,3,45789630.0,290.9362981731613,3.137292,126606850.0
cdd_26p0,mask_400,pop_SSP1,2090,4,58631292.0,343.6449655249783,3.137292,92409900.0
cdd_26p0,mask_400,pop_SSP1,2090,5,92754290.0,535.6155562863487,3.137292,175775840.0
cdd_26p0,mask_400,pop_SSP1,2090,6,59670144.0,315.4705858121827,3.137292,212886300.0
cdd_26p0,mask_400,pop_SSP1,2090,7,188718740.0,573.5586641427279,3.137292,276513900.0
cdd_26p0,mask_400,pop_SSP1,2090,8,1126995700.0,1122.277976214431,3.137292,1243985900.0
cdd_26p0,mask_400,pop_SSP1,2090,9,198606130.0,492.9845226954213,3.137292,648780400.0
cdd_26p0,mask_400,pop_SSP1,2090,10,3419244.0,115.32016308165036,3.137292,60033336.0
cdd_26p0,mask_400,pop_SSP1,2090,11,8783292.0,51.687555093193886,3.137292,413250300.0
cdd_26p0,mask_400,pop_SSP1,2090,12,572706.1,69.81613094451822,3.137292,85553730.0
cdd_26p0,mask_400,pop_SSP1,2090,13,24145494.0,217.6331543444502,3.137292,86465120.0
cdd_26p0,mask_400,pop_SSP1,2090,14,0.0,81.35199965134815,3.137292,37064172.0
cdd_26p0,mask_400,pop_SSP1,2090,15,42897124.0,349.54283417612214,3.137292,94346904.0
cdd_26p0,mask_400,pop_SSP1,2090,16,5624749.5,87.77285103151931,3.137292,137513820.0
cdd_26p0,mask_400,pop_SSP1,2090,17,266154100.0,896.6061196497727,3.137292,364307700.0
cdd_26p0,mask_400,pop_SSP1,2090,18,1238763000.0,1208.0340122430482,3.137292,1287154300.0
cdd_26p0,mask_400,pop_SSP1,2090,19,0.0,113.63915929634827,3.137292,51643520.0
cdd_26p0,mask_400,pop_SSP1,2090,20,413847800.0,332.643630719987,3.137292,929867260.0
cdd_26p0,mask_400,pop_SSP1,2090,21,354438720.0,1006.6329410136439,3.137292,381329660.0
cdd_26p0,mask_400,pop_SSP1,2090,22,238178480.0,788.8948960188075,3.137292,263148960.0
cdd_26p0,mask_400,pop_SSP1,2090,23,923368.75,176.80460241710932,3.137292,80022490.0
cdd_26p0,mask_400,pop_SSP1,2090,24,3036414.8,91.77467032209631,3.137292,43116236.0
cdd_26p0,mask_400,pop_SSP1,2090,25,565589200.0,1075.4920260303907,3.137292,648921200.0
cdd_26p0,mask_400,pop_SSP1,2090,26,152403280.0,303.90723956603875,3.137292,387177100.0
cdd_26p0,mask_400,pop_SSP1,2100,1,0.0,44.81186115119275,3.422318,41334500.0
cdd_26p0,mask_400,pop_SSP1,2100,2,122467970.0,311.241218950718,3.422318,382343550.0
cdd_26p0,mask_400,pop_SSP1,2100,3,43590096.0,307.29547842802157,3.422318,118474700.0
cdd_26p0,mask_400,pop_SSP1,2100,4,55267016.0,374.5424660624467,3.422318,85604180.0
cdd_26p0,mask_400,pop_SSP1,2100,5,88560410.0,582.5727953141084,3.422318,159448770.0
cdd_26p0,mask_400,pop_SSP1,2100,6,56922160.0,338.9783691419585,3.422318,196914220.0
cdd_26p0,mask_400,pop_SSP1,2100,7,192913660.0,609.7534922474085,3.422318,266232200.0
cdd_26p0,mask_400,pop_SSP1,2100,8,1123659500.0,1179.458631475979,3.422318,1230346500.0
cdd_26p0,mask_400,pop_SSP1,2100,9,200929470.0,520.835353569579,3.422318,629134000.0
cdd_26p0,mask_400,pop_SSP1,2100,10,4373442.5,128.61394328043923,3.422318,55014532.0
cdd_26p0,mask_400,pop_SSP1,2100,11,8789626.0,60.039271974922016,3.422318,389888200.0
cdd_26p0,mask_400,pop_SSP1,2100,12,672713.75,85.18951506744665,3.422318,80128870.0
cdd_26p0,mask_400,pop_SSP1,2100,13,23750280.0,233.52148007145078,3.422318,81469210.0
cdd_26p0,mask_400,pop_SSP1,2100,14,0.0,102.68876852265737,3.422318,34660790.0
cdd_26p0,mask_400,pop_SSP1,2100,15,47247736.0,381.35462928367514,3.422318,90474380.0
cdd_26p0,mask_400,pop_SSP1,2100,16,5833414.0,104.1822878897098,3.422318,131682300.0
cdd_26p0,mask_400,pop_SSP1,2100,17,258032540.0,939.8582010432023,3.422318,347380600.0
cdd_26p0,mask_400,pop_SSP1,2100,18,1126299100.0,1277.133950168439,3.422318,1164688100.0
cdd_26p0,mask_400,pop_SSP1,2100,19,0.0,130.20167367877724,3.422318,45889290.0
cdd_26p0,mask_400,pop_SSP1,2100,20,453950050.0,369.6311856365731,3.422318,831249700.0
cdd_26p0,mask_400,pop_SSP1,2100,21,328603870.0,1073.8388973004317,3.422318,351520450.0
cdd_26p0,mask_400,pop_SSP1,2100,22,223659970.0,840.2514716193392,3.422318,242425780.0
cdd_26p0,mask_400,pop_SSP1,2100,23,831635.56,194.46960693096057,3.422318,71976080.0
cdd_26p0,mask_400,pop_SSP1,2100,24,3318105.2,100.45895549572397,3.422318,41043690.0
cdd_26p0,mask_400,pop_SSP1,2100,25,540800260.0,1138.8412837990859,3.422318,618490500.0
cdd_26p0,mask_400,pop_SSP1,2100,26,161238560.0,331.7152299837363,3.422318,378042140.0
cdd_26p0,mask_400,pop_SSP2,2040,1,0.0,6.308290592628771,1.693643,41235690.0
cdd_26p0,mask_400,pop_SSP2,2040,2,60054010.0,158.24885977037928,1.693643,367379520.0
cdd_26p0,mask_400,pop_SSP2,2040,3,40152636.0,169.25689135865161,1.693643,142523300.0
cdd_26p0,mask_400,pop_SSP2,2040,4,35528760.0,159.13383621868445,1.693643,108550970.0
cdd_26p0,mask_400,pop_SSP2,2040,5,55942984.0,273.13319112885324,1.693643,227847470.0
cdd_26p0,mask_400,pop_SSP2,2040,6,46011360.0,170.5981097878132,1.693643,248099980.0
cdd_26p0,mask_400,pop_SSP2,2040,7,101239590.0,351.3436934638442,1.693643,267329170.0
cdd_26p0,mask_400,pop_SSP2,2040,8,689451650.0,701.1669518559968,1.693643,912532350.0
cdd_26p0,mask_400,pop_SSP2,2040,9,137278290.0,329.0183543222841,1.693643,536728770.0
cdd_26p0,mask_400,pop_SSP2,2040,10,189035.62,42.07476079959395,1.693643,67723840.0
cdd_26p0,mask_400,pop_SSP2,2040,11,0.0,18.113717563180266,1.693643,429634530.0
cdd_26p0,mask_400,pop_SSP2,2040,12,482974.1,19.09524662862341,1.693643,111103150.0
cdd_26p0,mask_400,pop_SSP2,2040,13,9551362.0,106.26565153574064,1.693643,95478960.0
cdd_26p0,mask_400,pop_SSP2,2040,14,0.0,21.654879193858136,1.693643,48097216.0
cdd_26p0,mask_400,pop_SSP2,2040,15,13432128.0,193.77533147915238,1.693643,95847944.0
cdd_26p0,mask_400,pop_SSP2,2040,16,543298.06,33.96638507492709,1.693643,156275730.0
cdd_26p0,mask_400,pop_SSP2,2040,17,178295680.0,629.197833960315,1.693643,352059260.0
cdd_26p0,mask_400,pop_SSP2,2040,18,1463563800.0,848.0169558652285,1.693643,1604890600.0
cdd_26p0,mask_400,pop_SSP2,2040,19,0.0,47.681649496226996,1.693643,76008750.0
cdd_26p0,mask_400,pop_SSP2,2040,20,156755460.0,192.25461861374367,1.693643,1410251500.0
cdd_26p0,mask_400,pop_SSP2,2040,21,382319740.0,642.3921844355518,1.693643,456747040.0
cdd_26p0,mask_400,pop_SSP2,2040,22,215135620.0,466.3216955503318,1.693643,318782430.0
cdd_26p0,mask_400,pop_SSP2,2040,23,0.0,95.818376282328,1.693643,112398424.0
cdd_26p0,mask_400,pop_SSP2,2040,24,1055092.8,46.8845090346051,1.693643,39078732.0
cdd_26p0,mask_400,pop_SSP2,2040,25,518767970.0,760.8287503616264,1.693643,630920060.0
cdd_26p0,mask_400,pop_SSP2,2040,26,55136590.0,137.12300766274234,1.693643,297976000.0
cdd_26p0,mask_400,pop_SSP2,2050,1,0.0,9.013259708293118,1.980731,42558132.0
cdd_26p0,mask_400,pop_SSP2,2050,2,75162620.0,179.0020632238629,1.980731,380150100.0
cdd_26p0,mask_400,pop_SSP2,2050,3,42843640.0,188.89201458444032,1.980731,147781920.0
cdd_26p0,mask_400,pop_SSP2,2050,4,44910390.0,188.12307976113172,1.980731,112591950.0
cdd_26p0,mask_400,pop_SSP2,2050,5,70161340.0,318.11127594671854,1.980731,228028000.0
cdd_26p0,mask_400,pop_SSP2,2050,6,52083136.0,195.9422767162702,1.980731,255523500.0
cdd_26p0,mask_400,pop_SSP2,2050,7,123238420.0,390.6370608390218,1.980731,292867360.0
cdd_26p0,mask_400,pop_SSP2,2050,8,893540540.0,773.1675013316251,1.980731,1111875200.0
cdd_26p0,mask_400,pop_SSP2,2050,9,166269920.0,357.7003795450093,1.980731,628347100.0
cdd_26p0,mask_400,pop_SSP2,2050,10,475816.06,52.31144761079668,1.980731,69606420.0
cdd_26p0,mask_400,pop_SSP2,2050,11,0.0,22.671464300861505,1.980731,433655460.0
cdd_26p0,mask_400,pop_SSP2,2050,12,461154.97,24.64202877886465,1.980731,106137620.0
cdd_26p0,mask_400,pop_SSP2,2050,13,12247581.0,123.31232550379241,1.980731,97837060.0
cdd_26p0,mask_400,pop_SSP2,2050,14,0.0,27.88543659003541,1.980731,46139016.0
cdd_26p0,mask_400,pop_SSP2,2050,15,19406412.0,219.80823357584043,1.980731,104102540.0
cdd_26p0,mask_400,pop_SSP2,2050,16,787866.25,41.102804331292916,1.980731,154594640.0
cdd_26p0,mask_400,pop_SSP2,2050,17,204674020.0,678.0301468190621,1.980731,384014180.0
cdd_26p0,mask_400,pop_SSP2,2050,18,1527631700.0,909.2553665279003,1.980731,1644272400.0
cdd_26p0,mask_400,pop_SSP2,2050,19,0.0,58.11084174122365,1.980731,72344100.0
cdd_26p0,mask_400,pop_SSP2,2050,20,211110900.0,216.386830376362,1.980731,1339330600.0
cdd_26p0,mask_400,pop_SSP2,2050,21,404444740.0,708.8224495278071,1.980731,469752540.0
cdd_26p0,mask_400,pop_SSP2,2050,22,236534880.0,524.8298256050491,1.980731,326289730.0
cdd_26p0,mask_400,pop_SSP2,2050,23,88641.516,109.40582409689833,1.980731,105730216.0
cdd_26p0,mask_400,pop_SSP2,2050,24,1284052.4,53.401097872038505,1.980731,41301784.0
cdd_26p0,mask_400,pop_SSP2,2050,25,592468350.0,816.6479363621228,1.980731,694634560.0
cdd_26p0,mask_400,pop_SSP2,2050,26,79277230.0,161.7218601311705,1.980731,355352580.0
cdd_26p0,mask_400,pop_SSP2,2060,1,0.0,12.631934400310017,2.268381,43672144.0
cdd_26p0,mask_400,pop_SSP2,2060,2,84701176.0,204.66974747575946,2.268381,390528700.0
cdd_26p0,mask_400,pop_SSP2,2060,3,45906436.0,214.00002442228515,2.268381,150414260.0
cdd_26p0,mask_400,pop_SSP2,2060,4,56778776.0,225.49808388354174,2.268381,114195710.0
cdd_26p0,mask_400,pop_SSP2,2060,5,78876320.0,371.5749855380278,2.268381,223749180.0
cdd_26p0,mask_400,pop_SSP2,2060,6,57852184.0,225.17033432935094,2.268381,258169620.0
cdd_26p0,mask_400,pop_SSP2,2060,7,159636340.0,436.50445336644344,2.268381,311802100.0
cdd_26p0,mask_400,pop_SSP2,2060,8,1104993800.0,861.8597900265482,2.268381,1305529200.0
cdd_26p0,mask_400,pop_SSP2,2060,9,191927800.0,391.7458839303302,2.268381,709911600.0
cdd_26p0,mask_400,pop_SSP2,2060,10,941680.9,64.93266071378825,2.268381,69768220.0
cdd_26p0,mask_400,pop_SSP2,2060,11,108493.51,28.692681915170816,2.268381,434905060.0
cdd_26p0,mask_400,pop_SSP2,2060,12,663383.25,33.1205379750863,2.268381,101370700.0
cdd_26p0,mask_400,pop_SSP2,2060,13,15420245.0,145.46928426422448,2.268381,97814136.0
cdd_26p0,mask_400,pop_SSP2,2060,14,0.0,38.158706548070775,2.268381,43993936.0
cdd_26p0,mask_400,pop_SSP2,2060,15,25974296.0,252.01788928554421,2.268381,109548380.0
cdd_26p0,mask_400,pop_SSP2,2060,16,1481728.6,51.63840186812805,2.268381,152312130.0
cdd_26p0,mask_400,pop_SSP2,2060,17,230026610.0,732.6013355958274,2.268381,406616400.0
cdd_26p0,mask_400,pop_SSP2,2060,18,1562907400.0,984.7741733937696,2.268381,1648807700.0
cdd_26p0,mask_400,pop_SSP2,2060,19,0.0,71.35312814206735,2.268381,67111020.0
cdd_26p0,mask_400,pop_SSP2,2060,20,261851970.0,245.05521788220634,2.268381,1234886400.0
cdd_26p0,mask_400,pop_SSP2,2060,21,421193570.0,784.3979334564735,2.268381,473015070.0
cdd_26p0,mask_400,pop_SSP2,2060,22,258621620.0,592.4706897105491,2.268381,327306980.0
cdd_26p0,mask_400,pop_SSP2,2060,23,83415.75,126.24080583809274,2.268381,99497010.0
cdd_26p0,mask_400,pop_SSP2,2060,24,1701565.0,61.89635773699566,2.268381,43214544.0
cdd_26p0,mask_400,pop_SSP2,2060,25,641991200.0,881.8895888761422,2.268381,746201660.0
cdd_26p0,mask_400,pop_SSP2,2060,26,107149800.0,194.0700740206863,2.268381,407346560.0
cdd_26p0,mask_400,pop_SSP2,2070,1,0.0,16.745061712754335,2.554702,44633880.0
cdd_26p0,mask_400,pop_SSP2,2070,2,97705280.0,230.66964968938686,2.554702,400180160.0
cdd_26p0,mask_400,pop_SSP2,2070,3,48851684.0,239.84089981767207,2.554702,150940340.0
cdd_26p0,mask_400,pop_SSP2,2070,4,61783764.0,264.02207354285116,2.554702,114043016.0
cdd_26p0,mask_400,pop_SSP2,2070,5,88128140.0,425.8429655925154,2.554702,215887780.0
cdd_26p0,mask_400,pop_SSP2,2070,6,63245320.0,254.992970742494,2.554702,256786940.0
cdd_26p0,mask_400,pop_SSP2,2070,7,183421400.0,482.85315148331523,2.554702,323482020.0
cdd_26p0,mask_400,pop_SSP2,2070,8,1292719900.0,951.8182700004267,2.554702,1482260500.0
cdd_26p0,mask_400,pop_SSP2,2070,9,218794190.0,425.9966890528899,2.554702,775675140.0
cdd_26p0,mask_400,pop_SSP2,2070,10,1605170.1,78.94906227531607,2.554702,68638130.0
cdd_26p0,mask_400,pop_SSP2,2070,11,108270.8,35.16111972110812,2.554702,433964700.0
cdd_26p0,mask_400,pop_SSP2,2070,12,629723.4,42.55531990697821,2.554702,96273770.0
cdd_26p0,mask_400,pop_SSP2,2070,13,20993516.0,168.74227760523692,2.554702,95941550.0
cdd_26p0,mask_400,pop_SSP2,2070,14,0.0,49.334406644391656,2.554702,41861824.0
cdd_26p0,mask_400,pop_SSP2,2070,15,35418172.0,284.46499982487455,2.554702,112581130.0
cdd_26p0,mask_400,pop_SSP2,2070,16,4422887.5,62.464429418435344,2.554702,149028450.0
cdd_26p0,mask_400,pop_SSP2,2070,17,257297820.0,787.7597695744297,2.554702,418741570.0
cdd_26p0,mask_400,pop_SSP2,2070,18,1551565000.0,1060.418820618756,2.554702,1622686700.0
cdd_26p0,mask_400,pop_SSP2,2070,19,0.0,84.74579878580872,2.554702,61197800.0
cdd_26p0,mask_400,pop_SSP2,2070,20,294291400.0,273.47518017025305,2.554702,1121519900.0
cdd_26p0,mask_400,pop_SSP2,2070,21,425992130.0,859.806990148222,2.554702,468443650.0
cdd_26p0,mask_400,pop_SSP2,2070,22,279296100.0,660.2101652117522,2.554702,323262140.0
cdd_26p0,mask_400,pop_SSP2,2070,23,1006211.56,143.07989495273264,2.554702,92734200.0
cdd_26p0,mask_400,pop_SSP2,2070,24,1946453.6,70.90213878775747,2.554702,44664010.0
cdd_26p0,mask_400,pop_SSP2,2070,25,673962400.0,947.0181490599338,2.554702,782588300.0
cdd_26p0,mask_400,pop_SSP2,2070,26,143492290.0,228.21766637838735,2.554702,450714980.0
cdd_26p0,mask_400,pop_SSP2,2080,1,0.0,22.850391316383508,2.845921,45265812.0
cdd_26p0,mask_400,pop_SSP2,2080,2,105494770.0,257.55573368406647,2.845921,407399500.0
cdd_26p0,mask_400,pop_SSP2,2080,3,50093044.0,268.1070039623898,2.845921,149714400.0
cdd_26p0,mask_400,pop_SSP2,2080,4,65518744.0,306.33353985631584,2.845921,112397820.0
cdd_26p0,mask_400,pop_SSP2,2080,5,102683950.0,482.98221181121005,2.845921,205340940.0
cdd_26p0,mask_400,pop_SSP2,2080,6,66611240.0,287.28787270003556,2.845921,251980200.0
cdd_26p0,mask_400,pop_SSP2,2080,7,202957390.0,530.9805237191601,2.845921,330356480.0
cdd_26p0,mask_400,pop_SSP2,2080,8,1456610300.0,1045.4394854228588,2.845921,1632995200.0
cdd_26p0,mask_400,pop_SSP2,2080,9,246065060.0,460.7615200498783,2.845921,821835840.0
cdd_26p0,mask_400,pop_SSP2,2080,10,2276006.0,98.73719691014693,2.845921,66502090.0
cdd_26p0,mask_400,pop_SSP2,2080,11,2516821.5,43.338355472066056,2.845921,433175170.0
cdd_26p0,mask_400,pop_SSP2,2080,12,611492.56,55.5395414875706,2.845921,91335220.0
cdd_26p0,mask_400,pop_SSP2,2080,13,25374640.0,196.09806053656598,2.845921,93042460.0
cdd_26p0,mask_400,pop_SSP2,2080,14,0.0,63.55163693376957,2.845921,39881184.0
cdd_26p0,mask_400,pop_SSP2,2080,15,46488496.0,317.24532616469065,2.845921,114282900.0
cdd_26p0,mask_400,pop_SSP2,2080,16,5643312.0,73.8941771886109,2.845921,145581340.0
cdd_26p0,mask_400,pop_SSP2,2080,17,270054600.0,845.7397946591733,2.845921,422534880.0
cdd_26p0,mask_400,pop_SSP2,2080,18,1508556800.0,1135.0438211321016,2.845921,1568660100.0
cdd_26p0,mask_400,pop_SSP2,2080,19,0.0,98.41919354245445,2.845921,55754692.0
cdd_26p0,mask_400,pop_SSP2,2080,20,330533150.0,300.50028375960363,2.845921,1014721300.0
cdd_26p0,mask_400,pop_SSP2,2080,21,421576700.0,934.5184181800938,2.845921,457892400.0
cdd_26p0,mask_400,pop_SSP2,2080,22,282129180.0,728.1034246463279,2.845921,315345660.0
cdd_26p0,mask_400,pop_SSP2,2080,23,966254.5,159.56838330846682,2.845921,85943896.0
cdd_26p0,mask_400,pop_SSP2,2080,24,2395198.5,81.82457873777557,2.845921,45632690.0
cdd_26p0,mask_400,pop_SSP2,2080,25,693149060.0,1011.2055688190582,2.845921,802491800.0
cdd_26p0,mask_400,pop_SSP2,2080,26,173848450.0,268.97207324283954,2.845921,483205730.0
cdd_26p0,mask_400,pop_SSP2,2090,1,0.0,32.170983728437044,3.137292,45264700.0
cdd_26p0,mask_400,pop_SSP2,2090,2,115453350.0,284.7143243542182,3.137292,409720960.0
cdd_26p0,mask_400,pop_SSP2,2090,3,53243810.0,290.944928994259,3.137292,147301260.0
cdd_26p0,mask_400,pop_SSP2,2090,4,69504590.0,343.6020574213199,3.137292,109547370.0
cdd_26p0,mask_400,pop_SSP2,2090,5,102190280.0,535.8386709198197,3.137292,193650340.0
cdd_26p0,mask_400,pop_SSP2,2090,6,68525150.0,315.703881378986,3.137292,244516750.0
cdd_26p0,mask_400,pop_SSP2,2090,7,227751180.0,573.885646465123,3.137292,333708300.0
cdd_26p0,mask_400,pop_SSP2,2090,8,1584798000.0,1122.520803051338,3.137292,1748499300.0
cdd_26p0,mask_400,pop_SSP2,2090,9,260296030.0,492.5671609851637,3.137292,850514400.0
cdd_26p0,mask_400,pop_SSP2,2090,10,3682032.8,115.62009533918511,3.137292,63799784.0
cdd_26p0,mask_400,pop_SSP2,2090,11,9151963.0,51.68753902223209,3.137292,430576960.0
cdd_26p0,mask_400,pop_SSP2,2090,12,583443.9,69.8141411242099,3.137292,87182820.0
cdd_26p0,mask_400,pop_SSP2,2090,13,25129142.0,218.23696657906916,3.137292,89494320.0
cdd_26p0,mask_400,pop_SSP2,2090,14,0.0,81.35123318067374,3.137292,38088804.0
cdd_26p0,mask_400,pop_SSP2,2090,15,52250316.0,349.9235861057202,3.137292,114867560.0
cdd_26p0,mask_400,pop_SSP2,2090,16,5861780.0,87.84756134857565,3.137292,142233840.0
cdd_26p0,mask_400,pop_SSP2,2090,17,307816580.0,897.2554662522302,3.137292,421313020.0
cdd_26p0,mask_400,pop_SSP2,2090,18,1441457700.0,1207.8111579485178,3.137292,1498046700.0
cdd_26p0,mask_400,pop_SSP2,2090,19,0.0,113.63080549444554,3.137292,50695056.0
cdd_26p0,mask_400,pop_SSP2,2090,20,406745400.0,332.6153741651865,3.137292,913915000.0
cdd_26p0,mask_400,pop_SSP2,2090,21,411654980.0,1006.4090795648975,3.137292,442814980.0
cdd_26p0,mask_400,pop_SSP2,2090,22,275213250.0,788.758473756594,3.137292,304066370.0
cdd_26p0,mask_400,pop_SSP2,2090,23,925663.75,176.8010453025451,3.137292,80221390.0
cdd_26p0,mask_400,pop_SSP2,2090,24,3237456.8,91.78705373992058,3.137292,45970976.0
cdd_26p0,mask_400,pop_SSP2,2090,25,704936450.0,1075.6737741144445,3.137292,808838660.0
cdd_26p0,mask_400,pop_SSP2,2090,26,197852060.0,303.931721186157,3.137292,502567100.0
cdd_26p0,mask_400,pop_SSP2,2100,1,0.0,44.81493152011414,3.422318,44719280.0
cdd_26p0,mask_400,pop_SSP2,2100,2,131108990.0,311.5652607156184,3.422318,408499700.0
cdd_26p0,mask_400,pop_SSP2,2100,3,53013500.0,307.31009502428066,3.422318,144189000.0
cdd_26p0,mask_400,pop_SSP2,2100,4,68461590.0,374.49844079521444,3.422318,106041360.0
cdd_26p0,mask_400,pop_SSP2,2100,5,101217590.0,582.8095814797215,3.422318,182229540.0
cdd_26p0,mask_400,pop_SSP2,2100,6,68101610.0,339.2242096384013,3.422318,235626800.0
cdd_26p0,mask_400,pop_SSP2,2100,7,241315520.0,610.0957154024991,3.422318,333032160.0
cdd_26p0,mask_400,pop_SSP2,2100,8,1665908400.0,1179.7118749944536,3.422318,1823155500.0
cdd_26p0,mask_400,pop_SSP2,2100,9,275925250.0,520.4115731137564,3.422318,864178800.0
cdd_26p0,mask_400,pop_SSP2,2100,10,4964707.0,128.93454207965488,3.422318,60728110.0
cdd_26p0,mask_400,pop_SSP2,2100,11,9582942.0,60.03899213099199,3.422318,425041180.0
cdd_26p0,mask_400,pop_SSP2,2100,12,702321.0,85.18707178657381,3.422318,83693990.0
cdd_26p0,mask_400,pop_SSP2,2100,13,25122478.0,234.15083193378146,3.422318,85637630.0
cdd_26p0,mask_400,pop_SSP2,2100,14,0.0,102.68791281848145,3.422318,36338800.0
cdd_26p0,mask_400,pop_SSP2,2100,15,59821292.0,381.7593972154076,3.422318,114497230.0
cdd_26p0,mask_400,pop_SSP2,2100,16,6184450.5,104.26107414608018,3.422318,138470290.0
cdd_26p0,mask_400,pop_SSP2,2100,17,309294900.0,940.519308924645,3.422318,416395870.0
cdd_26p0,mask_400,pop_SSP2,2100,18,1374550700.0,1276.9117213689722,3.422318,1421647000.0
cdd_26p0,mask_400,pop_SSP2,2100,19,0.0,130.19203489599286,3.422318,45837730.0
cdd_26p0,mask_400,pop_SSP2,2100,20,450695800.0,369.60358587062757,3.422318,825335200.0
cdd_26p0,mask_400,pop_SSP2,2100,21,397800900.0,1073.5946824058656,3.422318,425465700.0
cdd_26p0,mask_400,pop_SSP2,2100,22,267927400.0,840.1074254598448,3.422318,290407300.0
cdd_26p0,mask_400,pop_SSP2,2100,23,864990.75,194.4659731571755,3.422318,74862880.0
cdd_26p0,mask_400,pop_SSP2,2100,24,3699903.0,100.47244223193753,3.422318,45766380.0
cdd_26p0,mask_400,pop_SSP2,2100,25,705248060.0,1139.009572340481,3.422318,806595840.0
cdd_26p0,mask_400,pop_SSP2,2100,26,218196600.0,331.74504373086967,3.422318,511516400.0
cdd_26p0,mask_400,pop_SSP3,2040,1,0.0,6.315618121110216,1.693643,40483924.0
cdd_26p0,mask_400,pop_SSP3,2040,2,59781004.0,158.66317010706922,1.693643,365363970.0
cdd_26p0,mask_400,pop_SSP3,2040,3,41444724.0,169.2161097598955,1.693643,147148340.0
cdd_26p0,mask_400,pop_SSP3,2040,4,36900410.0,159.06752234522529,1.693643,112742000.0
cdd_26p0,mask_400,pop_SSP3,2040,5,56933040.0,273.3289784448457,1.693643,231874340.0
cdd_26p0,mask_400,pop_SSP3,2040,6,47272760.0,170.77346340384474,1.693643,254898480.0
cdd_26p0,mask_400,pop_SSP3,2040,7,104756800.0,351.6278111621689,1.693643,276619230.0
cdd_26p0,mask_400,pop_SSP3,2040,8,725723800.0,701.2260996694168,1.693643,960487400.0
cdd_26p0,mask_400,pop_SSP3,2040,9,143916940.0,328.7683306432817,1.693643,562667500.0
cdd_26p0,mask_400,pop_SSP3,2040,10,192997.36,42.218555261776665,1.693643,67615390.0
cdd_26p0,mask_400,pop_SSP3,2040,11,0.0,18.113503148922124,1.693643,425228200.0
cdd_26p0,mask_400,pop_SSP3,2040,12,487311.97,19.100543752895668,1.693643,112074770.0
cdd_26p0,mask_400,pop_SSP3,2040,13,9774649.0,106.58536600548784,1.693643,97681940.0
cdd_26p0,mask_400,pop_SSP3,2040,14,0.0,21.65220329779482,1.693643,47893124.0
cdd_26p0,mask_400,pop_SSP3,2040,15,13982892.0,194.03999310878837,1.693643,99756710.0
cdd_26p0,mask_400,pop_SSP3,2040,16,543885.1,34.03066943210989,1.693643,155668030.0
cdd_26p0,mask_400,pop_SSP3,2040,17,182745310.0,629.8977288719042,1.693643,360844930.0
cdd_26p0,mask_400,pop_SSP3,2040,18,1501747700.0,847.7793987879365,1.693643,1646870800.0
cdd_26p0,mask_400,pop_SSP3,2040,19,0.0,47.67692803029914,1.693643,76252620.0
cdd_26p0,mask_400,pop_SSP3,2040,20,158281150.0,192.3487011594338,1.693643,1423951500.0
cdd_26p0,mask_400,pop_SSP3,2040,21,391454720.0,642.14359591701,1.693643,467650600.0
cdd_26p0,mask_400,pop_SSP3,2040,22,219770980.0,466.24182254132586,1.693643,325650850.0
cdd_26p0,mask_400,pop_SSP3,2040,23,0.0,95.81971920003843,1.693643,111718130.0
cdd_26p0,mask_400,pop_SSP3,2040,24,1049992.8,46.88906147339214,1.693643,38889836.0
cdd_26p0,mask_400,pop_SSP3,2040,25,541828300.0,761.083809148004,1.693643,658968450.0
cdd_26p0,mask_400,pop_SSP3,2040,26,57312268.0,137.14207978889485,1.693643,309730000.0
cdd_26p0,mask_400,pop_SSP3,2050,1,0.0,9.023329724012806,1.980731,41216212.0
cdd_26p0,mask_400,pop_SSP3,2050,2,74838900.0,179.44075761447976,1.980731,377658750.0
cdd_26p0,mask_400,pop_SSP3,2050,3,45380050.0,188.8575632325263,1.980731,156598080.0
cdd_26p0,mask_400,pop_SSP3,2050,4,48050812.0,188.05378981698198,1.980731,120465210.0
cdd_26p0,mask_400,pop_SSP3,2050,5,72409920.0,318.3344875479142,1.980731,235328510.0
cdd_26p0,mask_400,pop_SSP3,2050,6,54719480.0,196.1471488728195,1.980731,268450700.0
cdd_26p0,mask_400,pop_SSP3,2050,7,131475304.0,390.9431312432781,1.980731,312446270.0
cdd_26p0,mask_400,pop_SSP3,2050,8,982707600.0,773.2235688473388,1.980731,1222742300.0
cdd_26p0,mask_400,pop_SSP3,2050,9,181843230.0,357.4477944344005,1.980731,687176300.0
cdd_26p0,mask_400,pop_SSP3,2050,10,487449.84,52.48081936218423,1.980731,69993380.0
cdd_26p0,mask_400,pop_SSP3,2050,11,0.0,22.671264679357495,1.980731,426360400.0
cdd_26p0,mask_400,pop_SSP3,2050,12,468994.06,24.64687224994522,1.980731,107896490.0
cdd_26p0,mask_400,pop_SSP3,2050,13,12772749.0,123.6639000250052,1.980731,101955340.0
cdd_26p0,mask_400,pop_SSP3,2050,14,0.0,27.882355299838103,1.980731,45861864.0
cdd_26p0,mask_400,pop_SSP3,2050,15,20911708.0,220.10576516405328,1.980731,112153120.0
cdd_26p0,mask_400,pop_SSP3,2050,16,790573.4,41.175519619518624,1.980731,154105740.0
cdd_26p0,mask_400,pop_SSP3,2050,17,214567300.0,678.7514908684644,1.980731,402574850.0
cdd_26p0,mask_400,pop_SSP3,2050,18,1602238500.0,909.0076432291575,1.980731,1724801000.0
cdd_26p0,mask_400,pop_SSP3,2050,19,0.0,58.10547565576409,1.980731,72531310.0
cdd_26p0,mask_400,pop_SSP3,2050,20,214606290.0,216.4877935120475,1.980731,1361459700.0
cdd_26p0,mask_400,pop_SSP3,2050,21,422982000.0,708.5611932747119,1.980731,491265600.0
cdd_26p0,mask_400,pop_SSP3,2050,22,246017460.0,524.7357601503858,1.980731,339370240.0
cdd_26p0,mask_400,pop_SSP3,2050,23,87824.09,109.40733152342854,1.980731,104755220.0
cdd_26p0,mask_400,pop_SSP3,2050,24,1276556.9,53.406347812924835,1.980731,41060684.0
cdd_26p0,mask_400,pop_SSP3,2050,25,641645400.0,816.9140499446652,1.980731,752317300.0
cdd_26p0,mask_400,pop_SSP3,2050,26,85750010.0,161.73981643583843,1.980731,384356320.0
cdd_26p0,mask_400,pop_SSP3,2060,1,0.0,12.645639652437271,2.268381,41926972.0
cdd_26p0,mask_400,pop_SSP3,2060,2,84927060.0,205.13557620693462,2.268381,390365020.0
cdd_26p0,mask_400,pop_SSP3,2060,3,50303376.0,213.97646937505672,2.268381,164916400.0
cdd_26p0,mask_400,pop_SSP3,2060,4,62972400.0,225.4315917855608,2.268381,126652400.0
cdd_26p0,mask_400,pop_SSP3,2060,5,82945600.0,371.82632195411713,2.268381,235283580.0
cdd_26p0,mask_400,pop_SSP3,2060,6,62533430.0,225.4085997024488,2.268381,279048260.0
cdd_26p0,mask_400,pop_SSP3,2060,7,176725310.0,436.83526106061237,2.268381,345185540.0
cdd_26p0,mask_400,pop_SSP3,2060,8,1277362600.0,861.9133610305553,2.268381,1509065200.0
cdd_26p0,mask_400,pop_SSP3,2060,9,220625700.0,391.487924295637,2.268381,816020200.0
cdd_26p0,mask_400,pop_SSP3,2060,10,978348.75,65.1293075027708,2.268381,71220456.0
cdd_26p0,mask_400,pop_SSP3,2060,11,106430.15,28.692551355412288,2.268381,426685060.0
cdd_26p0,mask_400,pop_SSP3,2060,12,683278.4,33.12410173414111,2.268381,104345420.0
cdd_26p0,mask_400,pop_SSP3,2060,13,16468606.0,145.8569162813468,2.268381,104349270.0
cdd_26p0,mask_400,pop_SSP3,2060,14,0.0,38.15491657328017,2.268381,43786800.0
cdd_26p0,mask_400,pop_SSP3,2060,15,29141632.0,252.3540876166882,2.268381,122868824.0
cdd_26p0,mask_400,pop_SSP3,2060,16,1506397.2,51.721858316591415,2.268381,152645900.0
cdd_26p0,mask_400,pop_SSP3,2060,17,247910340.0,733.3406149444961,2.268381,438224400.0
cdd_26p0,mask_400,pop_SSP3,2060,18,1688844700.0,984.5160622160222,2.268381,1781953500.0
cdd_26p0,mask_400,pop_SSP3,2060,19,0.0,71.34704116203514,2.268381,67400760.0
cdd_26p0,mask_400,pop_SSP3,2060,20,268979070.0,245.16275719127754,2.268381,1268408000.0
cdd_26p0,mask_400,pop_SSP3,2060,21,452649340.0,784.1172365147784,2.268381,508313340.0
cdd_26p0,mask_400,pop_SSP3,2060,22,275794100.0,592.3574987119803,2.268381,349039870.0
cdd_26p0,mask_400,pop_SSP3,2060,23,82427.98,126.24255430641777,2.268381,98318810.0
cdd_26p0,mask_400,pop_SSP3,2060,24,1698458.5,61.90250856130154,2.268381,43135644.0
cdd_26p0,mask_400,pop_SSP3,2060,25,726984700.0,882.1491363843194,2.268381,845022850.0
cdd_26p0,mask_400,pop_SSP3,2060,26,121533990.0,194.08727281144712,2.268381,461982820.0
cdd_26p0,mask_400,pop_SSP3,2070,1,0.0,16.762595753705234,2.554702,42907930.0
cdd_26p0,mask_400,pop_SSP3,2070,2,99755680.0,231.1625164562939,2.554702,407231700.0
cdd_26p0,mask_400,pop_SSP3,2070,3,55785068.0,239.82869808057666,2.554702,172477180.0
cdd_26p0,mask_400,pop_SSP3,2070,4,71459580.0,263.95878332384933,2.554702,131902680.0
cdd_26p0,mask_400,pop_SSP3,2070,5,95059310.0,426.1221496485614,2.554702,232856380.0
cdd_26p0,mask_400,pop_SSP3,2070,6,70781544.0,255.26452070966883,2.554702,287372580.0
cdd_26p0,mask_400,pop_SSP3,2070,7,211776290.0,483.20830710146333,2.554702,373494530.0
cdd_26p0,mask_400,pop_SSP3,2070,8,1572747000.0,951.8695060961819,2.554702,1803212200.0
cdd_26p0,mask_400,pop_SSP3,2070,9,264944770.0,425.73392115989134,2.554702,939222000.0
cdd_26p0,mask_400,pop_SSP3,2070,10,1699523.9,79.17434861001169,2.554702,71749976.0
cdd_26p0,mask_400,pop_SSP3,2070,11,107345.29,35.161072675560405,2.554702,430315070.0
cdd_26p0,mask_400,pop_SSP3,2070,12,662235.56,42.55733205372097,2.554702,101163260.0
cdd_26p0,mask_400,pop_SSP3,2070,13,23158450.0,169.1664436831533,2.554702,105735150.0
cdd_26p0,mask_400,pop_SSP3,2070,14,0.0,49.32989476854631,2.554702,42083730.0
cdd_26p0,mask_400,pop_SSP3,2070,15,41468424.0,284.8396715092634,2.554702,131761620.0
cdd_26p0,mask_400,pop_SSP3,2070,16,4523543.5,62.5586556164221,2.554702,151516780.0
cdd_26p0,mask_400,pop_SSP3,2070,17,286986940.0,788.5171022740952,2.554702,467048130.0
cdd_26p0,mask_400,pop_SSP3,2070,18,1741524500.0,1060.1505378384704,2.554702,1821655300.0
cdd_26p0,mask_400,pop_SSP3,2070,19,0.0,84.73893138414371,2.554702,62143024.0
cdd_26p0,mask_400,pop_SSP3,2070,20,309079800.0,273.58902458590273,2.554702,1177790500.0
cdd_26p0,mask_400,pop_SSP3,2070,21,473933440.0,859.5071407317411,2.554702,521132830.0
cdd_26p0,mask_400,pop_SSP3,2070,22,307715550.0,660.0774386485177,2.554702,356155140.0
cdd_26p0,mask_400,pop_SSP3,2070,23,999357.3,143.08187832655187,2.554702,92102504.0
cdd_26p0,mask_400,pop_SSP3,2070,24,1967384.8,70.90921388890094,2.554702,45144300.0
cdd_26p0,mask_400,pop_SSP3,2070,25,800851260.0,947.2679361981695,2.554702,929965500.0
cdd_26p0,mask_400,pop_SSP3,2070,26,171049330.0,228.23352341069892,2.554702,537235700.0
cdd_26p0,mask_400,pop_SSP3,2080,1,0.0,22.872452420760563,2.845921,43977050.0
cdd_26p0,mask_400,pop_SSP3,2080,2,110698270.0,258.07539439451915,2.845921,425981920.0
cdd_26p0,mask_400,pop_SSP3,2080,3,59974700.0,268.1071332091057,2.845921,179385540.0
cdd_26p0,mask_400,pop_SSP3,2080,4,79404910.0,306.2735231175146,2.845921,136219100.0
cdd_26p0,mask_400,pop_SSP3,2080,5,114591840.0,483.2888867283297,2.845921,229142990.0
cdd_26p0,mask_400,pop_SSP3,2080,6,77680270.0,287.59229854954106,2.845921,293904060.0
cdd_26p0,mask_400,pop_SSP3,2080,7,245877810.0,531.3584153286939,2.845921,400224580.0
cdd_26p0,mask_400,pop_SSP3,2080,8,1861644500.0,1045.4888114289538,2.845921,2086932400.0
cdd_26p0,mask_400,pop_SSP3,2080,9,313445380.0,460.4970576595546,2.845921,1046764160.0
cdd_26p0,mask_400,pop_SSP3,2080,10,2508530.8,98.99752473824225,2.845921,71751544.0
cdd_26p0,mask_400,pop_SSP3,2080,11,2550947.5,43.33844029120275,2.845921,439119700.0
cdd_26p0,mask_400,pop_SSP3,2080,12,665782.5,55.539033009468945,2.845921,99345624.0
cdd_26p0,mask_400,pop_SSP3,2080,13,29172334.0,196.5608828191198,2.845921,106874620.0
cdd_26p0,mask_400,pop_SSP3,2080,14,0.0,63.54641288915998,2.845921,41169890.0
cdd_26p0,mask_400,pop_SSP3,2080,15,57040816.0,317.6573015637323,2.845921,140167870.0
cdd_26p0,mask_400,pop_SSP3,2080,16,5959214.5,73.99898826439991,2.845921,152507900.0
cdd_26p0,mask_400,pop_SSP3,2080,17,314458940.0,846.5174492105555,2.845921,491970240.0
cdd_26p0,mask_400,pop_SSP3,2080,18,1771094500.0,1134.7659795725099,2.845921,1841970200.0
cdd_26p0,mask_400,pop_SSP3,2080,19,0.0,98.41128475096629,2.845921,57913860.0
cdd_26p0,mask_400,pop_SSP3,2080,20,358261760.0,300.619602443726,2.845921,1099774300.0
cdd_26p0,mask_400,pop_SSP3,2080,21,489817500.0,934.2020199784512,2.845921,531978050.0
cdd_26p0,mask_400,pop_SSP3,2080,22,323419230.0,727.9501917070969,2.845921,361496830.0
cdd_26p0,mask_400,pop_SSP3,2080,23,979933.5,159.57056051974405,2.845921,87160590.0
cdd_26p0,mask_400,pop_SSP3,2080,24,2469263.5,81.83265042364997,2.845921,47043750.0
cdd_26p0,mask_400,pop_SSP3,2080,25,865633150.0,1011.4369712535351,2.845921,1002221500.0
cdd_26p0,mask_400,pop_SSP3,2080,26,217551140.0,268.98392341596406,2.845921,604655900.0
cdd_26p0,mask_400,pop_SSP3,2090,1,0.0,32.19883482694417,3.137292,44979364.0
cdd_26p0,mask_400,pop_SSP3,2090,2,125791740.0,285.25197162825475,3.137292,444843650.0
cdd_26p0,mask_400,pop_SSP3,2090,3,67309784.0,290.9557962952076,3.137292,186358780.0
cdd_26p0,mask_400,pop_SSP3,2090,4,88897010.0,343.543042480189,3.137292,140112080.0
cdd_26p0,mask_400,pop_SSP3,2090,5,119316510.0,536.1696557055843,3.137292,226093950.0
cdd_26p0,mask_400,pop_SSP3,2090,6,84016376.0,316.03426816358075,3.137292,299846850.0
cdd_26p0,mask_400,pop_SSP3,2090,7,290869200.0,574.2845425532013,3.137292,426195500.0
cdd_26p0,mask_400,pop_SSP3,2090,8,2125486300.0,1122.5702383716462,3.137292,2344929300.0
cdd_26p0,mask_400,pop_SSP3,2090,9,349997300.0,492.3010141426036,3.137292,1143401300.0
cdd_26p0,mask_400,pop_SSP3,2090,10,4182591.2,115.90854664194862,3.137292,71592950.0
cdd_26p0,mask_400,pop_SSP3,2090,11,9577699.0,51.687802945351514,3.137292,450691100.0
cdd_26p0,mask_400,pop_SSP3,2090,12,665367.75,69.81179574655481,3.137292,99307016.0
cdd_26p0,mask_400,pop_SSP3,2090,13,30392090.0,218.7314999678939,3.137292,108132840.0
cdd_26p0,mask_400,pop_SSP3,2090,14,0.0,81.3450333174391,3.137292,40975320.0
cdd_26p0,mask_400,pop_SSP3,2090,15,67334370.0,350.3688745883867,3.137292,147985220.0
cdd_26p0,mask_400,pop_SSP3,2090,16,6456324.0,87.96075140735793,3.137292,155349680.0
cdd_26p0,mask_400,pop_SSP3,2090,17,377564380.0,898.0508198913374,3.137292,516737860.0
cdd_26p0,mask_400,pop_SSP3,2090,18,1791393000.0,1207.5284889172183,3.137292,1862041900.0
cdd_26p0,mask_400,pop_SSP3,2090,19,0.0,113.62218000596917,3.137292,54595016.0
cdd_26p0,mask_400,pop_SSP3,2090,20,461398270.0,332.73670955097043,3.137292,1036669800.0
cdd_26p0,mask_400,pop_SSP3,2090,21,504459970.0,1006.0702533226181,3.137292,542610940.0
cdd_26p0,mask_400,pop_SSP3,2090,22,331204380.0,788.589852448305,3.137292,365927360.0
cdd_26p0,mask_400,pop_SSP3,2090,23,964376.75,176.80334724530138,3.137292,83576390.0
cdd_26p0,mask_400,pop_SSP3,2090,24,3438857.5,91.79603842596738,3.137292,48830816.0
cdd_26p0,mask_400,pop_SSP3,2090,25,929905100.0,1075.8879143164722,3.137292,1067009540.0
cdd_26p0,mask_400,pop_SSP3,2090,26,259749600.0,303.9430174740738,3.137292,659791700.0
cdd_26p0,mask_400,pop_SSP3,2100,1,0.0,44.84983042100643,3.422318,46129350.0
cdd_26p0,mask_400,pop_SSP3,2100,2,150062530.0,312.1108184838031,3.422318,466091900.0
cdd_26p0,mask_400,pop_SSP3,2100,3,71278900.0,307.32971070694606,3.422318,194026940.0
cdd_26p0,mask_400,pop_SSP3,2100,4,93151840.0,374.4379100319429,3.422318,144284480.0
cdd_26p0,mask_400,pop_SSP3,2100,5,125071880.0,583.1608388019979,3.422318,225164530.0
cdd_26p0,mask_400,pop_SSP3,2100,6,88628640.0,339.5723817263908,3.422318,306703700.0
cdd_26p0,mask_400,pop_SSP3,2100,7,325638900.0,610.5132446277879,3.422318,449408030.0
cdd_26p0,mask_400,pop_SSP3,2100,8,2342394600.0,1179.7636353116898,3.422318,2563487200.0
cdd_26p0,mask_400,pop_SSP3,2100,9,392895140.0,520.143790498989,3.422318,1230168000.0
cdd_26p0,mask_400,pop_SSP3,2100,10,5982209.5,129.2428895202568,3.422318,71287580.0
cdd_26p0,mask_400,pop_SSP3,2100,11,10473314.0,60.03948304317338,3.422318,464625340.0
cdd_26p0,mask_400,pop_SSP3,2100,12,842826.9,85.18368157103538,3.422318,100308620.0
cdd_26p0,mask_400,pop_SSP3,2100,13,32273450.0,234.66873916630757,3.422318,109952550.0
cdd_26p0,mask_400,pop_SSP3,2100,14,0.0,102.68046935089913,3.422318,41067064.0
cdd_26p0,mask_400,pop_SSP3,2100,15,80909360.0,382.2328709213078,3.422318,154809780.0
cdd_26p0,mask_400,pop_SSP3,2100,16,7140938.0,104.3800329542579,3.422318,158531020.0
cdd_26p0,mask_400,pop_SSP3,2100,17,401531140.0,941.329085227714,3.422318,540557630.0
cdd_26p0,mask_400,pop_SSP3,2100,18,1830291000.0,1276.629529654695,3.422318,1893265500.0
cdd_26p0,mask_400,pop_SSP3,2100,19,0.0,130.18306537288896,3.422318,51911252.0
cdd_26p0,mask_400,pop_SSP3,2100,20,541247940.0,369.72309507310587,3.422318,991126700.0
cdd_26p0,mask_400,pop_SSP3,2100,21,518751520.0,1073.2274715645856,3.422318,554794400.0
cdd_26p0,mask_400,pop_SSP3,2100,22,341518140.0,839.9293813535799,3.422318,370172320.0
cdd_26p0,mask_400,pop_SSP3,2100,23,933935.44,194.46832113730278,3.422318,80829896.0
cdd_26p0,mask_400,pop_SSP3,2100,24,4103593.2,100.48222770337905,3.422318,50759870.0
cdd_26p0,mask_400,pop_SSP3,2100,25,987537300.0,1139.2080690395373,3.422318,1129486200.0
cdd_26p0,mask_400,pop_SSP3,2100,26,301329150.0,331.7595912807272,3.422318,706413600.0
cdd_26p0,mask_400,pop_SSP5,2040,1,0.0,6.301328165533321,1.693643,43332450.0
cdd_26p0,mask_400,pop_SSP5,2040,2,62032090.0,157.98943925613096,1.693643,380137380.0
cdd_26p0,mask_400,pop_SSP5,2040,3,38648100.0,169.42337089530372,1.693643,137109700.0
cdd_26p0,mask_400,pop_SSP5,2040,4,33725092.0,159.20333969287222,1.693643,103039730.0
cdd_26p0,mask_400,pop_SSP5,2040,5,55029708.0,272.99742801921263,1.693643,224136160.0
cdd_26p0,mask_400,pop_SSP5,2040,6,44587692.0,170.4461716771832,1.693643,240428000.0
cdd_26p0,mask_400,pop_SSP5,2040,7,97461000.0,351.0861936226287,1.693643,257347000.0
cdd_26p0,mask_400,pop_SSP5,2040,8,638045200.0,701.0003239277675,1.693643,844544500.0
cdd_26p0,mask_400,pop_SSP5,2040,9,127795384.0,329.39337592077743,1.693643,499649440.0
cdd_26p0,mask_400,pop_SSP5,2040,10,182270.16,41.90309693248574,1.693643,67583850.0
cdd_26p0,mask_400,pop_SSP5,2040,11,0.0,18.115375578399338,1.693643,444985760.0
cdd_26p0,mask_400,pop_SSP5,2040,12,482225.44,19.091000703730156,1.693643,110979220.0
cdd_26p0,mask_400,pop_SSP5,2040,13,9431250.0,105.96315726623524,1.693643,94398980.0
cdd_26p0,mask_400,pop_SSP5,2040,14,0.0,21.645790943217115,1.693643,49036920.0
cdd_26p0,mask_400,pop_SSP5,2040,15,12770600.0,193.46860520428913,1.693643,91172590.0
cdd_26p0,mask_400,pop_SSP5,2040,16,552882.3,33.9552479462418,1.693643,160273680.0
cdd_26p0,mask_400,pop_SSP5,2040,17,174728480.0,628.7160324729966,1.693643,345014200.0
cdd_26p0,mask_400,pop_SSP5,2040,18,1424184300.0,848.3512518204709,1.693643,1561527600.0
cdd_26p0,mask_400,pop_SSP5,2040,19,0.0,47.689893098247545,1.693643,76385490.0
cdd_26p0,mask_400,pop_SSP5,2040,20,156889200.0,192.26602534835416,1.693643,1411498900.0
cdd_26p0,mask_400,pop_SSP5,2040,21,372764030.0,642.5665094755102,1.693643,445349380.0
cdd_26p0,mask_400,pop_SSP5,2040,22,210494270.0,466.38693847434746,1.693643,311905200.0
cdd_26p0,mask_400,pop_SSP5,2040,23,0.0,95.82729583210042,1.693643,114660220.0
cdd_26p0,mask_400,pop_SSP5,2040,24,1088875.9,46.89499187383538,1.693643,40330000.0
cdd_26p0,mask_400,pop_SSP5,2040,25,488999500.0,760.5120637384289,1.693643,594712060.0
cdd_26p0,mask_400,pop_SSP5,2040,26,51640850.0,137.09858032613664,1.693643,279094100.0
cdd_26p0,mask_400,pop_SSP5,2050,1,0.0,9.003773461529805,1.980731,46331800.0
cdd_26p0,mask_400,pop_SSP5,2050,2,79285500.0,178.73022497758626,1.980731,402577570.0
cdd_26p0,mask_400,pop_SSP5,2050,3,40140588.0,189.06034662109315,1.980731,138332980.0
cdd_26p0,mask_400,pop_SSP5,2050,4,41193704.0,188.19578380682094,1.980731,103273816.0
cdd_26p0,mask_400,pop_SSP5,2050,5,68268450.0,317.9561054163404,1.980731,221886370.0
cdd_26p0,mask_400,pop_SSP5,2050,6,49341150.0,195.7649127801795,1.980731,242080480.0
cdd_26p0,mask_400,pop_SSP5,2050,7,115126856.0,390.3598218134991,1.980731,273583650.0
cdd_26p0,mask_400,pop_SSP5,2050,8,781455740.0,772.9977537223442,1.980731,972528600.0
cdd_26p0,mask_400,pop_SSP5,2050,9,147587440.0,358.0835527887033,1.980731,557712000.0
cdd_26p0,mask_400,pop_SSP5,2050,10,462847.56,52.109169767035475,1.980731,69496184.0
cdd_26p0,mask_400,pop_SSP5,2050,11,0.0,22.673216059458532,1.980731,461321340.0
cdd_26p0,mask_400,pop_SSP5,2050,12,462462.66,24.63671807466576,1.980731,106517320.0
cdd_26p0,mask_400,pop_SSP5,2050,13,12015002.0,122.98178498427907,1.980731,96206350.0
cdd_26p0,mask_400,pop_SSP5,2050,14,0.0,27.87367233419979,1.980731,47891656.0
cdd_26p0,mask_400,pop_SSP5,2050,15,17724030.0,219.4630177383172,1.980731,95126180.0
cdd_26p0,mask_400,pop_SSP5,2050,16,815585.4,41.090784491047636,1.980731,161663440.0
cdd_26p0,mask_400,pop_SSP5,2050,17,197272450.0,677.5331672144882,1.980731,370126800.0
cdd_26p0,mask_400,pop_SSP5,2050,18,1458379100.0,909.602666634556,1.980731,1569378600.0
cdd_26p0,mask_400,pop_SSP5,2050,19,0.0,58.12099169315267,1.980731,73432060.0
cdd_26p0,mask_400,pop_SSP5,2050,20,212389170.0,216.39877521858193,1.980731,1347515400.0
cdd_26p0,mask_400,pop_SSP5,2050,21,387072060.0,709.0049748841305,1.980731,449605060.0
cdd_26p0,mask_400,pop_SSP5,2050,22,227693180.0,524.9066242448538,1.980731,314093250.0
cdd_26p0,mask_400,pop_SSP5,2050,23,91942.7,109.41584247766235,1.980731,109667816.0
cdd_26p0,mask_400,pop_SSP5,2050,24,1352261.2,53.41318712697003,1.980731,43495732.0
cdd_26p0,mask_400,pop_SSP5,2050,25,533921200.0,816.3189052493863,1.980731,625951600.0
cdd_26p0,mask_400,pop_SSP5,2050,26,70956790.0,161.6976066399282,1.980731,318077120.0
cdd_26p0,mask_400,pop_SSP5,2060,1,0.0,12.619057199112941,2.268381,48951268.0
cdd_26p0,mask_400,pop_SSP5,2060,2,90877280.0,204.3857786450208,2.268381,421112130.0
cdd_26p0,mask_400,pop_SSP5,2060,3,41713770.0,214.16643274200982,2.268381,136508750.0
cdd_26p0,mask_400,pop_SSP5,2060,4,50251210.0,225.5681164184768,2.268381,101067450.0
cdd_26p0,mask_400,pop_SSP5,2060,5,75803050.0,371.3999352718651,2.268381,215042690.0
cdd_26p0,mask_400,pop_SSP5,2060,6,53436590.0,224.9642530283643,2.268381,238479630.0
cdd_26p0,mask_400,pop_SSP5,2060,7,144335570.0,436.20493024320155,2.268381,281909000.0
cdd_26p0,mask_400,pop_SSP5,2060,8,910226100.0,861.6847633503692,2.268381,1075628300.0
cdd_26p0,mask_400,pop_SSP5,2060,9,162025700.0,392.1409858430703,2.268381,599240960.0
cdd_26p0,mask_400,pop_SSP5,2060,10,916980.2,64.69801782513103,2.268381,69534510.0
cdd_26p0,mask_400,pop_SSP5,2060,11,118285.4,28.69410609097322,2.268381,474071840.0
cdd_26p0,mask_400,pop_SSP5,2060,12,668217.56,33.113665713892786,2.268381,102216340.0
cdd_26p0,mask_400,pop_SSP5,2060,13,15040423.0,145.1083885068553,2.268381,95719980.0
cdd_26p0,mask_400,pop_SSP5,2060,14,0.0,38.14251755901405,2.268381,46516504.0
cdd_26p0,mask_400,pop_SSP5,2060,15,22716620.0,251.62734004729992,2.268381,95867900.0
cdd_26p0,mask_400,pop_SSP5,2060,16,1544359.4,51.626171357663765,2.268381,162185360.0
cdd_26p0,mask_400,pop_SSP5,2060,17,217834340.0,732.0921368615699,2.268381,385069500.0
cdd_26p0,mask_400,pop_SSP5,2060,18,1459711700.0,985.134792461828,2.268381,1539514600.0
cdd_26p0,mask_400,pop_SSP5,2060,19,0.0,71.36575566053274,2.268381,68967150.0
cdd_26p0,mask_400,pop_SSP5,2060,20,265323150.0,245.06745889660095,2.268381,1251398500.0
cdd_26p0,mask_400,pop_SSP5,2060,21,394705600.0,784.5939586459953,2.268381,443314000.0
cdd_26p0,mask_400,pop_SSP5,2060,22,244046780.0,592.5630580195577,2.268381,308861500.0
cdd_26p0,mask_400,pop_SSP5,2060,23,88101.09,126.25242404482252,2.268381,105085610.0
cdd_26p0,mask_400,pop_SSP5,2060,24,1819553.1,61.91052178663687,2.268381,46211076.0
cdd_26p0,mask_400,pop_SSP5,2060,25,550244800.0,881.5712812299276,2.268381,639516160.0
cdd_26p0,mask_400,pop_SSP5,2060,26,91447640.0,194.0449310596585,2.268381,347721730.0
cdd_26p0,mask_400,pop_SSP5,2070,1,0.0,16.728704320359835,2.554702,50957204.0
cdd_26p0,mask_400,pop_SSP5,2070,2,105840184.0,230.3736903222642,2.554702,435736060.0
cdd_26p0,mask_400,pop_SSP5,2070,3,42975800.0,240.0050925414776,2.554702,132594584.0
cdd_26p0,mask_400,pop_SSP5,2070,4,52728320.0,264.0890164596855,2.554702,97328590.0
cdd_26p0,mask_400,pop_SSP5,2070,5,83379230.0,425.64821708668154,2.554702,204266880.0
cdd_26p0,mask_400,pop_SSP5,2070,6,56840610.0,254.75828779588434,2.554702,230797540.0
cdd_26p0,mask_400,pop_SSP5,2070,7,160318980.0,482.53169457063854,2.554702,282730140.0
cdd_26p0,mask_400,pop_SSP5,2070,8,1003554900.0,951.6376977357951,2.554702,1151005600.0
cdd_26p0,mask_400,pop_SSP5,2070,9,175888960.0,426.40298151936634,2.554702,623450400.0
cdd_26p0,mask_400,pop_SSP5,2070,10,1560631.0,78.68062629727187,2.554702,67827340.0
cdd_26p0,mask_400,pop_SSP5,2070,11,119957.586,35.16213211442352,2.554702,480712100.0
cdd_26p0,mask_400,pop_SSP5,2070,12,636333.06,42.546671337462676,2.554702,97409496.0
cdd_26p0,mask_400,pop_SSP5,2070,13,20359400.0,168.35082430177386,2.554702,93346936.0
cdd_26p0,mask_400,pop_SSP5,2070,14,0.0,49.31338801572892,2.554702,44880170.0
cdd_26p0,mask_400,pop_SSP5,2070,15,29690226.0,284.02932770377777,2.554702,94441750.0
cdd_26p0,mask_400,pop_SSP5,2070,16,4731728.0,62.45193056273197,2.554702,160806910.0
cdd_26p0,mask_400,pop_SSP5,2070,17,239023980.0,787.2382524452869,2.554702,389016320.0
cdd_26p0,mask_400,pop_SSP5,2070,18,1413768100.0,1060.79210424126,2.554702,1478133200.0
cdd_26p0,mask_400,pop_SSP5,2070,19,0.0,84.7608629547164,2.554702,63368810.0
cdd_26p0,mask_400,pop_SSP5,2070,20,299235550.0,273.4876504399207,2.554702,1140496000.0
cdd_26p0,mask_400,pop_SSP5,2070,21,389540160.0,860.016357077082,2.554702,428410430.0
cdd_26p0,mask_400,pop_SSP5,2070,22,256705860.0,660.3184369544502,2.554702,297115900.0
cdd_26p0,mask_400,pop_SSP5,2070,23,1081911.1,143.09307369760975,2.554702,99710800.0
cdd_26p0,mask_400,pop_SSP5,2070,24,2098448.2,70.9184313950321,2.554702,48151736.0
cdd_26p0,mask_400,pop_SSP5,2070,25,549604350.0,946.7146675144644,2.554702,638131300.0
cdd_26p0,mask_400,pop_SSP5,2070,26,116842490.0,228.19227315761404,2.554702,367066000.0
cdd_26p0,mask_400,pop_SSP5,2080,1,0.0,22.830307779232683,2.845921,52262844.0
cdd_26p0,mask_400,pop_SSP5,2080,2,114878664.0,257.24784457087327,2.845921,446012320.0
cdd_26p0,mask_400,pop_SSP5,2080,3,42712470.0,268.26881123938625,2.845921,127441710.0
cdd_26p0,mask_400,pop_SSP5,2080,4,53969600.0,306.39729572233125,2.845921,92585890.0
cdd_26p0,mask_400,pop_SSP5,2080,5,95374590.0,482.7679478481266,2.845921,190735710.0
cdd_26p0,mask_400,pop_SSP5,2080,6,58222544.0,287.02502352101016,2.845921,220191060.0
cdd_26p0,mask_400,pop_SSP5,2080,7,171159310.0,530.638594421958,2.845921,278589900.0
cdd_26p0,mask_400,pop_SSP5,2080,8,1069105900.0,1045.25268257952,2.845921,1198967000.0
cdd_26p0,mask_400,pop_SSP5,2080,9,189043710.0,461.17509550157934,2.845921,631325600.0
cdd_26p0,mask_400,pop_SSP5,2080,10,2153314.0,98.42811620505978,2.845921,64640944.0
cdd_26p0,mask_400,pop_SSP5,2080,11,2806704.2,43.33870963399369,2.845921,482969020.0
cdd_26p0,mask_400,pop_SSP5,2080,12,616972.75,55.52828255197633,2.845921,92288720.0
cdd_26p0,mask_400,pop_SSP5,2080,13,24402056.0,195.67474544128032,2.845921,89766420.0
cdd_26p0,mask_400,pop_SSP5,2080,14,0.0,63.52441082667402,2.845921,42962130.0
cdd_26p0,mask_400,pop_SSP5,2080,15,37364190.0,316.7658470344743,2.845921,91924680.0
cdd_26p0,mask_400,pop_SSP5,2080,16,6044019.5,73.88094545090814,2.845921,157745150.0
cdd_26p0,mask_400,pop_SSP5,2080,17,245489570.0,845.2041579321143,2.845921,384154720.0
cdd_26p0,mask_400,pop_SSP5,2080,18,1337066800.0,1135.4273436273506,2.845921,1389885600.0
cdd_26p0,mask_400,pop_SSP5,2080,19,0.0,98.4364344738956,2.845921,57924530.0
cdd_26p0,mask_400,pop_SSP5,2080,20,335955900.0,300.51277969908983,2.845921,1031476350.0
cdd_26p0,mask_400,pop_SSP5,2080,21,375152000.0,934.7393167225724,2.845921,407526200.0
cdd_26p0,mask_400,pop_SSP5,2080,22,251670860.0,728.2283906413439,2.845921,281301340.0
cdd_26p0,mask_400,pop_SSP5,2080,23,1043775.06,159.58285838972932,2.845921,92839010.0
cdd_26p0,mask_400,pop_SSP5,2080,24,2586919.5,81.84316594777717,2.845921,49285304.0
cdd_26p0,mask_400,pop_SSP5,2080,25,539575400.0,1010.9279417101053,2.845921,624636300.0
cdd_26p0,mask_400,pop_SSP5,2080,26,135517500.0,268.94948799047216,2.845921,376710100.0
cdd_26p0,mask_400,pop_SSP5,2090,1,0.0,32.14595144449371,3.137292,52095904.0
cdd_26p0,mask_400,pop_SSP5,2090,2,125683030.0,284.3954922740572,3.137292,448334460.0
cdd_26p0,mask_400,pop_SSP5,2090,3,43898400.0,291.10401584021247,3.137292,121236936.0
cdd_26p0,mask_400,pop_SSP5,2090,4,55178404.0,343.66492433689643,3.137292,86967870.0
cdd_26p0,mask_400,pop_SSP5,2090,5,92766060.0,535.6073053537374,3.137292,175802430.0
cdd_26p0,mask_400,pop_SSP5,2090,6,58059376.0,315.41889394941444,3.137292,207117020.0
cdd_26p0,mask_400,pop_SSP5,2090,7,185052670.0,573.5248402255223,3.137292,271138300.0
cdd_26p0,mask_400,pop_SSP5,2090,8,1101875500.0,1122.3266430599779,3.137292,1216166100.0
cdd_26p0,mask_400,pop_SSP5,2090,9,191062500.0,492.9871807417354,3.137292,624225340.0
cdd_26p0,mask_400,pop_SSP5,2090,10,3428708.5,115.27816346409021,3.137292,60318396.0
cdd_26p0,mask_400,pop_SSP5,2090,11,10093211.0,51.686804464002066,3.137292,474767650.0
cdd_26p0,mask_400,pop_SSP5,2090,12,582374.25,69.80016860119855,3.137292,87156970.0
cdd_26p0,mask_400,pop_SSP5,2090,13,23878668.0,217.78749737249987,3.137292,85383620.0
cdd_26p0,mask_400,pop_SSP5,2090,14,0.0,81.31818600692775,3.137292,40788630.0
cdd_26p0,mask_400,pop_SSP5,2090,15,40284844.0,349.40477550924123,3.137292,88606020.0
cdd_26p0,mask_400,pop_SSP5,2090,16,6234920.0,87.83390951888308,3.137292,153171410.0
cdd_26p0,mask_400,pop_SSP5,2090,17,272275700.0,896.7073765673867,3.137292,372719740.0
cdd_26p0,mask_400,pop_SSP5,2090,18,1232239500.0,1208.1984190060884,3.137292,1280144800.0
cdd_26p0,mask_400,pop_SSP5,2090,19,0.0,113.65048955058155,3.137292,52603030.0
cdd_26p0,mask_400,pop_SSP5,2090,20,410649000.0,332.627492331582,3.137292,922740200.0
cdd_26p0,mask_400,pop_SSP5,2090,21,354952960.0,1006.6462574766604,3.137292,381879500.0
cdd_26p0,mask_400,pop_SSP5,2090,22,237988480.0,788.895973189587,3.137292,262939000.0
cdd_26p0,mask_400,pop_SSP5,2090,23,985563.4,176.81637655751646,3.137292,85412500.0
cdd_26p0,mask_400,pop_SSP5,2090,24,3455477.2,91.80774312095211,3.137292,49066810.0
cdd_26p0,mask_400,pop_SSP5,2090,25,524243970.0,1075.421258444266,3.137292,601448960.0
cdd_26p0,mask_400,pop_SSP5,2090,26,148107980.0,303.9080005766468,3.137292,376255400.0
cdd_26p0,mask_400,pop_SSP5,2100,1,0.0,44.78371817703716,3.422318,49873596.0
cdd_26p0,mask_400,pop_SSP5,2100,2,140541310.0,311.23681412121135,3.422318,439881250.0
cdd_26p0,mask_400,pop_SSP5,2100,3,41786444.0,307.46615429033335,3.422318,113432290.0
cdd_26p0,mask_400,pop_SSP5,2100,4,52014324.0,374.5629628756287,3.422318,80566170.0
cdd_26p0,mask_400,pop_SSP5,2100,5,88607520.0,582.5641479132346,3.422318,159537630.0
cdd_26p0,mask_400,pop_SSP5,2100,6,55396500.0,338.9241999070911,3.422318,191616370.0
cdd_26p0,mask_400,pop_SSP5,2100,7,189035780.0,609.7182065518218,3.422318,260877220.0
cdd_26p0,mask_400,pop_SSP5,2100,8,1097840800.0,1179.5092848519198,3.422318,1201983700.0
cdd_26p0,mask_400,pop_SSP5,2100,9,193012600.0,520.8369719373217,3.422318,604439230.0
cdd_26p0,mask_400,pop_SSP5,2100,10,4384715.0,128.5690537291215,3.422318,55405904.0
cdd_26p0,mask_400,pop_SSP5,2100,11,10215164.0,60.036720333260924,3.422318,453007740.0
cdd_26p0,mask_400,pop_SSP5,2100,12,686519.7,85.17033294414752,3.422318,81932770.0
cdd_26p0,mask_400,pop_SSP5,2100,13,23519150.0,233.68206249570815,3.422318,80546520.0
cdd_26p0,mask_400,pop_SSP5,2100,14,0.0,102.64959911235948,3.422318,38433052.0
cdd_26p0,mask_400,pop_SSP5,2100,15,44368016.0,381.2070501502856,3.422318,84967690.0
cdd_26p0,mask_400,pop_SSP5,2100,16,6503314.5,104.24735518368637,3.422318,147491890.0
cdd_26p0,mask_400,pop_SSP5,2100,17,264243330.0,939.9608752456735,3.422318,355755700.0
cdd_26p0,mask_400,pop_SSP5,2100,18,1120199700.0,1277.2954974528327,3.422318,1158173400.0
cdd_26p0,mask_400,pop_SSP5,2100,19,0.0,130.21440004839064,3.422318,47005696.0
cdd_26p0,mask_400,pop_SSP5,2100,20,450365200.0,369.61489156271256,3.422318,824748540.0
cdd_26p0,mask_400,pop_SSP5,2100,21,329682180.0,1073.8529908177413,3.422318,352670080.0
cdd_26p0,mask_400,pop_SSP5,2100,22,223492100.0,840.2526079519604,3.422318,242243790.0
cdd_26p0,mask_400,pop_SSP5,2100,23,894084.5,194.4816579734837,3.422318,77380890.0
cdd_26p0,mask_400,pop_SSP5,2100,24,3821723.0,100.49497543362791,3.422318,47273250.0
cdd_26p0,mask_400,pop_SSP5,2100,25,500131870.0,1138.780790770934,3.422318,571949250.0
cdd_26p0,mask_400,pop_SSP5,2100,26,156583410.0,331.7158817653438,3.422318,367119550.0
